{"type": "FeatureCollection", "features": [{"type": "Feature", "geometry": {"type": "LineString", "coordinates": [[-6.105458136999914, 53.49518463700008], [-6.1127823559999115, 53.48672109600005], [-6.124419725999928, 53.46857330900008], [-6.133371548999946, 53.46108633000006], [-6.14085852799991, 53.471136786000045], [-6.158355272999927, 53.47284577000005], [-6.178618943999936, 53.46865469000005], [-6.1948136059999115, 53.46108633000006], [-6.130604620999918, 53.442613023000035], [-6.125803188999953, 53.43158600500004], [-6.122222459999932, 53.41986725500004], [-6.112904425999943, 53.41266510600008], [-6.1164444649999155, 53.409491278000075], [-6.122954881999931, 53.40216705900008], [-6.126535610999952, 53.39899323100008], [-6.110259568999936, 53.39402903900003], [-6.069081183999913, 53.39252350500004], [-6.050852016999954, 53.38540273600006], [-6.0620011059999115, 53.36737702000005], [-6.0746150379999335, 53.366888739000046], [-6.08820553299995, 53.37396881700005], [-6.102365688999953, 53.37848541900007], [-6.106434699999909, 53.38080475500004], [-6.118885870999918, 53.39057038000004], [-6.122792120999918, 53.39276764500005], [-6.1323136059999115, 53.39158763200004], [-6.149769660999937, 53.38654205900008], [-6.156971808999913, 53.38540273600006], [-6.215321417999917, 53.35805898600006], [-6.218169725999928, 53.34715403900003], [-6.2113337879999335, 53.33869049700007], [-6.187977667999917, 53.323919989000046], [-6.1683650379999335, 53.306341864000046], [-6.155181443999936, 53.29938385600008], [-6.127105272999927, 53.29539622600004], [-6.116607225999928, 53.290269273000035], [-6.109120245999918, 53.289129950000074], [-6.0969945949999556, 53.28554922100005], [-6.0969945949999556, 53.27757396000004], [-6.102162238999938, 53.26935455900008], [-6.105458136999914, 53.26520416900007], [-6.106556769999941, 53.24315013200004], [-6.104888475999928, 53.22943756700005], [-6.099232550999943, 53.21466705900008], [-6.088937954999949, 53.20408763200004], [-6.088693813999953, 53.20380280200004], [-6.076975063999953, 53.19521719000005], [-6.071034308999913, 53.18427155200004], [-6.078114386999914, 53.16620514500005], [-6.06468665299991, 53.154364325000074], [-6.030384894999941, 53.111029364000046], [-6.0320938789999445, 53.10724518400008], [-6.0327042309999115, 53.106634833000044], [-6.033680792999917, 53.106675523000035], [-6.037098761999914, 53.104803778000075], [-6.0324600899999155, 53.08844635600008], [-6.033802863999938, 53.064154364000046], [-6.039418097999942, 53.040350653000075], [-6.047434048999946, 53.02533600500004], [-6.0516251289999445, 53.00926341400003], [-6.038482225999928, 52.993801174000055], [-5.996571417999917, 52.964911200000074], [-5.993519660999937, 52.95742422100005], [-6.006459113999938, 52.954006252000056], [-6.011830206999946, 52.949652411000045], [-6.021839972999942, 52.930894273000035], [-6.026966925999943, 52.926662502000056], [-6.0379532539999445, 52.91966380400004], [-6.071929490999935, 52.87201569200005], [-6.064442511999914, 52.864569403000075], [-6.107289191999939, 52.83978913000004], [-6.119048631999931, 52.83047109600005], [-6.1301163399999155, 52.81598541900007], [-6.153879360999952, 52.76837799700007], [-6.147857225999928, 52.746161200000074], [-6.1510310539999296, 52.74156321800007], [-6.168446417999917, 52.716782945000034], [-6.215321417999917, 52.66596100500004], [-6.220570441999939, 52.64728424700007], [-6.219471808999913, 52.63231028900003], [-6.209095831999946, 52.60390859600005], [-6.206450975999928, 52.58852773600006], [-6.209095831999946, 52.54584381700005], [-6.222238735999952, 52.52838776200008], [-6.282948370999918, 52.46710846600007], [-6.30101477799991, 52.45368073100008], [-6.317738410999937, 52.44794342700004], [-6.3332413399999155, 52.43463776200008], [-6.356190558999913, 52.40900299700007], [-6.36554928299995, 52.39350006700005], [-6.366200324999909, 52.37523021000004], [-6.364369269999941, 52.35781484600005], [-6.366118943999936, 52.34442780200004], [-6.373036261999914, 52.351996161000045], [-6.380970831999946, 52.356756903000075], [-6.390044725999928, 52.35883209800005], [-6.448068813999953, 52.355902411000045], [-6.468861456999946, 52.36001211100006], [-6.462961391999954, 52.37799713700008], [-6.472035285999937, 52.37592194200005], [-6.48070227799991, 52.37299225500004], [-6.488758917999917, 52.369126695000034], [-6.4964900379999335, 52.36432526200008], [-6.4964900379999335, 52.35809967700004], [-6.481434699999909, 52.35464101800005], [-6.467518683999913, 52.346869208000044], [-6.456125454999949, 52.33584219000005], [-6.448638475999928, 52.322699286000045], [-6.454986131999931, 52.31224192900004], [-6.423736131999931, 52.307928778000075], [-6.414540167999917, 52.29975006700005], [-6.409169074999909, 52.28925202000005], [-6.3968806629999335, 52.298081773000035], [-6.372954881999931, 52.322699286000045], [-6.372954881999931, 52.316473700000074], [-6.389759894999941, 52.29559967700004], [-6.3697810539999296, 52.27260976800005], [-6.318348761999914, 52.24079010600008], [-6.347035285999937, 52.197251695000034], [-6.359852667999917, 52.18618398600006], [-6.369862433999913, 52.17999909100007], [-6.377064581999946, 52.17820872600004], [-6.386586066999939, 52.179348049000055], [-6.399484829999949, 52.18549225500004], [-6.3973282539999445, 52.190659898000035], [-6.390004035999937, 52.195298570000034], [-6.380970831999946, 52.20758698100008], [-6.3823136059999115, 52.21198151200008], [-6.3940323559999115, 52.21283600500004], [-6.400054490999935, 52.210923570000034], [-6.408762173999946, 52.203192450000074], [-6.420887824999909, 52.19672272300005], [-6.422678188999953, 52.19476959800005], [-6.425607876999948, 52.193793036000045], [-6.469105597999942, 52.19358958500004], [-6.469105597999942, 52.19977448100008], [-6.448638475999928, 52.19977448100008], [-6.462310350999928, 52.20718008000006], [-6.472564256999931, 52.20697663000004], [-6.489654100999928, 52.19977448100008], [-6.537464972999942, 52.19358958500004], [-6.579741990999935, 52.17820872600004], [-6.5971573559999115, 52.17959219000005], [-6.623117641999954, 52.19672272300005], [-6.641428188999953, 52.202785549000055], [-6.715565558999913, 52.21662018400008], [-6.786284959999932, 52.21002838700008], [-6.805572068999936, 52.21283600500004], [-6.805572068999936, 52.220363674000055], [-6.790435350999928, 52.22443268400008], [-6.775990363999938, 52.23322174700007], [-6.76585852799991, 52.245754299000055], [-6.764027472999942, 52.26129791900007], [-6.775990363999938, 52.250881252000056], [-6.792958136999914, 52.24042389500005], [-6.812652147999927, 52.23529694200005], [-6.83226477799991, 52.24079010600008], [-6.8391007149999155, 52.23456452000005], [-6.838002081999946, 52.226548570000034], [-6.836537238999938, 52.22333405200004], [-6.836415167999917, 52.22020091400003], [-6.8391007149999155, 52.21283600500004], [-6.828277147999927, 52.21759674700007], [-6.824777798999946, 52.220363674000055], [-6.81859290299991, 52.220363674000055], [-6.821848110999952, 52.20571523600006], [-6.824940558999913, 52.19993724200003], [-6.83226477799991, 52.19358958500004], [-6.8254288399999155, 52.19318268400008], [-6.81859290299991, 52.19358958500004], [-6.81859290299991, 52.18618398600006], [-6.821929490999935, 52.18577708500004], [-6.828928188999953, 52.18626536700003], [-6.83226477799991, 52.18618398600006], [-6.824777798999946, 52.179348049000055], [-6.897084113999938, 52.152044989000046], [-6.907215949999909, 52.14557526200008], [-6.918568488999938, 52.13300202000005], [-6.932118292999917, 52.124660549000055], [-6.948963995999918, 52.130926825000074], [-6.93976803299995, 52.14321523600006], [-6.927886522999927, 52.14980703300006], [-6.915191209999932, 52.15485260600008], [-6.903920050999943, 52.16229889500005], [-6.903716600999928, 52.17218659100007], [-6.921009894999941, 52.21283600500004], [-6.926747199999909, 52.21971263200004], [-6.936675584999932, 52.22907135600008], [-6.948312954999949, 52.23725006700005], [-6.958851691999939, 52.24079010600008], [-6.970122850999928, 52.247381903000075], [-6.984730597999942, 52.278631903000075], [-6.9973852199999556, 52.28921133000006], [-6.994496222999942, 52.27753327000005], [-6.991851365999935, 52.266791083000044], [-6.990589972999942, 52.26166413000004], [-6.989898240999935, 52.251654364000046], [-6.986805792999917, 52.24689362200007], [-6.97288977799991, 52.23021067900004], [-6.969471808999913, 52.220363674000055], [-6.982289191999939, 52.19562409100007], [-6.9799698559999115, 52.18593984600005], [-6.955148891999954, 52.18618398600006], [-6.955148891999954, 52.179348049000055], [-6.97101803299995, 52.17129140800006], [-6.999867316999939, 52.14671458500004], [-7.017201300999943, 52.138373114000046], [-7.0394587879999335, 52.135199286000045], [-7.084584113999938, 52.13434479400007], [-7.106027798999946, 52.130926825000074], [-7.100087042999917, 52.14215729400007], [-7.071848110999952, 52.165716864000046], [-7.093902147999927, 52.17177969000005], [-7.106353318999936, 52.17300039300005], [-7.120228644999941, 52.171942450000074], [-7.120228644999941, 52.165716864000046], [-7.1144913399999155, 52.16278717700004], [-7.111683722999942, 52.15973541900007], [-7.109527147999927, 52.156317450000074], [-7.106027798999946, 52.152044989000046], [-7.1164444649999155, 52.15314362200007], [-7.1293025379999335, 52.15778229400007], [-7.137318488999938, 52.15888092700004], [-7.1496475899999155, 52.156317450000074], [-7.156361456999946, 52.150458075000074], [-7.1610001289999445, 52.14362213700008], [-7.1674698559999115, 52.138373114000046], [-7.187367316999939, 52.13275788000004], [-7.205962693999936, 52.13275788000004], [-7.243763800999943, 52.138373114000046], [-7.435454881999931, 52.12567780200004], [-7.5043025379999335, 52.10268789300005], [-7.5414119129999335, 52.09739817900004], [-7.5462133449999556, 52.094916083000044], [-7.549956834999932, 52.08974844000005], [-7.555287238999938, 52.08490631700005], [-7.5652970039999445, 52.08372630400004], [-7.572255011999914, 52.087591864000046], [-7.57648678299995, 52.094631252000056], [-7.5794164699999556, 52.101263739000046], [-7.582630988999938, 52.10423411700003], [-7.599964972999942, 52.10101959800005], [-7.619007941999939, 52.092230536000045], [-7.63109290299991, 52.07904694200005], [-7.6273494129999335, 52.06268952000005], [-7.6175837879999335, 52.07021719000005], [-7.602162238999938, 52.07168203300006], [-7.583892381999931, 52.06858958500004], [-7.554107225999928, 52.060248114000046], [-7.546783006999931, 52.05927155200004], [-7.54515540299991, 52.05499909100007], [-7.55101477799991, 52.04279205900008], [-7.582630988999938, 52.028509833000044], [-7.586415167999917, 51.998114325000074], [-7.589914516999954, 51.99115631700005], [-7.598255988999938, 51.98908112200007], [-7.6082657539999445, 51.987941799000055], [-7.6165258449999556, 51.98383209800005], [-7.6354060539999296, 51.97675202000005], [-7.688465949999909, 51.98037344000005], [-7.70929928299995, 51.973863023000035], [-7.7176407539999445, 51.95990631700005], [-7.717396613999938, 51.94961172100005], [-7.7232966789999296, 51.944566148000035], [-7.8293350899999155, 51.95343659100007], [-7.8324275379999335, 51.95758698100008], [-7.834055141999954, 51.96674225500004], [-7.838490363999938, 51.975897528000075], [-7.84984290299991, 51.980129299000055], [-7.85179602799991, 51.97711823100008], [-7.8530167309999115, 51.97516510600008], [-7.8541560539999296, 51.95136139500005], [-7.8566788399999155, 51.94285716400009], [-7.869862433999913, 51.92951080900008], [-7.8842667309999115, 51.91909414300005], [-7.901193813999953, 51.91266510600008], [-7.922230597999942, 51.911810614000046], [-7.892648891999954, 51.89484284100007], [-7.880604620999918, 51.89199453300006], [-7.8914688789999445, 51.88190338700008], [-7.914173956999946, 51.87579987200007], [-7.9557185539999296, 51.87018463700008], [-8.008168097999942, 51.85578034100007], [-8.023060675999943, 51.84357330900008], [-8.00413977799991, 51.82990143400008], [-8.020578579999949, 51.823919989000046], [-8.096099412999934, 51.814113674000055], [-8.134185350999928, 51.804754950000074], [-8.19717363199993, 51.80093008000006], [-8.224761522999927, 51.80255768400008], [-8.23619544199994, 51.802069403000075], [-8.246205206999946, 51.802720445000034], [-8.250559048999946, 51.806301174000055], [-8.24795488199993, 51.81342194200005], [-8.241200324999909, 51.81854889500005], [-8.232411261999914, 51.82200755400004], [-8.223255988999938, 51.82367584800005], [-8.225493943999936, 51.82729726800005], [-8.230091925999943, 51.83673737200007], [-8.215646938999953, 51.83844635600008], [-8.201649542999917, 51.84198639500005], [-8.188221808999913, 51.84796784100007], [-8.175404425999943, 51.85716380400004], [-8.181630011999914, 51.85932038000004], [-8.186838344999956, 51.861761786000045], [-8.193104620999918, 51.86367422100005], [-8.202788865999935, 51.86399974200003], [-8.195301886999914, 51.877020575000074], [-8.190500454999949, 51.88108958500004], [-8.182240363999938, 51.88450755400004], [-8.187082485999952, 51.89313385600008], [-8.193755662999934, 51.895412502000056], [-8.201527472999942, 51.89215729400007], [-8.210194464999915, 51.88450755400004], [-8.223255988999938, 51.89008209800005], [-8.243560350999928, 51.89288971600007], [-8.284657355999911, 51.89199453300006], [-8.284657355999911, 51.898138739000046], [-8.29320227799991, 51.90330638200004], [-8.310373501999948, 51.900824286000045], [-8.328846808999913, 51.895412502000056], [-8.347401495999918, 51.89199453300006], [-8.388498501999948, 51.893459377000056], [-8.40884355399993, 51.891791083000044], [-8.429351365999935, 51.88450755400004], [-8.396066860999952, 51.87677643400008], [-8.35415605399993, 51.87299225500004], [-8.329253709999932, 51.861314195000034], [-8.347401495999918, 51.82990143400008], [-8.309885219999956, 51.832098700000074], [-8.298329230999911, 51.82990143400008], [-8.298329230999911, 51.82367584800005], [-8.305165167999917, 51.82367584800005], [-8.305165167999917, 51.81622955900008], [-8.296294725999928, 51.81159088700008], [-8.29210364499994, 51.81000397300005], [-8.30650794199994, 51.807847398000035], [-8.313059048999946, 51.80560944200005], [-8.319488084999932, 51.80255768400008], [-8.284657355999911, 51.80255768400008], [-8.301991339999915, 51.78587474200003], [-8.305165167999917, 51.782131252000056], [-8.303781704999949, 51.776597398000035], [-8.299631313999953, 51.77171458500004], [-8.297352667999917, 51.76601797100005], [-8.301747199999909, 51.75820547100005], [-8.334787563999953, 51.735256252000056], [-8.345692511999914, 51.724676825000074], [-8.372547980999911, 51.71552155200004], [-8.41002356699994, 51.70978424700007], [-8.422434048999946, 51.70404694200005], [-8.435536261999914, 51.692694403000075], [-8.441761847999942, 51.70392487200007], [-8.455799933999913, 51.71230703300006], [-8.471913214999915, 51.71625397300005], [-8.483957485999952, 51.71381256700005], [-8.469227667999917, 51.70661041900007], [-8.464182094999956, 51.695013739000046], [-8.46898352799991, 51.68406810100004], [-8.483957485999952, 51.67841217700004], [-8.491118943999936, 51.69867584800005], [-8.512440558999913, 51.70604075700004], [-8.558420376999948, 51.706366278000075], [-8.558420376999948, 51.70014069200005], [-8.548329230999911, 51.69635651200008], [-8.52798417899993, 51.695013739000046], [-8.51748613199993, 51.692694403000075], [-8.508168097999942, 51.699204820000034], [-8.502105272999927, 51.70034414300005], [-8.497547980999911, 51.692694403000075], [-8.499623175999943, 51.68695709800005], [-8.50649980399993, 51.68244049700007], [-8.514881964999915, 51.67951080900008], [-8.521148240999935, 51.67841217700004], [-8.536488410999937, 51.654730536000045], [-8.539173956999946, 51.64838288000004], [-8.53819739499994, 51.63739655200004], [-8.533558722999942, 51.622300523000035], [-8.531727667999917, 51.61078522300005], [-8.544422980999911, 51.61790599200003], [-8.558705206999946, 51.638006903000075], [-8.572661912999934, 51.644964911000045], [-8.589100714999915, 51.64590078300006], [-8.638172980999911, 51.63743724200003], [-8.757639126999948, 51.644964911000045], [-8.74327551999994, 51.635199286000045], [-8.726551886999914, 51.63133372600004], [-8.690012173999946, 51.631293036000045], [-8.690012173999946, 51.62384674700007], [-8.696603969999956, 51.62099844000005], [-8.702951626999948, 51.61701080900008], [-8.682525193999936, 51.61078522300005], [-8.693470831999946, 51.604681708000044], [-8.699777798999946, 51.59723541900007], [-8.700795050999943, 51.58812083500004], [-8.696156378999945, 51.57664622600004], [-8.733998175999943, 51.579779364000046], [-8.742787238999938, 51.57562897300005], [-8.750070766999954, 51.579413153000075], [-8.757069464999915, 51.586004950000074], [-8.765126105999911, 51.590277411000045], [-8.801991339999915, 51.590277411000045], [-8.812570766999954, 51.59194570500006], [-8.82022050699993, 51.594631252000056], [-8.826649542999917, 51.59516022300005], [-8.833363410999937, 51.590277411000045], [-8.853871222999942, 51.59593333500004], [-8.868031378999945, 51.58445872600004], [-8.878529425999943, 51.56720612200007], [-8.888010219999956, 51.555568752000056], [-8.923329230999911, 51.548163153000075], [-8.928944464999915, 51.54596588700008], [-8.933176235999952, 51.53534577000005], [-8.94204667899993, 51.53774648600006], [-8.950550910999937, 51.54507070500006], [-8.953195766999954, 51.54938385600008], [-8.959950324999909, 51.55141836100006], [-8.979888475999928, 51.56069570500006], [-8.991118943999936, 51.56297435100004], [-9.002797003999945, 51.562160549000055], [-9.017689581999946, 51.55683014500005], [-9.072865363999938, 51.54938385600008], [-9.085682745999918, 51.55219147300005], [-9.108143683999913, 51.56085846600007], [-9.120757615999935, 51.56297435100004], [-9.120757615999935, 51.555568752000056], [-9.11632239499994, 51.55410390800006], [-9.10773678299995, 51.54938385600008], [-9.115712042999917, 51.53790924700007], [-9.128163214999915, 51.529282945000034], [-9.143299933999913, 51.523871161000045], [-9.158599412999934, 51.52204010600008], [-9.184559699999909, 51.52619049700007], [-9.192534959999932, 51.524603583000044], [-9.189605272999927, 51.51459381700005], [-9.189605272999927, 51.50836823100008], [-9.203968878999945, 51.50800202000005], [-9.21084550699993, 51.50169505400004], [-9.215728318999936, 51.493475653000075], [-9.223784959999932, 51.48729075700004], [-9.234730597999942, 51.48647695500006], [-9.243763800999943, 51.48932526200008], [-9.25304114499994, 51.49115631700005], [-9.26475989499994, 51.48729075700004], [-9.265370245999918, 51.494126695000034], [-9.26748613199993, 51.49884674700007], [-9.270090298999946, 51.50299713700008], [-9.27212480399993, 51.50836823100008], [-9.29946855399993, 51.49750397300005], [-9.301747199999909, 51.488714911000045], [-9.307443813999953, 51.48729075700004], [-9.315297003999945, 51.487616278000075], [-9.323719855999911, 51.48383209800005], [-9.335316535999937, 51.476996161000045], [-9.349232550999943, 51.47402578300006], [-9.381418423999946, 51.47361888200004], [-9.369943813999953, 51.478583075000074], [-9.360707160999937, 51.48383209800005], [-9.353138800999943, 51.49087148600006], [-9.346669074999909, 51.50092194200005], [-9.361154751999948, 51.494574286000045], [-9.37291419199994, 51.49127838700008], [-9.37686113199993, 51.49461497600004], [-9.367787238999938, 51.50836823100008], [-9.357085740999935, 51.51715729400007], [-9.332386847999942, 51.52765534100007], [-9.319935675999943, 51.53506094000005], [-9.32290605399993, 51.53733958500004], [-9.32412675699993, 51.53803131700005], [-9.325062628999945, 51.539129950000074], [-9.327463344999956, 51.54254791900007], [-9.33580481699994, 51.53725820500006], [-9.367787238999938, 51.525091864000046], [-9.371693488999938, 51.51935455900008], [-9.38109290299991, 51.51239655200004], [-9.401844855999911, 51.50092194200005], [-9.413889126999948, 51.51113515800006], [-9.412587042999917, 51.520697333000044], [-9.405873175999943, 51.53172435100004], [-9.401844855999911, 51.54596588700008], [-9.40884355399993, 51.55219147300005], [-9.425038214999915, 51.55756256700005], [-9.44326738199993, 51.55951569200005], [-9.456532355999911, 51.555568752000056], [-9.447987433999913, 51.54364655200004], [-9.476551886999914, 51.53506094000005], [-9.547474738999938, 51.52529531500005], [-9.551380988999938, 51.52122630400004], [-9.552805141999954, 51.51146067900004], [-9.556304490999935, 51.50812409100007], [-9.573882615999935, 51.508978583000044], [-9.58071855399993, 51.50836823100008], [-9.599964972999942, 51.49689362200007], [-9.611317511999914, 51.493841864000046], [-9.628407355999911, 51.49408600500004], [-9.629628058999913, 51.50405508000006], [-9.641835089999915, 51.51520416900007], [-9.655913865999935, 51.52016836100006], [-9.662668423999946, 51.51146067900004], [-9.717193162999934, 51.48041413000004], [-9.71080481699994, 51.47597890800006], [-9.708078579999949, 51.47455475500004], [-9.703521287999934, 51.47361888200004], [-9.771839972999942, 51.453111070000034], [-9.768950975999928, 51.46430084800005], [-9.777943488999938, 51.462225653000075], [-9.806630011999914, 51.44570547100005], [-9.813384568999936, 51.453111070000034], [-9.82022050699993, 51.44570547100005], [-9.818918423999946, 51.45848216400009], [-9.817005988999938, 51.46312083500004], [-9.813384568999936, 51.46743398600006], [-9.813384568999936, 51.47361888200004], [-9.82217363199993, 51.47540924700007], [-9.826324022999927, 51.477728583000044], [-9.83389238199993, 51.48729075700004], [-9.812001105999911, 51.491522528000075], [-9.793812628999945, 51.499660549000055], [-9.758168097999942, 51.52204010600008], [-9.740061001999948, 51.52977122600004], [-9.70498613199993, 51.53571198100008], [-9.683094855999911, 51.54254791900007], [-9.665394660999937, 51.55158112200007], [-9.621652798999946, 51.58283112200007], [-9.602772589999915, 51.59198639500005], [-9.566761847999942, 51.60228099200003], [-9.545887824999909, 51.61078522300005], [-9.59203040299991, 51.613714911000045], [-9.78502356699994, 51.55247630400004], [-9.84752356699994, 51.54938385600008], [-9.805287238999938, 51.56671784100007], [-9.796050584999932, 51.569240627000056], [-9.786366339999915, 51.573472398000035], [-9.779286261999914, 51.58283112200007], [-9.770334438999953, 51.592230536000045], [-9.731190558999913, 51.600897528000075], [-9.607980923999946, 51.64240143400008], [-9.594553188999953, 51.655503648000035], [-9.561879035999937, 51.65814850500004], [-9.524728969999956, 51.67031484600005], [-9.487904425999943, 51.67572663000004], [-9.458607550999943, 51.68398672100005], [-9.456532355999911, 51.70014069200005], [-9.451771613999938, 51.70498281500005], [-9.447417772999927, 51.71088288000004], [-9.442941860999952, 51.71381256700005], [-9.442941860999952, 51.720038153000075], [-9.45726477799991, 51.724595445000034], [-9.472808397999927, 51.718817450000074], [-9.489816860999952, 51.714544989000046], [-9.51280676999994, 51.725897528000075], [-9.521473761999914, 51.72553131700005], [-9.525461391999954, 51.72687409100007], [-9.526437954999949, 51.73078034100007], [-9.52452551999994, 51.743394273000035], [-9.525461391999954, 51.747300523000035], [-9.531727667999917, 51.75153229400007], [-9.540272589999915, 51.755926825000074], [-9.550119594999956, 51.75950755400004], [-9.560210740999935, 51.76162344000005], [-9.555897589999915, 51.74868398600006], [-9.55728105399993, 51.739447333000044], [-9.556630011999914, 51.730902411000045], [-9.545887824999909, 51.720038153000075], [-9.566070115999935, 51.71670156500005], [-9.579660610999952, 51.710598049000055], [-9.60732988199993, 51.692694403000075], [-9.62682044199994, 51.68504466400009], [-9.648060675999943, 51.68081289300005], [-9.713490363999938, 51.67645905200004], [-9.74795488199993, 51.66742584800005], [-9.87413489499994, 51.65619538000004], [-9.915353969999956, 51.644598700000074], [-9.930083787999934, 51.63743724200003], [-9.93187415299991, 51.63471100500004], [-9.932118292999917, 51.63104889500005], [-9.932932094999956, 51.62726471600007], [-9.936350063999953, 51.62384674700007], [-9.941883917999917, 51.62132396000004], [-10.0, 51.60951266633132]]}, "properties": {}}, {"type": "Feature", "geometry": {"type": "LineString", "coordinates": [[-10.0, 51.680323852029055], [-9.956857876999948, 51.706366278000075], [-9.956857876999948, 51.71381256700005], [-9.997792120999918, 51.71381256700005], [-9.98070227799991, 51.73187897300005], [-9.949370897999927, 51.74701569200005], [-9.914906378999945, 51.75755442900004], [-9.88853919199994, 51.76162344000005], [-9.891672329999949, 51.757025458000044], [-9.897043423999946, 51.74673086100006], [-9.90225175699993, 51.74115631700005], [-9.884510870999918, 51.743394273000035], [-9.867909308999913, 51.74860260600008], [-9.856516079999949, 51.75861237200007], [-9.854400193999936, 51.77529531500005], [-9.841297980999911, 51.76972077000005], [-9.823801235999952, 51.76780833500004], [-9.785511847999942, 51.76850006700005], [-9.785511847999942, 51.77529531500005], [-9.793365037999934, 51.77619049700007], [-9.813384568999936, 51.782131252000056], [-9.813384568999936, 51.788275458000044], [-9.799875454999949, 51.79376862200007], [-9.774322068999936, 51.812201239000046], [-9.754505988999938, 51.81907786700003], [-9.742909308999913, 51.832464911000045], [-9.737660285999937, 51.83673737200007], [-9.729847785999937, 51.83803945500006], [-9.703521287999934, 51.83673737200007], [-9.671050584999932, 51.843003648000035], [-9.612538214999915, 51.86351146000004], [-9.58071855399993, 51.87018463700008], [-9.58071855399993, 51.87767161700003], [-9.653146938999953, 51.87177155200004], [-9.75804602799991, 51.846991278000075], [-9.777170376999948, 51.83974844000005], [-9.785511847999942, 51.833319403000075], [-9.791737433999913, 51.82680898600006], [-9.824696417999917, 51.82684967700004], [-9.84007727799991, 51.82367584800005], [-9.83389238199993, 51.81622955900008], [-9.863840298999946, 51.80426666900007], [-9.87486731699994, 51.80255768400008], [-9.872710740999935, 51.80731842700004], [-9.869943813999953, 51.81867096600007], [-9.868031378999945, 51.82367584800005], [-9.882191535999937, 51.82367584800005], [-9.89049231699994, 51.819566148000035], [-9.896107550999943, 51.814113674000055], [-9.90225175699993, 51.81000397300005], [-9.914214647999927, 51.80731842700004], [-9.938303188999953, 51.80499909100007], [-9.949940558999913, 51.80255768400008], [-9.993641730999911, 51.780951239000046], [-10.0, 51.7792161480153]]}, "properties": {}}, {"type": "Feature", "geometry": {"type": "LineString", "coordinates": [[-10.0, 52.053219043681096], [-9.992665167999917, 52.055894273000035], [-9.971058722999942, 52.089911200000074], [-9.963612433999913, 52.089911200000074], [-9.963734503999945, 52.071966864000046], [-9.954335089999915, 52.064154364000046], [-9.940337693999936, 52.06232330900008], [-9.926380988999938, 52.06268952000005], [-9.92959550699993, 52.071926174000055], [-9.90843665299991, 52.130926825000074], [-9.877512173999946, 52.11953359600005], [-9.846180792999917, 52.11855703300006], [-9.771839972999942, 52.124701239000046], [-9.778920050999943, 52.128566799000055], [-9.787505662999934, 52.13540273600006], [-9.792958136999914, 52.138373114000046], [-9.758168097999942, 52.152044989000046], [-9.956857876999948, 52.14520905200004], [-9.943755662999934, 52.124701239000046], [-9.950062628999945, 52.11322663000004], [-9.954660610999952, 52.10879140800006], [-9.960601365999935, 52.12494538000004], [-9.970326300999943, 52.13165924700007], [-9.98350989499994, 52.13589101800005], [-9.997792120999918, 52.138373114000046], [-10.0, 52.13846510894015]]}, "properties": {}}, {"type": "Feature", "geometry": {"type": "LineString", "coordinates": [[-10.0, 52.250238815052526], [-9.99437415299991, 52.24823639500005], [-9.978138800999943, 52.24640534100007], [-9.94749915299991, 52.237616278000075], [-9.913685675999943, 52.23305898600006], [-9.872222459999932, 52.23265208500004], [-9.85806230399993, 52.23769765800006], [-9.837228969999956, 52.25429922100005], [-9.825591600999928, 52.258246161000045], [-9.813384568999936, 52.255072333000044], [-9.82022050699993, 52.251939195000034], [-9.82648678299995, 52.24823639500005], [-9.810047980999911, 52.24213288000004], [-9.737660285999937, 52.24823639500005], [-9.753407355999911, 52.25828685100004], [-9.767648891999954, 52.260972398000035], [-9.799183722999942, 52.26129791900007], [-9.831776495999918, 52.272650458000044], [-9.84679114499994, 52.27496979400007], [-9.861887173999946, 52.26813385600008], [-9.86937415299991, 52.273138739000046], [-9.87490800699993, 52.27924225500004], [-9.87877356699994, 52.286810614000046], [-9.88109290299991, 52.29604726800005], [-9.868967251999948, 52.288763739000046], [-9.85960852799991, 52.28473541900007], [-9.849232550999943, 52.28473541900007], [-9.83389238199993, 52.28921133000006], [-9.84679114499994, 52.29389069200005], [-9.853342251999948, 52.29539622600004], [-9.861887173999946, 52.29604726800005], [-9.861887173999946, 52.30345286700003], [-9.851918097999942, 52.30365631700005], [-9.82648678299995, 52.30963776200008], [-9.837635870999918, 52.32640208500004], [-9.834462042999917, 52.37523021000004], [-9.850982225999928, 52.38544342700004], [-9.903716600999928, 52.39154694200005], [-9.931752081999946, 52.39984772300005], [-9.949940558999913, 52.412095445000034], [-9.934966600999928, 52.421535549000055], [-9.91588294199994, 52.42560455900008], [-9.848378058999913, 52.42841217700004], [-9.748931443999936, 52.456732489000046], [-9.735585089999915, 52.46360911700003], [-9.72061113199993, 52.47724030200004], [-9.703521287999934, 52.48354726800005], [-9.677398240999935, 52.48314036700003], [-9.651356574999909, 52.478949286000045], [-9.63463294199994, 52.47357819200005], [-9.638783331999946, 52.48712799700007], [-9.650502081999946, 52.493841864000046], [-9.666371222999942, 52.495794989000046], [-9.683094855999911, 52.49461497600004], [-9.677316860999952, 52.499701239000046], [-9.675200975999928, 52.50482819200005], [-9.677113410999937, 52.51007721600007], [-9.683094855999911, 52.51512278900003], [-9.683094855999911, 52.52195872600004], [-9.67491614499994, 52.52802155200004], [-9.673207160999937, 52.53388092700004], [-9.67564856699994, 52.54584381700005], [-9.671945766999954, 52.55292389500005], [-9.64830481699994, 52.570379950000074], [-9.64281165299991, 52.56732819200005], [-9.636463995999918, 52.57013580900008], [-9.628529425999943, 52.57477448100008], [-9.617909308999913, 52.57721588700008], [-9.576975063999953, 52.570379950000074], [-9.497466600999928, 52.570379950000074], [-9.489613410999937, 52.56818268400008], [-9.48033606699994, 52.563788153000075], [-9.470326300999943, 52.561835028000075], [-9.460275844999956, 52.56663646000004], [-9.452951626999948, 52.57318756700005], [-9.446522589999915, 52.576239325000074], [-9.438384568999936, 52.57713450700004], [-9.362538214999915, 52.575425523000035], [-9.358713344999956, 52.57534414300005], [-9.350412563999953, 52.57379791900007], [-9.33584550699993, 52.57802969000005], [-9.27212480399993, 52.57721588700008], [-9.236480272999927, 52.58161041900007], [-9.220285610999952, 52.585598049000055], [-9.206695115999935, 52.59430573100008], [-9.192372199999909, 52.600490627000056], [-9.07062740799995, 52.62417226800005], [-9.052398240999935, 52.63182200700004], [-9.044178839999915, 52.62083567900004], [-9.025949673999946, 52.618353583000044], [-9.005604620999918, 52.62083567900004], [-8.991118943999936, 52.624986070000034], [-8.985259568999936, 52.63068268400008], [-8.978993292999917, 52.639878648000035], [-8.97101803299995, 52.648504950000074], [-8.959950324999909, 52.65228913000004], [-8.784982876999948, 52.66596100500004], [-8.751169399999924, 52.67295970300006], [-8.769357876999948, 52.673163153000075], [-8.834462042999917, 52.689154364000046], [-8.86750240799995, 52.69330475500004], [-8.932687954999949, 52.68707916900007], [-8.949696417999917, 52.68891022300005], [-8.96084550699993, 52.69367096600007], [-8.962066209999932, 52.70001862200007], [-8.949370897999927, 52.70693594000005], [-8.949370897999927, 52.713771877000056], [-8.953521287999934, 52.72239817900004], [-8.952056443999936, 52.73432038000004], [-8.954497850999928, 52.74469635600008], [-8.969878709999932, 52.748480536000045], [-8.961415167999917, 52.75653717700004], [-8.95030676999994, 52.769517320000034], [-8.942616339999915, 52.77521393400008], [-8.968902147999927, 52.770819403000075], [-9.00023352799991, 52.76044342700004], [-9.023589647999927, 52.74713776200008], [-9.025786912999934, 52.73427969000005], [-9.058216925999943, 52.69676341400003], [-9.14679928299995, 52.62376536700003], [-9.165760870999918, 52.61758047100005], [-9.254790818999936, 52.611395575000074], [-9.259917772999927, 52.608587958000044], [-9.275786912999934, 52.59520091400003], [-9.28579667899993, 52.59080638200004], [-9.298085089999915, 52.58974844000005], [-9.310699022999927, 52.59064362200007], [-9.322743292999917, 52.593451239000046], [-9.333078579999949, 52.597723700000074], [-9.317128058999913, 52.60643138200004], [-9.29523678299995, 52.615301825000074], [-9.278675910999937, 52.62571849200003], [-9.278960740999935, 52.63930898600006], [-9.310617641999954, 52.62726471600007], [-9.383656378999945, 52.61310455900008], [-9.434478318999936, 52.61200592700004], [-9.45616614499994, 52.614447333000044], [-9.475453253999945, 52.619574286000045], [-9.483794725999928, 52.62840403900003], [-9.490712042999917, 52.634100653000075], [-9.524891730999911, 52.63703034100007], [-9.538441535999937, 52.64545319200005], [-9.533273891999954, 52.66095612200007], [-9.544178839999915, 52.66665273600006], [-9.58071855399993, 52.66596100500004], [-9.58071855399993, 52.65912506700005], [-9.571359829999949, 52.657131252000056], [-9.563384568999936, 52.65306224200003], [-9.556996222999942, 52.64704010600008], [-9.552805141999954, 52.63930898600006], [-9.628407355999911, 52.61758047100005], [-9.672718878999945, 52.61163971600007], [-9.694406704999949, 52.60561758000006], [-9.703521287999934, 52.59430573100008], [-9.706857876999948, 52.58022695500006], [-9.714507615999935, 52.57859935100004], [-9.723622199999909, 52.58226146000004], [-9.730824347999942, 52.584051825000074], [-9.757476365999935, 52.571966864000046], [-9.936350063999953, 52.556708075000074], [-9.936350063999953, 52.562933661000045], [-9.91820227799991, 52.56810130400004], [-9.87564042899993, 52.586818752000056], [-9.82408606699994, 52.59516022300005], [-9.621652798999946, 52.713771877000056], [-9.624256964999915, 52.71747467700004], [-9.628407355999911, 52.727443752000056], [-9.617543097999942, 52.73061758000006], [-9.603179490999935, 52.73773834800005], [-9.59365800699993, 52.74103424700007], [-9.58071855399993, 52.743353583000044], [-9.549387173999946, 52.74103424700007], [-9.53819739499994, 52.742254950000074], [-9.519520636999914, 52.747300523000035], [-9.508371548999946, 52.748480536000045], [-9.498646613999938, 52.75250885600008], [-9.494618292999917, 52.76203034100007], [-9.49132239499994, 52.77334219000005], [-9.483794725999928, 52.78266022300005], [-9.489165818999936, 52.786810614000046], [-9.489328579999949, 52.78733958500004], [-9.486683722999942, 52.788763739000046], [-9.483794725999928, 52.79572174700007], [-9.491281704999949, 52.803168036000045], [-9.480620897999927, 52.80683014500005], [-9.469797329999949, 52.81317780200004], [-9.459462042999917, 52.82135651200008], [-9.450347459999932, 52.83047109600005], [-9.444488084999932, 52.83934153900003], [-9.441395636999914, 52.84715403900003], [-9.437489386999914, 52.85346100500004], [-9.429188605999911, 52.85773346600007], [-9.429188605999911, 52.864569403000075], [-9.427479620999918, 52.87775299700007], [-9.365305141999954, 52.914129950000074], [-9.354074673999946, 52.93349844000005], [-9.372873501999948, 52.937160549000055], [-9.45140540299991, 52.93463776200008], [-9.47765051999994, 52.940334377000056], [-9.44945227799991, 52.95750560100004], [-9.437570766999954, 52.96674225500004], [-9.407948370999918, 52.99701569200005], [-9.398548956999946, 53.00409577000005], [-9.387603318999936, 53.00861237200007], [-9.395090298999946, 53.01544830900008], [-9.341623501999948, 53.07697174700007], [-9.319935675999943, 53.091131903000075], [-9.303334113999938, 53.10789622600004], [-9.289662238999938, 53.12921784100007], [-9.272206183999913, 53.14667389500005], [-9.25108801999994, 53.15192291900007], [-9.227447068999936, 53.14354075700004], [-9.180531378999945, 53.11676666900007], [-9.158599412999934, 53.111029364000046], [-9.139556443999936, 53.11542389500005], [-9.118967251999948, 53.12335846600007], [-9.096669074999909, 53.127020575000074], [-9.072865363999938, 53.118475653000075], [-9.070057745999918, 53.134466864000046], [-9.084339972999942, 53.143459377000056], [-9.128163214999915, 53.15192291900007], [-9.128163214999915, 53.159409898000035], [-9.069569464999915, 53.16620514500005], [-9.053944464999915, 53.16242096600007], [-9.023426886999914, 53.14716217700004], [-9.004058397999927, 53.145738023000035], [-9.004058397999927, 53.15192291900007], [-9.045643683999913, 53.16620514500005], [-9.045643683999913, 53.17373281500005], [-9.02257239499994, 53.16742584800005], [-9.00963294199994, 53.166083075000074], [-8.998117641999954, 53.173895575000074], [-8.986683722999942, 53.176988023000035], [-8.978871222999942, 53.175767320000034], [-8.984201626999948, 53.16620514500005], [-8.974232550999943, 53.15794505400004], [-8.963490363999938, 53.15180084800005], [-8.95107988199993, 53.147772528000075], [-8.936390753999945, 53.145738023000035], [-8.94522050699993, 53.16616445500006], [-8.950103318999936, 53.17373281500005], [-8.956857876999948, 53.17987702000005], [-8.94399980399993, 53.195013739000046], [-8.928212042999917, 53.20587799700007], [-8.89484615799995, 53.22089264500005], [-8.90538489499994, 53.220689195000034], [-8.92414303299995, 53.21588776200008], [-8.932687954999949, 53.21466705900008], [-9.03148352799991, 53.21662018400008], [-9.045643683999913, 53.22089264500005], [-9.028065558999913, 53.22752513200004], [-8.98265540299991, 53.234442450000074], [-8.96312415299991, 53.23517487200007], [-8.96312415299991, 53.24192942900004], [-8.991118943999936, 53.24192942900004], [-8.991118943999936, 53.24819570500006], [-8.981760219999956, 53.253241278000075], [-8.955881313999953, 53.257879950000074], [-8.942616339999915, 53.261786200000074], [-8.942616339999915, 53.26862213700008], [-9.022084113999938, 53.275458075000074], [-9.042225714999915, 53.27334219000005], [-9.077056443999936, 53.26398346600007], [-9.401437954999949, 53.24799225500004], [-9.432932094999956, 53.23859284100007], [-9.447865363999938, 53.23187897300005], [-9.470082160999937, 53.22825755400004], [-9.511708136999914, 53.22833893400008], [-9.532948370999918, 53.234442450000074], [-9.544422980999911, 53.24355703300006], [-9.553130662999934, 53.25336334800005], [-9.566395636999914, 53.261786200000074], [-9.547271287999934, 53.27912018400008], [-9.55455481699994, 53.290716864000046], [-9.571359829999949, 53.29047272300005], [-9.58071855399993, 53.27204010600008], [-9.585194464999915, 53.250433661000045], [-9.596831834999932, 53.23769765800006], [-9.612294074999909, 53.23615143400008], [-9.628407355999911, 53.24819570500006], [-9.628407355999911, 53.25560130400004], [-9.609120245999918, 53.27631256700005], [-9.617298956999946, 53.321478583000044], [-9.597401495999918, 53.330064195000034], [-9.594105597999942, 53.32916901200008], [-9.58421790299991, 53.32489655200004], [-9.576975063999953, 53.323919989000046], [-9.572987433999913, 53.32607656500005], [-9.566517706999946, 53.33539459800005], [-9.563384568999936, 53.337591864000046], [-9.56078040299991, 53.34121328300006], [-9.601144985999952, 53.364894924000055], [-9.590199347999942, 53.372381903000075], [-9.552805141999954, 53.38540273600006], [-9.588856574999909, 53.386419989000046], [-9.60655676999994, 53.38471100500004], [-9.621652798999946, 53.37848541900007], [-9.60850989499994, 53.36660390800006], [-9.606597459999932, 53.34935130400004], [-9.61546790299991, 53.33466217700004], [-9.63463294199994, 53.330064195000034], [-9.652495897999927, 53.34125397300005], [-9.647938605999911, 53.35993073100008], [-9.637766079999949, 53.37750885600008], [-9.638417120999918, 53.38540273600006], [-9.644154425999943, 53.38739655200004], [-9.64834550699993, 53.391058661000045], [-9.65265865799995, 53.39280833500004], [-9.65884355399993, 53.38906484600005], [-9.67251542899993, 53.37848541900007], [-9.684722459999932, 53.37523021000004], [-9.692779100999928, 53.367621161000045], [-9.703521287999934, 53.35179271000004], [-9.727528449999909, 53.32607656500005], [-9.743072068999936, 53.31439850500004], [-9.790394660999937, 53.30158112200007], [-9.806711391999954, 53.30158112200007], [-9.82335364499994, 53.31329987200007], [-9.842925584999932, 53.32330963700008], [-9.88658606699994, 53.31720612200007], [-9.90225175699993, 53.323919989000046], [-9.897857225999928, 53.32786692900004], [-9.89281165299991, 53.34056224200003], [-9.890736456999946, 53.35187409100007], [-9.887196417999917, 53.35919830900008], [-9.880279100999928, 53.36310455900008], [-9.871490037999934, 53.364569403000075], [-9.85806230399993, 53.364894924000055], [-9.841297980999911, 53.36790599200003], [-9.800526495999918, 53.384426174000055], [-9.785511847999942, 53.39276764500005], [-9.785511847999942, 53.39899323100008], [-9.82022050699993, 53.39899323100008], [-9.82022050699993, 53.40643952000005], [-9.799183722999942, 53.41266510600008], [-9.799183722999942, 53.41950104400007], [-9.814076300999943, 53.41950104400007], [-9.825184699999909, 53.41669342700004], [-9.84752356699994, 53.40643952000005], [-9.846913214999915, 53.39935944200005], [-9.860178188999953, 53.394232489000046], [-9.875396287999934, 53.39520905200004], [-9.88109290299991, 53.40643952000005], [-9.875721808999913, 53.41543203300006], [-9.856068488999938, 53.42377350500004], [-9.84752356699994, 53.43374258000006], [-9.860340949999909, 53.432521877000056], [-9.868072068999936, 53.42747630400004], [-9.87490800699993, 53.42206452000005], [-9.884755011999914, 53.41950104400007], [-9.893950975999928, 53.421576239000046], [-9.902333136999914, 53.42523834800005], [-9.911447719999956, 53.42597077000005], [-9.922678188999953, 53.41950104400007], [-9.92564856699994, 53.40973541900007], [-9.922759568999936, 53.398423570000034], [-9.922352667999917, 53.38922760600008], [-9.933216925999943, 53.38540273600006], [-9.944488084999932, 53.38426341400003], [-9.961415167999917, 53.37958405200004], [-10.0, 53.37922788426321]]}, "properties": {}}, {"type": "Feature", "geometry": {"type": "LineString", "coordinates": [[-10.0, 53.54503858888427], [-9.995716925999943, 53.546210028000075], [-9.981678839999915, 53.55878327000005], [-9.971058722999942, 53.56289297100005], [-10.0, 53.57443076428163]]}, "properties": {}}, {"type": "Feature", "geometry": {"type": "LineString", "coordinates": [[-10.0, 53.60392225251511], [-9.930734829999949, 53.59979889500005], [-9.90225175699993, 53.60443756700005], [-9.867909308999913, 53.61737702000005], [-9.854400193999936, 53.61810944200005], [-9.843902147999927, 53.61546458500004], [-9.822865363999938, 53.60643138200004], [-9.775054490999935, 53.60130442900004], [-9.696766730999911, 53.59821198100008], [-9.696766730999911, 53.60443756700005], [-9.714100714999915, 53.60984935100004], [-9.783762173999946, 53.60626862200007], [-9.82725989499994, 53.61619700700004], [-9.90843665299991, 53.64606354400007], [-9.922678188999953, 53.690741278000075], [-9.916737433999913, 53.712103583000044], [-9.905669725999928, 53.728501695000034], [-9.89952551999994, 53.743841864000046], [-9.90843665299991, 53.76211172100005], [-9.898915167999917, 53.766058661000045], [-9.860991990999935, 53.77016836100006], [-9.83389238199993, 53.77635325700004], [-9.810210740999935, 53.77806224200003], [-9.79946855399993, 53.78025950700004], [-9.789214647999927, 53.78660716400003], [-9.78343665299991, 53.787095445000034], [-9.763172980999911, 53.77924225500004], [-9.752023891999954, 53.77635325700004], [-9.566395636999914, 53.79629140800006], [-9.566395636999914, 53.80365631700005], [-9.581532355999911, 53.80532461100006], [-9.621652798999946, 53.81732819200005], [-9.616281704999949, 53.81940338700008], [-9.612131313999953, 53.821600653000075], [-9.607533331999946, 53.82339101800005], [-9.601144985999952, 53.82416413000004], [-9.601144985999952, 53.83100006700005], [-9.605458136999914, 53.839178778000075], [-9.59483801999994, 53.84821198100008], [-9.560210740999935, 53.86513906500005], [-9.568348761999914, 53.86554596600007], [-9.586903449999909, 53.871975002000056], [-9.578928188999953, 53.87612539300005], [-9.572824673999946, 53.88222890800006], [-9.56859290299991, 53.89008209800005], [-9.566395636999914, 53.899318752000056], [-9.573109503999945, 53.898504950000074], [-9.577381964999915, 53.89752838700008], [-9.581450975999928, 53.895738023000035], [-9.586903449999909, 53.89248281500005], [-9.61546790299991, 53.89883047100005], [-9.758168097999942, 53.899318752000056], [-9.856597459999932, 53.86627838700008], [-9.910755988999938, 53.858710028000075], [-9.943755662999934, 53.87938060100004], [-9.931385870999918, 53.88515859600005], [-9.925160285999937, 53.91303131700005], [-9.90843665299991, 53.920355536000045], [-9.911284959999932, 53.92959219000005], [-9.911610480999911, 53.93398672100005], [-9.90843665299991, 53.94086334800005], [-9.90843665299991, 53.94708893400008], [-9.91588294199994, 53.94708893400008], [-9.91588294199994, 53.95384349200003], [-9.868031378999945, 53.961371161000045], [-9.85924231699994, 53.958685614000046], [-9.837066209999932, 53.94916413000004], [-9.82335364499994, 53.94708893400008], [-9.81163489499994, 53.94171784100007], [-9.807606574999909, 53.91828034100007], [-9.796050584999932, 53.91290924700007], [-9.787505662999934, 53.916083075000074], [-9.787831183999913, 53.924261786000045], [-9.789540167999917, 53.935248114000046], [-9.785511847999942, 53.94708893400008], [-9.794911261999914, 53.95307038000004], [-9.803089972999942, 53.96051666900007], [-9.812652147999927, 53.96629466400003], [-9.82648678299995, 53.96759674700007], [-9.82648678299995, 53.961371161000045], [-9.82022050699993, 53.95384349200003], [-9.831695115999935, 53.956284898000035], [-9.83853105399993, 53.96356842700004], [-9.850209113999938, 53.98847077000005], [-9.84951738199993, 53.99331289300005], [-9.849598761999914, 53.99750397300005], [-9.854400193999936, 54.00234609600005], [-9.860829230999911, 54.003119208000044], [-9.877674933999913, 54.00189850500004], [-9.88109290299991, 54.00535716400003], [-9.884388800999943, 54.01166413000004], [-9.891672329999949, 54.01707591400003], [-9.898915167999917, 54.02533600500004], [-9.90225175699993, 54.04018789300005], [-9.897694464999915, 54.055121161000045], [-9.886708136999914, 54.05971914300005], [-9.873443162999934, 54.062201239000046], [-9.861887173999946, 54.07123444200005], [-9.875884568999936, 54.07485586100006], [-9.87608801999994, 54.08063385600008], [-9.867339647999927, 54.08673737200007], [-9.854400193999936, 54.091050523000035], [-9.861887173999946, 54.09788646000004], [-9.83389238199993, 54.11212799700007], [-9.843495245999918, 54.11701080900008], [-9.855091925999943, 54.11737702000005], [-9.88109290299991, 54.11212799700007], [-9.878570115999935, 54.103949286000045], [-9.879709438999953, 54.10024648600006], [-9.88499915299991, 54.098944403000075], [-9.895375128999945, 54.09788646000004], [-9.895375128999945, 54.091050523000035], [-9.88853919199994, 54.091050523000035], [-9.917388475999928, 54.06972890800006], [-9.94554602799991, 54.06622955900008], [-9.970692511999914, 54.078558661000045], [-9.990956183999913, 54.104681708000044], [-9.971547003999945, 54.10423411700003], [-9.926380988999938, 54.11212799700007], [-9.90843665299991, 54.118353583000044], [-9.938872850999928, 54.13165924700007], [-9.95107988199993, 54.14126211100006], [-9.956857876999948, 54.15314362200007], [-9.950347459999932, 54.15070221600007], [-9.93663489499994, 54.14789459800005], [-9.930083787999934, 54.145697333000044], [-9.942738410999937, 54.157456773000035], [-9.977284308999913, 54.18048737200007], [-9.963775193999936, 54.17495351800005], [-9.952015753999945, 54.17462799700007], [-9.942534959999932, 54.178900458000044], [-9.936350063999953, 54.18732330900008], [-9.98818925699993, 54.21312083500004], [-10.0, 54.2158301097417]]}, "properties": {}}, {"type": "Feature", "geometry": {"type": "LineString", "coordinates": [[-10.0, 54.3038499133473], [-9.997792120999918, 54.303941148000035], [-9.991932745999918, 54.30068594000005], [-9.989735480999911, 54.29474518400008], [-9.988352016999954, 54.288316148000035], [-9.984730597999942, 54.28351471600007], [-9.97179114499994, 54.27724844000005], [-9.954497850999928, 54.27195872600004], [-9.936838344999956, 54.270697333000044], [-9.922678188999953, 54.276597398000035], [-9.915353969999956, 54.268744208000044], [-9.907215949999909, 54.26447174700007], [-9.89830481699994, 54.26447174700007], [-9.88853919199994, 54.269191799000055], [-9.886870897999927, 54.266058661000045], [-9.88703365799995, 54.26447174700007], [-9.885975714999915, 54.263739325000074], [-9.88109290299991, 54.263006903000075], [-9.903309699999909, 54.237941799000055], [-9.927154100999928, 54.22675202000005], [-9.952015753999945, 54.228501695000034], [-9.977284308999913, 54.24249909100007], [-9.983631964999915, 54.22296784100007], [-9.968129035999937, 54.21702708500004], [-9.94444739499994, 54.216050523000035], [-9.926380988999938, 54.21112702000005], [-9.909901495999918, 54.204413153000075], [-9.896107550999943, 54.21161530200004], [-9.882883266999954, 54.22288646000004], [-9.868031378999945, 54.228216864000046], [-9.881662563999953, 54.24038320500006], [-9.875152147999927, 54.25649648600006], [-9.858998175999943, 54.27057526200008], [-9.843861456999946, 54.276597398000035], [-9.82213294199994, 54.27293528900003], [-9.787098761999914, 54.25775788000004], [-9.765004035999937, 54.255560614000046], [-9.770863410999937, 54.26414622600004], [-9.778675910999937, 54.269598700000074], [-9.799183722999942, 54.276597398000035], [-9.799183722999942, 54.28351471600007], [-9.789418097999942, 54.28583405200004], [-9.780018683999913, 54.28628164300005], [-9.758168097999942, 54.28351471600007], [-9.776844855999911, 54.28998444200005], [-9.82921301999994, 54.296861070000034], [-9.84007727799991, 54.307074286000045], [-9.84601803299995, 54.32143789300005], [-9.84398352799991, 54.32876211100006], [-9.785511847999942, 54.33808014500005], [-9.76431230399993, 54.33490631700005], [-9.726307745999918, 54.32078685100004], [-9.70693925699993, 54.317613023000035], [-9.53538977799991, 54.310207424000055], [-9.524281378999945, 54.31134674700007], [-9.505523240999935, 54.316392320000034], [-9.49437415299991, 54.317613023000035], [-9.485707160999937, 54.31586334800005], [-9.471913214999915, 54.307074286000045], [-9.46397864499994, 54.303941148000035], [-9.384510870999918, 54.29718659100007], [-9.374826626999948, 54.29873281500005], [-9.362619594999956, 54.302720445000034], [-9.351144985999952, 54.30817291900007], [-9.34361731699994, 54.31391022300005], [-9.33421790299991, 54.31830475500004], [-9.322010870999918, 54.31708405200004], [-9.27725175699993, 54.30459219000005], [-9.268422003999945, 54.303941148000035], [-9.260975714999915, 54.299709377000056], [-9.252837693999936, 54.280951239000046], [-9.247670050999943, 54.276597398000035], [-9.229888475999928, 54.27846914300005], [-9.219634568999936, 54.280585028000075], [-9.217600063999953, 54.28351471600007], [-9.211008266999954, 54.27562083500004], [-9.209462042999917, 54.267564195000034], [-9.211984829999949, 54.26044342700004], [-9.217600063999953, 54.255560614000046], [-9.217600063999953, 54.24872467700004], [-9.195871548999946, 54.24249909100007], [-9.195871548999946, 54.23505280200004], [-9.21507727799991, 54.22711823100008], [-9.210357225999928, 54.21784088700008], [-9.16197669199994, 54.19204336100006], [-9.149322068999936, 54.18060944200005], [-9.141224738999938, 54.165350653000075], [-9.141224738999938, 54.145697333000044], [-9.13499915299991, 54.145697333000044], [-9.134185350999928, 54.163763739000046], [-9.130360480999911, 54.17910390800006], [-9.128895636999914, 54.193060614000046], [-9.13499915299991, 54.20774974200003], [-9.112538214999915, 54.213324286000045], [-9.090199347999942, 54.226629950000074], [-9.072987433999913, 54.24677155200004], [-9.066070115999935, 54.27289459800005], [-9.051258917999917, 54.289496161000045], [-9.01748613199993, 54.291896877000056], [-8.956857876999948, 54.28351471600007], [-8.94985917899993, 54.284857489000046], [-8.944406704999949, 54.28823476800005], [-8.939035610999952, 54.28998444200005], [-8.927561001999948, 54.28412506700005], [-8.910227016999954, 54.27789948100008], [-8.894195115999935, 54.27448151200008], [-8.871815558999913, 54.26512278900003], [-8.856597459999932, 54.263006903000075], [-8.807362433999913, 54.263006903000075], [-8.785633917999917, 54.266831773000035], [-8.765126105999911, 54.276597398000035], [-8.737456834999932, 54.264105536000045], [-8.67642167899993, 54.27130768400008], [-8.64834550699993, 54.263006903000075], [-8.64248613199993, 54.253607489000046], [-8.639556443999936, 54.24209219000005], [-8.633290167999917, 54.23236725500004], [-8.605051235999952, 54.22565338700008], [-8.593495245999918, 54.21906159100007], [-8.572661912999934, 54.20034414300005], [-8.559315558999913, 54.20661041900007], [-8.543853318999936, 54.208644924000055], [-8.511219855999911, 54.20774974200003], [-8.511219855999911, 54.214544989000046], [-8.525542772999927, 54.21889883000006], [-8.54360917899993, 54.22215403900003], [-8.55923417899993, 54.227728583000044], [-8.565825975999928, 54.23883698100008], [-8.57213294199994, 54.246527411000045], [-8.587310350999928, 54.25234609600005], [-8.605620897999927, 54.255560614000046], [-8.62100175699993, 54.255560614000046], [-8.62100175699993, 54.263006903000075], [-8.614247199999909, 54.26780833500004], [-8.60265051999994, 54.27968984600005], [-8.593739386999914, 54.28351471600007], [-8.571685350999928, 54.27716705900008], [-8.558216925999943, 54.27521393400008], [-8.552235480999911, 54.28009674700007], [-8.540760870999918, 54.284369208000044], [-8.470285610999952, 54.276597398000035], [-8.485951300999943, 54.28864166900007], [-8.50413977799991, 54.29718659100007], [-8.52334550699993, 54.30223216400003], [-8.542307094999956, 54.303941148000035], [-8.562652147999927, 54.30304596600007], [-8.569813605999911, 54.30573151200008], [-8.572661912999934, 54.31391022300005], [-8.567209438999953, 54.32416413000004], [-8.554798956999946, 54.321478583000044], [-8.531727667999917, 54.310207424000055], [-8.511708136999914, 54.31736888200004], [-8.519154425999943, 54.32672760600008], [-8.540516730999911, 54.33466217700004], [-8.562123175999943, 54.33808014500005], [-8.661366339999915, 54.33803945500006], [-8.666818813999953, 54.34121328300006], [-8.66828365799995, 54.35175202000005], [-8.663889126999948, 54.35927969000005], [-8.653797980999911, 54.36587148600006], [-8.641753709999932, 54.370428778000075], [-8.612863735999952, 54.37547435100004], [-8.496571417999917, 54.423488674000055], [-8.480132615999935, 54.42682526200008], [-8.474110480999911, 54.42999909100007], [-8.471262173999946, 54.43789297100005], [-8.470285610999952, 54.45783112200007], [-8.46670488199993, 54.47500234600005], [-8.45921790299991, 54.471869208000044], [-8.451893683999913, 54.461004950000074], [-8.44912675699993, 54.454779364000046], [-8.445139126999948, 54.45392487200007], [-8.443755662999934, 54.45343659100007], [-8.443023240999935, 54.447333075000074], [-8.41392981699994, 54.45954010600008], [-8.384185350999928, 54.46824778900003], [-8.381662563999953, 54.46857330900008], [-8.300119594999956, 54.47797272300005], [-8.28734290299991, 54.47943756700005], [-8.24209550699993, 54.497748114000046], [-8.210194464999915, 54.501939195000034], [-8.210194464999915, 54.509426174000055], [-8.24327551999994, 54.510199286000045], [-8.257964647999927, 54.51422760600008], [-8.270985480999911, 54.52366771000004], [-8.216379360999952, 54.55036041900007], [-8.218861456999946, 54.56976959800005], [-8.17251542899993, 54.59446849200003], [-8.175404425999943, 54.61928945500006], [-8.164662238999938, 54.615301825000074], [-8.157622850999928, 54.61082591400003], [-8.150054490999935, 54.607123114000046], [-8.137562628999945, 54.60561758000006], [-8.12608801999994, 54.637884833000044], [-8.120838995999918, 54.646551825000074], [-8.123890753999945, 54.64862702000005], [-8.12490800699993, 54.64891185100004], [-8.125599738999938, 54.649603583000044], [-8.127674933999913, 54.652777411000045], [-8.14679928299995, 54.64207591400003], [-8.16665605399993, 54.63613515800006], [-8.234934048999946, 54.62938060100004], [-8.271311001999948, 54.61200592700004], [-8.29210364499994, 54.60561758000006], [-8.29210364499994, 54.61180247600004], [-8.281727667999917, 54.62055084800005], [-8.280344204999949, 54.62962474200003], [-8.287261522999927, 54.636786200000074], [-8.301747199999909, 54.63979726800005], [-8.316761847999942, 54.63544342700004], [-8.342355923999946, 54.61615631700005], [-8.36782792899993, 54.608628648000035], [-8.414540167999917, 54.57835521000004], [-8.42796790299991, 54.57172272300005], [-8.44204667899993, 54.56671784100007], [-8.456613735999952, 54.56464264500005], [-8.456613735999952, 54.57078685100004], [-8.43228105399993, 54.58779531500005], [-8.41710364499994, 54.59516022300005], [-8.398182745999918, 54.59813060100004], [-8.384755011999914, 54.60565827000005], [-8.387684699999909, 54.61985911700003], [-8.400054490999935, 54.628566799000055], [-8.415028449999909, 54.61928945500006], [-8.421864386999914, 54.61928945500006], [-8.418690558999913, 54.64130280200004], [-8.431630011999914, 54.64130280200004], [-8.448312954999949, 54.62763092700004], [-8.456613735999952, 54.608710028000075], [-8.461537238999938, 54.602850653000075], [-8.472075975999928, 54.607855536000045], [-8.481760219999956, 54.61595286700003], [-8.48619544199994, 54.62295156500005], [-8.485218878999945, 54.627386786000045], [-8.486154751999948, 54.631293036000045], [-8.494130011999914, 54.63296133000006], [-8.500803188999953, 54.632025458000044], [-8.511301235999952, 54.62775299700007], [-8.51748613199993, 54.62612539300005], [-8.541737433999913, 54.62523021000004], [-8.553456183999913, 54.62262604400007], [-8.564035610999952, 54.60883209800005], [-8.576771613999938, 54.61090729400007], [-8.596913214999915, 54.61928945500006], [-8.672596808999913, 54.61945221600007], [-8.690012173999946, 54.62612539300005], [-8.68195553299995, 54.63580963700008], [-8.691395636999914, 54.64130280200004], [-8.774159308999913, 54.659857489000046], [-8.791818813999953, 54.65961334800005], [-8.788441535999937, 54.663397528000075], [-8.786366339999915, 54.66697825700004], [-8.78343665299991, 54.67039622600004], [-8.778146938999953, 54.673895575000074], [-8.778146938999953, 54.68008047100005], [-8.791086391999954, 54.684881903000075], [-8.797759568999936, 54.69196198100008], [-8.795521613999938, 54.698431708000044], [-8.78156490799995, 54.701239325000074], [-8.766957160999937, 54.70221588700008], [-8.755197719999956, 54.70575592700004], [-8.747425910999937, 54.71308014500005], [-8.744618292999917, 54.72508372600004], [-8.733265753999945, 54.73261139500005], [-8.662098761999914, 54.76264069200005], [-8.63658606699994, 54.768459377000056], [-8.536203579999949, 54.766913153000075], [-8.483713344999956, 54.75678131700005], [-8.456613735999952, 54.75641510600008], [-8.456613735999952, 54.76264069200005], [-8.526600714999915, 54.772772528000075], [-8.545399542999917, 54.78375885600008], [-8.529896613999938, 54.78807200700004], [-8.484934048999946, 54.78937409100007], [-8.473378058999913, 54.786810614000046], [-8.46080481699994, 54.77484772300005], [-8.444691535999937, 54.76312897300005], [-8.426665818999936, 54.75722890800006], [-8.408192511999914, 54.76264069200005], [-8.461293097999942, 54.79352448100008], [-8.498890753999945, 54.801214911000045], [-8.534982876999948, 54.816473700000074], [-8.558420376999948, 54.81785716400003], [-8.554351365999935, 54.82754140800006], [-8.546986456999946, 54.82990143400008], [-8.537098761999914, 54.829779364000046], [-8.524891730999911, 54.83152903900003], [-8.515126105999911, 54.836004950000074], [-8.50186113199993, 54.84650299700007], [-8.490712042999917, 54.851996161000045], [-8.47101803299995, 54.84052155200004], [-8.44908606699994, 54.83942291900007], [-8.401966925999943, 54.84454987200007], [-8.346262173999946, 54.831691799000055], [-8.325672980999911, 54.83152903900003], [-8.325672980999911, 54.838324286000045], [-8.343251105999911, 54.839911200000074], [-8.365386522999927, 54.845404364000046], [-8.381337042999917, 54.85594310100004], [-8.380848761999914, 54.87250397300005], [-8.366688605999911, 54.88108958500004], [-8.327381964999915, 54.877020575000074], [-8.312652147999927, 54.879339911000045], [-8.325835740999935, 54.88580963700008], [-8.33702551999994, 54.903631903000075], [-8.350453253999945, 54.90729401200008], [-8.368804490999935, 54.908189195000034], [-8.374012824999909, 54.90729401200008], [-8.378163214999915, 54.902777411000045], [-8.379790818999936, 54.895738023000035], [-8.380116339999915, 54.88922760600008], [-8.380848761999914, 54.88617584800005], [-8.40929114499994, 54.88703034100007], [-8.432606574999909, 54.901556708000044], [-8.450795050999943, 54.92206452000005], [-8.463449673999946, 54.94082265800006], [-8.450428839999915, 54.94627513200004], [-8.440907355999911, 54.943426825000074], [-8.43150794199994, 54.93768952000005], [-8.418446417999917, 54.93455638200004], [-8.40461178299995, 54.93569570500006], [-8.391346808999913, 54.938666083000044], [-8.366566535999937, 54.94818756700005], [-8.396148240999935, 54.95526764500005], [-8.41860917899993, 54.968085028000075], [-8.456613735999952, 54.995428778000075], [-8.456613735999952, 55.0]]}, "properties": {}}, {"type": "Feature", "geometry": {"type": "LineString", "coordinates": [[-7.623194582618054, 55.0], [-7.634185350999928, 54.995428778000075], [-7.667551235999952, 54.96820709800005], [-7.681385870999918, 54.96124909100007], [-7.681385870999918, 54.954413153000075], [-7.661488410999937, 54.95795319200005], [-7.643381313999953, 54.965277411000045], [-7.581401359645519, 55.0]]}, "properties": {}}, {"type": "Feature", "geometry": {"type": "LineString", "coordinates": [[-5.982762810252386, 55.0], [-5.988270636999914, 54.98867422100005], [-5.986236131999931, 54.981756903000075], [-5.957142706999946, 54.978949286000045], [-5.9303279289999296, 54.97089264500005], [-5.906605597999942, 54.95795319200005], [-5.886341925999943, 54.94082265800006], [-5.881988084999932, 54.934027411000045], [-5.87523352799991, 54.91791413000004], [-5.869252081999946, 54.91038646000004], [-5.8627823559999115, 54.905951239000046], [-5.847035285999937, 54.898138739000046], [-5.8391820949999556, 54.893011786000045], [-5.829986131999931, 54.88515859600005], [-5.8209529289999296, 54.875067450000074], [-5.8139542309999115, 54.86277903900003], [-5.8111873039999296, 54.84833405200004], [-5.800526495999918, 54.820746161000045], [-5.775257941999939, 54.81150950700004], [-5.7455948559999115, 54.80459219000005], [-5.721831834999932, 54.78375885600008], [-5.715646938999953, 54.78375885600008], [-5.733754035999937, 54.80524323100008], [-5.797596808999913, 54.84454987200007], [-5.781727667999917, 54.86172109600005], [-5.751616990999935, 54.85687897300005], [-5.720611131999931, 54.841009833000044], [-5.701975063999953, 54.82469310100004], [-5.6898494129999335, 54.79311758000006], [-5.6926163399999155, 54.76520416900007], [-5.706898566999939, 54.74298737200007], [-5.729318813999953, 54.728501695000034], [-5.758900519999941, 54.719916083000044], [-5.818430141999954, 54.70962148600006], [-5.845366990999935, 54.701239325000074], [-5.8714900379999335, 54.68732330900008], [-5.890736456999946, 54.672308661000045], [-5.914336717999959, 54.64683665600006], [-5.9272354809999115, 54.63296133000006], [-5.915150519999941, 54.628241278000075], [-5.910959438999953, 54.61945221600007], [-5.909982876999948, 54.610541083000044], [-5.907378709999932, 54.60561758000006], [-5.894886847999942, 54.604803778000075], [-5.887277798999946, 54.609808661000045], [-5.881988084999932, 54.61615631700005], [-5.871001756999931, 54.622300523000035], [-5.848784959999932, 54.64321523600006], [-5.839019334999932, 54.649725653000075], [-5.803822394999941, 54.65961334800005], [-5.769520636999914, 54.67462799700007], [-5.747954881999931, 54.68040599200003], [-5.732411261999914, 54.676988023000035], [-5.716623501999948, 54.66986725500004], [-5.694691535999937, 54.66868724200003], [-5.574696417999917, 54.68008047100005], [-5.5689998039999296, 54.676947333000044], [-5.556711391999954, 54.66278717700004], [-5.54710852799991, 54.65961334800005], [-5.5366104809999115, 54.657456773000035], [-5.533273891999954, 54.651678778000075], [-5.532785610999952, 54.64321523600006], [-5.530100063999953, 54.63296133000006], [-5.514393683999913, 54.59788646000004], [-5.502552863999938, 54.58348216400003], [-5.485707160999937, 54.57770416900007], [-5.4789119129999335, 54.56948476800005], [-5.47288977799991, 54.53009674700007], [-5.468617316999939, 54.51626211100006], [-5.437082485999952, 54.48786041900007], [-5.430775519999941, 54.48517487200007], [-5.437570766999954, 54.47565338700008], [-5.436512824999909, 54.47020091400003], [-5.433461066999939, 54.46625397300005], [-5.43382727799991, 54.461004950000074], [-5.438832160999937, 54.45490143400008], [-5.458119269999941, 54.43740469000005], [-5.464263475999928, 54.42523834800005], [-5.457386847999942, 54.40867747600004], [-5.46117102799991, 54.39207591400003], [-5.470855272999927, 54.38434479400007], [-5.483998175999943, 54.37759023600006], [-5.4891251289999445, 54.369574286000045], [-5.47484290299991, 54.358587958000044], [-5.4895727199999556, 54.35370514500005], [-5.502023891999954, 54.33966705900008], [-5.515777147999927, 54.33808014500005], [-5.52765865799995, 54.34528229400007], [-5.536976691999939, 54.35927969000005], [-5.54710852799991, 54.37909577000005], [-5.5589900379999335, 54.38263580900008], [-5.569488084999932, 54.391506252000056], [-5.576649542999917, 54.402777411000045], [-5.57843990799995, 54.41380442900004], [-5.571685350999928, 54.42560455900008], [-5.548695441999939, 54.44281647300005], [-5.543690558999913, 54.45783112200007], [-5.547352667999917, 54.48908112200007], [-5.558013475999928, 54.51190827000005], [-5.575306769999941, 54.528998114000046], [-5.644886847999942, 54.56777578300006], [-5.671864386999914, 54.57680898600006], [-5.701975063999953, 54.57770416900007], [-5.701975063999953, 54.57078685100004], [-5.6946508449999556, 54.56110260600008], [-5.697417772999927, 54.551214911000045], [-5.706044074999909, 54.542669989000046], [-5.715646938999953, 54.53668854400007], [-5.701527472999942, 54.536322333000044], [-5.690419074999909, 54.53204987200007], [-5.681507941999939, 54.52684153900003], [-5.67406165299991, 54.52366771000004], [-5.63695227799991, 54.52204010600008], [-5.625599738999938, 54.51626211100006], [-5.6419164699999556, 54.51264069200005], [-5.663929816999939, 54.510199286000045], [-5.6703181629999335, 54.50568268400008], [-5.6399633449999556, 54.495754299000055], [-5.64476477799991, 54.483710028000075], [-5.644602016999954, 54.47211334800005], [-5.638498501999948, 54.46356842700004], [-5.625599738999938, 54.461004950000074], [-5.626698370999918, 54.456691799000055], [-5.628000454999949, 54.45380280200004], [-5.63312740799995, 54.447333075000074], [-5.625599738999938, 54.441107489000046], [-5.6535538399999155, 54.38898346600007], [-5.6614477199999556, 54.37958405200004], [-5.6979060539999296, 54.36229075700004], [-5.708851691999939, 54.35175202000005], [-5.668324347999942, 54.360663153000075], [-5.622141079999949, 54.376654364000046], [-5.579701300999943, 54.383693752000056], [-5.550526495999918, 54.36542389500005], [-5.540679490999935, 54.327337958000044], [-5.55304928299995, 54.298529364000046], [-5.579497850999928, 54.27570221600007], [-5.6126195949999556, 54.255560614000046], [-5.617176886999914, 54.254787502000056], [-5.628529425999943, 54.25653717700004], [-5.63312740799995, 54.255560614000046], [-5.6399633449999556, 54.23505280200004], [-5.646839972999942, 54.23216380400004], [-5.6557511059999115, 54.229681708000044], [-5.6634008449999556, 54.23086172100005], [-5.6666560539999296, 54.23883698100008], [-5.678822394999941, 54.246161200000074], [-5.736887173999946, 54.24909088700008], [-5.779449022999927, 54.246527411000045], [-5.8226619129999335, 54.237209377000056], [-5.842274542999917, 54.23505280200004], [-5.862049933999913, 54.230536200000074], [-5.8680313789999445, 54.21849192900004], [-5.866037563999953, 54.18414948100008], [-5.865834113999938, 54.18048737200007], [-5.868519660999937, 54.161322333000044], [-5.874623175999943, 54.14052969000005], [-5.8832087879999335, 54.120754299000055], [-5.8937882149999155, 54.104681708000044], [-5.911976691999939, 54.09129466400003], [-5.953846808999913, 54.07868073100008], [-5.984730597999942, 54.05931224200003], [-6.027251756999931, 54.040228583000044], [-6.0405167309999115, 54.036444403000075], [-6.0795792309999115, 54.03457265800006], [-6.095448370999918, 54.036363023000035], [-6.112904425999943, 54.04389069200005], [-6.112904425999943, 54.050116278000075], [-6.0930069649999155, 54.055894273000035], [-6.084950324999909, 54.05695221600007], [-6.161529100999928, 54.07371653900003], [-6.174305792999917, 54.074286200000074], [-6.18586178299995, 54.092678127000056], [-6.212554490999935, 54.09845612200007], [-6.24250240799995, 54.09975820500006], [-6.263661261999914, 54.104681708000044], [-6.269886847999942, 54.09792715100008], [-6.269886847999942, 54.09788646000004], [-6.207020636999914, 54.061712958000044], [-6.191395636999914, 54.05695221600007], [-6.184315558999913, 54.05377838700008], [-6.169911261999914, 54.03961823100008], [-6.163807745999918, 54.036444403000075], [-6.142486131999931, 54.035223700000074], [-6.133859829999949, 54.03335195500006], [-6.126535610999952, 54.03021881700005], [-6.107289191999939, 54.01361725500004], [-6.110991990999935, 54.001288153000075], [-6.143544074999909, 53.97842031500005], [-6.160755988999938, 53.97443268400008], [-6.185536261999914, 53.979722398000035], [-6.209095831999946, 53.98859284100007], [-6.222767706999946, 53.995428778000075], [-6.237049933999913, 53.993841864000046], [-6.3070369129999335, 54.01186758000006], [-6.359852667999917, 54.01601797100005], [-6.359852667999917, 54.00849030200004], [-6.347808397999927, 54.003607489000046], [-6.353871222999942, 53.994208075000074], [-6.366281704999949, 53.98102448100008], [-6.372954881999931, 53.96442291900007], [-6.378285285999937, 53.934881903000075], [-6.378977016999954, 53.916896877000056], [-6.372954881999931, 53.899318752000056], [-6.3508194649999155, 53.88141510600008], [-6.317290818999936, 53.871079820000034], [-6.243234829999949, 53.86513906500005], [-6.243234829999949, 53.85765208500004], [-6.254017706999946, 53.839911200000074], [-6.254994269999941, 53.82221100500004], [-6.2449845039999445, 53.80687083500004], [-6.222767706999946, 53.79629140800006], [-6.243275519999941, 53.782538153000075], [-6.2484431629999335, 53.75576406500005], [-6.2457983059999265, 53.72964101800005], [-6.241322394999941, 53.685614325000074], [-6.236439581999946, 53.67084381700005], [-6.229888475999928, 53.65656159100007], [-6.222767706999946, 53.64606354400007], [-6.213042772999927, 53.64057038000004], [-6.197987433999913, 53.634466864000046], [-6.187082485999952, 53.630072333000044], [-6.169789191999939, 53.60565827000005], [-6.142486131999931, 53.59446849200003], [-6.112456834999932, 53.58576080900008], [-6.092396613999938, 53.57713450700004], [-6.084462042999917, 53.568019924000055], [-6.077300584999932, 53.55463288000004], [-6.074940558999913, 53.53974030200004], [-6.0815323559999115, 53.52594635600008], [-6.0985001289999445, 53.50971100500004], [-6.103138800999943, 53.503159898000035], [-6.105458136999914, 53.49518463700008]]}, "properties": {}}, {"type": "Feature", "geometry": {"type": "LineString", "coordinates": [[-1.4121855184182055, 55.0], [-1.4015193349999322, 54.995428778000075], [-1.398182745999918, 54.992621161000045], [-1.3702286449999406, 54.97553131700005], [-1.3626602859999366, 54.96478913000004], [-1.3617244129999335, 54.958685614000046], [-1.3635147779999102, 54.95425039300005], [-1.3640030589999128, 54.94818756700005], [-1.3628637359999516, 54.92593008000006], [-1.3603409499999088, 54.91705963700008], [-1.3531388009999432, 54.91351959800005], [-1.355824347999942, 54.904282945000034], [-1.2967830069999309, 54.77993398600006], [-1.2754613919999542, 54.74843984600005], [-1.2404679029999102, 54.72166575700004], [-1.2250870429999168, 54.71503327000005], [-1.172230597999942, 54.701239325000074], [-1.172230597999942, 54.693793036000045], [-1.1926163399999155, 54.693793036000045], [-1.192453579999949, 54.68927643400008], [-1.1907852859999366, 54.68618398600006], [-1.1851700509999432, 54.68008047100005], [-1.1827286449999406, 54.67206452000005], [-1.1788223949999406, 54.66474030200004], [-1.172922329999949, 54.65835195500006], [-1.1647029289999296, 54.652777411000045], [-1.172922329999949, 54.644191799000055], [-1.1824845039999445, 54.63922760600008], [-1.2062882149999155, 54.63296133000006], [-1.203724738999938, 54.62571849200003], [-1.1988419259999432, 54.62156810100004], [-1.1918025379999335, 54.61977773600006], [-1.1821182929999168, 54.61928945500006], [-1.1793513659999348, 54.62091705900008], [-1.1784561839999128, 54.624212958000044], [-1.1769913399999155, 54.62677643400008], [-1.172230597999942, 54.62612539300005], [-1.1695857409999348, 54.62360260600008], [-1.1654353509999282, 54.61871979400007], [-1.1629532539999445, 54.61395905200004], [-1.1647029289999296, 54.61180247600004], [-1.1526586579999503, 54.61318594000005], [-1.1467179029999102, 54.618475653000075], [-1.1380509109999366, 54.646551825000074], [-1.1205948559999115, 54.63300202000005], [-1.1036270819999459, 54.624660549000055], [-1.0842179029999102, 54.620428778000075], [-1.042062954999949, 54.61709219000005], [-0.9934789699999556, 54.59813060100004], [-0.7879125639999529, 54.56077708500004], [-0.5629776679999168, 54.47736237200007], [-0.5346573559999115, 54.461004950000074], [-0.5228572259999282, 54.44708893400008], [-0.5217992829999503, 54.43805573100008], [-0.5235896479999269, 54.43024323100008], [-0.5204158189999362, 54.42007070500006], [-0.5099991529999102, 54.41156647300005], [-0.47679602799991017, 54.39720286700003], [-0.46275794199993925, 54.38898346600007], [-0.4477432929999168, 54.37319570500006], [-0.43057206899993616, 54.349310614000046], [-0.4184464179999168, 54.32404205900008], [-0.41803951699995423, 54.303941148000035], [-0.4145401679999168, 54.297308661000045], [-0.4090063139999529, 54.29075755400004], [-0.4011938139999529, 54.28563060100004], [-0.39073645699994586, 54.28351471600007], [-0.3948868479999419, 54.273138739000046], [-0.39757239499994057, 54.269191799000055], [-0.3892716139999379, 54.26406484600005], [-0.3704727859999366, 54.247707424000055], [-0.3627823559999115, 54.24249909100007], [-0.3220108709999181, 54.23607005400004], [-0.31191972599992823, 54.231634833000044], [-0.30011959499995555, 54.224676825000074], [-0.2770889959999181, 54.21775950700004], [-0.26960201699995423, 54.20766836100006], [-0.26256262899994454, 54.18109772300005], [-0.2603653639999379, 54.176988023000035], [-0.2338761059999115, 54.16046784100007], [-0.11143958199994586, 54.13157786700003], [-0.07551021999995555, 54.11212799700007], [-0.16392981699993925, 54.08340078300006], [-0.1946915359999366, 54.06232330900008], [-0.2194718089999128, 54.022772528000075], [-0.1974177729999269, 53.99481842700004], [-0.1686905589999128, 53.929348049000055], [-0.1511124339999128, 53.899318752000056], [-0.045155402999910166, 53.801214911000045], [0.13347415500004445, 53.642645575000074], [0.1492619150000678, 53.60960521000004], [0.13689212300005238, 53.57713450700004], [0.13119550900006516, 53.573431708000044], [0.1096297540000819, 53.56289297100005], [0.1313582690000885, 53.59369538000004], [0.1359969410000872, 53.610663153000075], [0.12020918100006384, 53.61810944200005], [0.09945722700007309, 53.622300523000035], [0.056162957000083225, 53.64126211100006], [0.034515821000070446, 53.64606354400007], [0.014821811000047092, 53.64325592700004], [-0.023915167999916775, 53.62885163000004], [-0.04503333199994586, 53.62555573100008], [-0.06940670499994894, 53.626939195000034], [-0.09227454299991678, 53.63104889500005], [-0.11261959499995555, 53.63751862200007], [-0.1300349599999322, 53.64606354400007], [-0.2253311839999128, 53.719916083000044], [-0.2603653639999379, 53.73541901200008], [-0.2956436839999128, 53.738796291000085], [-0.3051651679999168, 53.73969147300005], [-0.4311417309999115, 53.71430084800005], [-0.4496964179999168, 53.71430084800005], [-0.5104874339999128, 53.71430084800005], [-0.5444229809999115, 53.70945872600004], [-0.5515030589999128, 53.71116771000004], [-0.5762426419999542, 53.72565338700008], [-0.5791723299999489, 53.72797272300005], [-0.6370336579999503, 53.73200104400007], [-0.6583552729999269, 53.72797272300005], [-0.7264705069999309, 53.70062897300005], [-0.7173559239999463, 53.69867584800005], [-0.7085668609999516, 53.695746161000045], [-0.7001846999999088, 53.691839911000045], [-0.6924535799999489, 53.68699778900003], [-0.6774796209999181, 53.702826239000046], [-0.6498103509999282, 53.710598049000055], [-0.6195369129999335, 53.71185944200005], [-0.5961807929999168, 53.70807526200008], [-0.5554906889999529, 53.69049713700008], [-0.5447485019999476, 53.683579820000034], [-0.5299373039999296, 53.67767975500004], [-0.5140274729999419, 53.681301174000055], [-0.48631751199991413, 53.69448476800005], [-0.3072403639999379, 53.71426015800006], [-0.27936764199995423, 53.707098700000074], [-0.2603653639999379, 53.68699778900003], [-0.1886287099999322, 53.620428778000075], [-0.1440323559999115, 53.606634833000044], [-0.11318925699993088, 53.58462148600006], [-0.09593665299991017, 53.57713450700004], [-0.06094316299993352, 53.57396067900004], [-0.0466202459999181, 53.570379950000074], [9.199300006912381e-05, 53.53534577000005], [0.0959578790000819, 53.488348700000074], [0.11508222700007309, 53.48322174700007], [0.1340438160000872, 53.48061758000006], [0.15186608200008322, 53.475816148000035], [0.1678166020000731, 53.464504299000055], [0.17090905000009116, 53.457017320000034], [0.1731063160000872, 53.44676341400003], [0.17579186300008587, 53.43768952000005], [0.1814884770000731, 53.43374258000006], [0.1906030610000471, 53.43187083500004], [0.21949303500008455, 53.41950104400007], [0.21192467500009116, 53.41266510600008], [0.2293400400000678, 53.40477122600004], [0.24488366000008455, 53.39093659100007], [0.2561141290000819, 53.375067450000074], [0.26042728000004445, 53.36147695500006], [0.34213300900006516, 53.22630442900004], [0.35621178500008455, 53.18854401200008], [0.3566186860000471, 53.145738023000035], [0.3357853520000731, 53.093451239000046], [0.32984459700008983, 53.08649323100008], [0.31869550900006516, 53.083685614000046], [0.29883873800008587, 53.08120351800005], [0.2824813160000872, 53.07485586100006], [0.19304446700004974, 53.02008698100008], [0.17448978000004445, 53.01544830900008], [0.16081790500004445, 53.008978583000044], [0.08212324300006912, 52.938666083000044], [0.061167839000063395, 52.924994208000044], [0.03760826900008851, 52.919175523000035], [0.022146030000044448, 52.91258372600004], [0.008555535000084546, 52.89862702000005], [0.010264519000088512, 52.88646067900004], [0.04066002700005811, 52.88507721600007], [0.09253991000008455, 52.89252350500004], [0.10564212300005238, 52.88934967700004], [0.13347415500004445, 52.87518952000005], [0.14714603000004445, 52.87201569200005], [0.17090905000009116, 52.86212799700007], [0.22242272200008983, 52.813666083000044], [0.24675540500004445, 52.79572174700007], [0.2644962900000678, 52.80369700700004], [0.2856551440000885, 52.805568752000056], [0.32553144600007045, 52.803168036000045], [0.34180748800008587, 52.79743073100008], [0.36988366000008455, 52.77301666900007], [0.38453209700008983, 52.76837799700007], [0.38453209700008983, 52.77521393400008], [0.37924238400006516, 52.79083893400008], [0.39942467500009116, 52.80951569200005], [0.42554772200008983, 52.827378648000035], [0.4386499360000471, 52.840725002000056], [0.44402103000004445, 52.86505768400008], [0.45671634200004974, 52.89199453300006], [0.47234134200004974, 52.916449286000045], [0.48568769600007045, 52.93349844000005], [0.5202742850000845, 52.95526764500005], [0.5695906910000872, 52.96930573100008], [0.6233830090000652, 52.97565338700008], [0.6718856130000859, 52.97443268400008], [0.6643986340000652, 52.98187897300005], [0.6847436860000471, 52.986395575000074], [0.7067977220000898, 52.98322174700007], [0.7291772800000444, 52.97748444200005], [0.7504988940000885, 52.97443268400008], [0.8357039720000898, 52.97443268400008], [0.8754988940000885, 52.96816640800006], [0.9210718110000471, 52.95465729400007], [0.9684350920000497, 52.94749583500004], [1.013926629000082, 52.960150458000044], [1.0034285820000832, 52.96474844000005], [0.9915470710000704, 52.96747467700004], [0.9790145190000885, 52.968410549000055], [0.9660750660000872, 52.96759674700007], [0.9660750660000872, 52.97443268400008], [1.2746688160000872, 52.92918528900003], [1.3960067070000832, 52.89142487200007], [1.6442163420000497, 52.775824286000045], [1.6733504570000832, 52.75568268400008], [1.6970320970000898, 52.73102448100008], [1.7158309250000912, 52.68374258000006], [1.7341414720000898, 52.65460846600007], [1.747243686000047, 52.62518952000005], [1.7407332690000885, 52.60390859600005], [1.7468367850000845, 52.58852773600006], [1.7487085300000444, 52.568793036000045], [1.7475692070000832, 52.53278229400007], [1.7711694670000497, 52.48590729400007], [1.7671004570000832, 52.47695547100005], [1.7544051440000885, 52.46735260600008], [1.7292586600000845, 52.41559479400007], [1.7301538420000497, 52.405910549000055], [1.7278751960000704, 52.39630768400008], [1.6836043630000859, 52.32453034100007], [1.6518660820000832, 52.289129950000074], [1.6411238940000885, 52.28180573100008], [1.6305444670000497, 52.27045319200005], [1.6282658210000704, 52.24481842700004], [1.6308699880000859, 52.19977448100008], [1.6254988940000885, 52.18036530200004], [1.6074324880000859, 52.14594147300005], [1.6035262380000859, 52.127834377000056], [1.5892033210000704, 52.100816148000035], [1.5875757170000497, 52.08698151200008], [1.582286004000082, 52.08148834800005], [1.5036727220000898, 52.060980536000045], [1.4868270190000885, 52.04901764500005], [1.4720158210000704, 52.05621979400007], [1.4668074880000859, 52.04800039300005], [1.4638778000000912, 52.035142320000034], [1.4558211600000845, 52.028509833000044], [1.4489852220000898, 52.02496979400007], [1.4248153000000912, 52.00185781500005], [1.3548283210000704, 51.95404694200005], [1.3435164720000898, 51.94285716400009], [1.332286004000082, 51.94009023600006], [1.2644149100000845, 51.99437083500004], [1.2348738940000885, 52.00031159100007], [1.1852319670000497, 52.025091864000046], [1.1578882170000497, 52.028509833000044], [1.1578882170000497, 52.02167389500005], [1.1935327480000524, 52.00079987200007], [1.2143660820000832, 51.991441148000035], [1.2602645190000885, 51.984808661000045], [1.2707625660000872, 51.98151276200008], [1.2751570970000898, 51.976996161000045], [1.2744246750000912, 51.96088288000004], [1.2710067070000832, 51.95644765800006], [1.2507430350000845, 51.95962148600006], [1.2389429050000444, 51.958644924000055], [1.2176212900000678, 51.954331773000035], [1.2057397800000444, 51.95343659100007], [1.193207227000073, 51.955511786000045], [1.1652938160000872, 51.96702708500004], [1.1430770190000885, 51.966050523000035], [1.0944930350000845, 51.955959377000056], [1.0691024100000845, 51.95343659100007], [1.0954695970000898, 51.945746161000045], [1.2620548840000652, 51.939154364000046], [1.2819930350000845, 51.946600653000075], [1.278493686000047, 51.92792389500005], [1.1995548840000652, 51.87767161700003], [1.2122501960000704, 51.87164948100008], [1.2278751960000704, 51.86737702000005], [1.2644149100000845, 51.86399974200003], [1.2747501960000704, 51.870306708000044], [1.2822371750000912, 51.880560614000046], [1.2866317070000832, 51.88165924700007], [1.288259311000047, 51.860581773000035], [1.2763778000000912, 51.84479401200008], [1.2192488940000885, 51.811835028000075], [1.167816602000073, 51.790228583000044], [1.1354272800000444, 51.78172435100004], [1.0654403000000912, 51.77529531500005], [1.0466414720000898, 51.777044989000046], [1.0372827480000524, 51.78217194200005], [1.021332227000073, 51.80255768400008], [0.9887801440000885, 51.83026764500005], [0.9798283210000704, 51.84357330900008], [0.9770613940000885, 51.82461172100005], [0.9620874360000471, 51.813788153000075], [0.9251408210000704, 51.80255768400008], [0.8942977220000898, 51.78461334800005], [0.8869735040000819, 51.782131252000056], [0.8864038420000497, 51.776678778000075], [0.8834741550000444, 51.76471588700008], [0.8789168630000859, 51.75275299700007], [0.8737085300000444, 51.747300523000035], [0.8619897800000444, 51.74555084800005], [0.8459578790000819, 51.736761786000045], [0.8357039720000898, 51.733710028000075], [0.8234969410000872, 51.73383209800005], [0.8014429050000444, 51.73969147300005], [0.7917586600000845, 51.74115631700005], [0.7671004570000832, 51.739447333000044], [0.7208764980000524, 51.728176174000055], [0.6985783210000704, 51.720038153000075], [0.7142033210000704, 51.715277411000045], [0.7324324880000859, 51.713771877000056], [0.7492781910000872, 51.70848216400009], [0.7607528000000912, 51.692694403000075], [0.7890731130000859, 51.710150458000044], [0.8530379570000832, 51.71889883000006], [0.8835555350000845, 51.72687409100007], [0.9123641290000819, 51.741522528000075], [0.9300236340000652, 51.74359772300005], [0.9455672540000819, 51.733710028000075], [0.9474389980000524, 51.72524648600006], [0.9445906910000872, 51.71548086100006], [0.9404403000000912, 51.70799388200004], [0.9381616550000444, 51.706366278000075], [0.9401961600000845, 51.698431708000044], [0.9440210300000444, 51.69057851800005], [0.9518335300000444, 51.67841217700004], [0.9417423840000652, 51.673041083000044], [0.9379988940000885, 51.664496161000045], [0.9381616550000444, 51.64126211100006], [0.9347436860000471, 51.63589101800005], [0.9267684250000912, 51.630926825000074], [0.9114689460000704, 51.62384674700007], [0.9384871750000912, 51.624986070000034], [0.9480900400000678, 51.621527411000045], [0.9518335300000444, 51.61701080900008], [0.9244897800000444, 51.588324286000045], [0.8733016290000819, 51.559475002000056], [0.8282983730000524, 51.541856187000064], [0.8162541020000731, 51.537176825000074], [0.7712508470000898, 51.52826569200005], [0.6920679050000444, 51.536322333000044], [0.6643986340000652, 51.53506094000005], [0.6637475920000497, 51.53554922100005], [0.6505639980000524, 51.53579336100006], [0.6466577480000524, 51.53534577000005], [0.6440535820000832, 51.53506094000005], [0.6427514980000524, 51.53351471600007], [0.6233830090000652, 51.52204010600008], [0.6086531910000872, 51.51898834800005], [0.5952254570000832, 51.51862213700008], [0.5822860040000819, 51.51654694200005], [0.5688582690000885, 51.50836823100008], [0.5527449880000859, 51.51797109600005], [0.5472111340000652, 51.51772695500006], [0.5254012380000859, 51.516913153000075], [0.45606530000009116, 51.505560614000046], [0.45085696700004974, 51.49827708500004], [0.44800866000008455, 51.48822663000004], [0.4416610040000819, 51.47703685100004], [0.42847741000008455, 51.46710846600007], [0.41407311300008587, 51.46190013200004], [0.39918053500008455, 51.45840078300006], [0.38453209700008983, 51.453111070000034], [0.4484155610000471, 51.45994700700004], [0.45679772200008983, 51.46312083500004], [0.4614363940000885, 51.47016022300005], [0.46485436300008587, 51.47724030200004], [0.4695744150000678, 51.48041413000004], [0.5348413420000497, 51.49168528900009], [0.6948348320000832, 51.47703685100004], [0.7094832690000885, 51.47052643400008], [0.7219344410000872, 51.456284898000035], [0.7231551440000885, 51.44672272300005], [0.7131453790000819, 51.44122955900008], [0.6923934250000912, 51.439520575000074], [0.6565047540000819, 51.444525458000044], [0.6409611340000652, 51.44415924700007], [0.6093856130000859, 51.425116278000075], [0.5727645190000885, 51.419582424000055], [0.5545353520000731, 51.412176825000074], [0.5622664720000898, 51.40656159100007], [0.5691024100000845, 51.399603583000044], [0.5765080090000652, 51.39362213700008], [0.5859481130000859, 51.391058661000045], [0.6718856130000859, 51.391058661000045], [0.7129012380000859, 51.38422272300005], [0.7049259770000731, 51.39598216400009], [0.7003686860000471, 51.409816799000055], [0.7053328790000819, 51.41950104400007], [0.7264103520000731, 51.41901276200008], [0.7283634770000731, 51.406236070000034], [0.7392684250000912, 51.387925523000035], [0.7534285820000832, 51.371527411000045], [0.7644149100000845, 51.36440664300005], [0.9772241550000444, 51.34918854400007], [1.1009220710000704, 51.37323639500005], [1.4238387380000859, 51.39207591400009], [1.4482528000000912, 51.382879950000074], [1.4391382170000497, 51.35008372600004], [1.4355574880000859, 51.343736070000034], [1.430837436000047, 51.33779531500005], [1.4251408210000704, 51.33295319200005], [1.4186304050000444, 51.32965729400007], [1.3829858730000524, 51.329779364000046], [1.3776147800000444, 51.326239325000074], [1.3806258470000898, 51.304754950000074], [1.387868686000047, 51.28790924700007], [1.4043074880000859, 51.261379299000055], [1.4130965500000912, 51.22174713700008], [1.4047957690000885, 51.18353913000004], [1.3844507170000497, 51.151678778000075], [1.3571883470000898, 51.13100820500006], [1.2903751960000704, 51.116522528000075], [1.2629500660000872, 51.10325755400004], [1.2516382170000497, 51.10252513200004], [1.2299910820000832, 51.10370514500005], [1.2181095710000704, 51.10097890800006], [1.2082625660000872, 51.09467194200005], [1.1997176440000885, 51.087591864000046], [1.1920679050000444, 51.08258698100008], [1.1722111340000652, 51.077378648000035], [1.1067000660000872, 51.07636139500005], [1.0871688160000872, 51.07298411700003], [1.0669051440000885, 51.06439850500004], [1.027598504000082, 51.04165273600006], [0.9764103520000731, 50.99445221600007], [0.9664819670000497, 50.98273346600007], [0.9690861340000652, 50.95685455900008], [0.9798283210000704, 50.91815827000005], [0.9451603520000731, 50.909369208000044], [0.8698022800000444, 50.925116278000075], [0.8022567070000832, 50.93919505400004], [0.7624617850000845, 50.930894273000035], [0.6643986340000652, 50.870306708000044], [0.6241968110000471, 50.858710028000075], [0.4074813160000872, 50.829331773000035], [0.3702905610000471, 50.818793036000045], [0.36524498800008587, 50.81899648600006], [0.35425866000008455, 50.80963776200008], [0.34441165500004445, 50.79905833500004], [0.3422957690000885, 50.79515208500004], [0.3081160820000832, 50.780951239000046], [0.2710067070000832, 50.747381903000075], [0.23389733200008322, 50.74701569200005], [0.2141219410000872, 50.748928127000056], [0.16830488400006516, 50.759833075000074], [0.1573999360000471, 50.761053778000075], [0.12208092500009116, 50.76080963700008], [0.11304772200008983, 50.76414622600004], [0.09555097700007309, 50.775051174000055], [0.07703698000005943, 50.778998114000046], [0.034515821000070446, 50.780951239000046], [0.01754804800009424, 50.784857489000046], [-0.17316646999995555, 50.829006252000056], [-0.20612545499994894, 50.83104075700004], [-0.20889238199993088, 50.83010488500008], [-0.2331436839999128, 50.821926174000055], [-0.2696833979999269, 50.831284898000035], [-0.39757239499994057, 50.802069403000075], [-0.5689591139999379, 50.802069403000075], [-0.7327367829999503, 50.767279364000046], [-0.7415665359999366, 50.769232489000046], [-0.7498673169999392, 50.773871161000045], [-0.7582087879999335, 50.77708567900004], [-0.7675675119999141, 50.774725653000075], [-0.7731013659999348, 50.76601797100005], [-0.7662654289999296, 50.74713776200008], [-0.7709854809999115, 50.73688385600008], [-0.7899470689999362, 50.73004791900007], [-0.8128149079999503, 50.73476797100005], [-0.9041235019999476, 50.77187734600005], [-0.9114884109999366, 50.77781810100004], [-0.9058731759999432, 50.78803131700005], [-0.8924861319999309, 50.794623114000046], [-0.8636368479999419, 50.802069403000075], [-0.8636368479999419, 50.808254299000055], [-0.8736059239999463, 50.812933661000045], [-0.8931371739999463, 50.82534414300005], [-0.9046931629999335, 50.829331773000035], [-0.9095352859999366, 50.82599518400008], [-0.9217016269999476, 50.821600653000075], [-0.9289444649999155, 50.82282135600008], [-0.9190160799999489, 50.83616771000004], [-0.9297989569999459, 50.83999258000006], [-0.9391983709999181, 50.84324778900009], [-0.9707738919999542, 50.846991278000075], [-0.9948624339999128, 50.84707265800006], [-1.0018611319999309, 50.84711334800005], [-1.0207413399999155, 50.84365469000005], [-1.033558722999942, 50.82591380400004], [-1.0426326159999348, 50.80190664300005], [-1.0562231109999516, 50.78302643400008], [-1.0827530589999128, 50.780951239000046], [-1.1030167309999115, 50.79547760600008], [-1.0936173169999392, 50.812933661000045], [-1.0753067699999406, 50.83002350500004], [-1.069162563999953, 50.84365469000005], [-1.0873103509999282, 50.84979889500005], [-1.0881241529999102, 50.84975820500006], [-1.1498103509999282, 50.84666575700004], [-1.1647029289999296, 50.84365469000005], [-1.129709438999953, 50.825100002000056], [-1.1237686839999128, 50.818793036000045], [-1.1212052069999459, 50.79938385600008], [-1.1249080069999309, 50.788723049000055], [-1.1380509109999366, 50.780951239000046], [-1.1511124339999128, 50.78139883000006], [-1.1693416009999282, 50.78587474200003], [-1.1856176419999542, 50.79242584800005], [-1.1926163399999155, 50.79865143400008], [-1.1992895169999542, 50.807928778000075], [-1.231516079999949, 50.81891510600008], [-1.2551977199999556, 50.83193594000005], [-1.288156704999949, 50.839178778000075], [-1.3014216789999296, 50.84365469000005], [-1.3185929029999102, 50.85691966400009], [-1.338937954999949, 50.872707424000055], [-1.4492895169999542, 50.91205475500004], [-1.4664200509999432, 50.91815827000005], [-1.4664200509999432, 50.91193268400008], [-1.4564509759999282, 50.90875885600008], [-1.4379776679999168, 50.90131256700005], [-1.4256078769999476, 50.900091864000046], [-1.4011124339999128, 50.88117096600007], [-1.323068813999953, 50.82575104400007], [-1.3142797519999476, 50.812160549000055], [-1.3172908189999362, 50.80023834800005], [-1.3398331369999141, 50.79515208500004], [-1.4039607409999348, 50.79157135600008], [-1.4186905589999128, 50.788397528000075], [-1.4113663399999155, 50.78489817900004], [-1.4049373039999296, 50.780951239000046], [-1.4049373039999296, 50.774725653000075], [-1.4505102199999556, 50.76935455900008], [-1.4762263659999348, 50.76341380400004], [-1.4875382149999155, 50.75771719000005], [-1.491932745999918, 50.75726959800005], [-1.5247289699999556, 50.761053778000075], [-1.5571996739999463, 50.72329336100006], [-1.559396938999953, 50.71922435100004], [-1.5611873039999296, 50.71898021000004], [-1.5807185539999296, 50.722642320000034], [-1.6021215489999463, 50.731756903000075], [-1.6706436839999128, 50.74005768400008], [-1.672922329999949, 50.74005768400008], [-1.6930232409999348, 50.739935614000046], [-1.7150772779999102, 50.73578522300005], [-1.7535294259999432, 50.72284577000005], [-1.7717179029999102, 50.72011953300006], [-1.7974340489999463, 50.723171291000085], [-1.8350723949999406, 50.72768789300005], [-1.8574112619999141, 50.72695547100005], [-1.8773494129999335, 50.72284577000005], [-1.8963516919999392, 50.71629466400009], [-1.8968806629999335, 50.716050523000035], [-1.9138891269999476, 50.70742422100005], [-1.9291072259999282, 50.69586823100008], [-1.9400121739999463, 50.69082265800006], [-1.9443253249999088, 50.69765859600005], [-1.946115688999953, 50.707912502000056], [-1.9492895169999542, 50.713324286000045], [-1.9877009759999282, 50.72011953300006], [-2.01390540299991, 50.71893952000005], [-2.0219620429999168, 50.72011953300006], [-2.0254613919999542, 50.723863023000035], [-2.026193813999953, 50.72508372600004], [-2.0338435539999296, 50.73712799700007], [-2.038970506999931, 50.739935614000046], [-2.0480850899999155, 50.734808661000045], [-2.0826716789999296, 50.69896067900004], [-2.0695694649999155, 50.700100002000056], [-2.0577286449999406, 50.702826239000046], [-2.046620245999918, 50.70726146000004], [-2.0356339179999168, 50.713324286000045], [-2.0141495429999168, 50.688788153000075], [-2.0025121739999463, 50.681301174000055], [-1.984120245999918, 50.67853424700007], [-1.9674373039999296, 50.67865631700005], [-1.9527888659999348, 50.67658112200007], [-1.9458715489999463, 50.668850002000056], [-1.9529516269999476, 50.65184153900009], [-1.9382218089999128, 50.645819403000075], [-1.9324845039999445, 50.64443594000005], [-1.9672745429999168, 50.61709219000005], [-1.965199347999942, 50.60219961100006], [-1.9837133449999556, 50.59662506700005], [-2.065174933999913, 50.59552643400008], [-2.082183397999927, 50.59784577000005], [-2.1573380199999406, 50.62051015800006], [-2.3426407539999445, 50.63377513200004], [-2.377064581999946, 50.64752838700008], [-2.398345506999931, 50.64557526200008], [-2.435902472999942, 50.63751862200007], [-2.447621222999942, 50.62787506700005], [-2.4600723949999406, 50.60651276200008], [-2.465646938999953, 50.585150458000044], [-2.4564509759999282, 50.575506903000075], [-2.4312231109999516, 50.57025788000004], [-2.428700324999909, 50.55756256700005], [-2.4392797519999476, 50.54181549700007], [-2.45335852799991, 50.52765534100007], [-2.4595434239999463, 50.52765534100007], [-2.4603572259999282, 50.56549713700008], [-2.4835098949999406, 50.59039948100008], [-2.6929418609999516, 50.69281647300005], [-2.8648168609999516, 50.73379140800006], [-2.887318488999938, 50.734361070000034], [-2.94554602799991, 50.725816148000035], [-2.9627579419999392, 50.72329336100006], [-2.998199022999927, 50.708238023000035], [-3.021839972999942, 50.70648834800005], [-3.059722459999932, 50.713324286000045], [-3.071359829999949, 50.711004950000074], [-3.0941462879999335, 50.69896067900004], [-3.099232550999943, 50.69708893400008], [-3.115834113999938, 50.68797435100004], [-3.1254776679999168, 50.68528880400004], [-3.135894334999932, 50.68593984600005], [-3.1551407539999445, 50.69135163000004], [-3.1664932929999168, 50.69281647300005], [-3.1856176419999542, 50.690741278000075], [-3.2191462879999335, 50.68081289300005], [-3.2598363919999542, 50.67454661700003], [-3.271392381999931, 50.664496161000045], [-3.280425584999932, 50.65119049700007], [-3.2955623039999296, 50.63751862200007], [-3.368153449999909, 50.61709219000005], [-3.390736456999946, 50.61782461100006], [-3.4075414699999556, 50.62128327000005], [-3.420969204999949, 50.62946198100008], [-3.433338995999918, 50.64443594000005], [-3.446359829999949, 50.66828034100007], [-3.4504288399999155, 50.672308661000045], [-3.453277147999927, 50.67328522300005], [-3.455433722999942, 50.675441799000055], [-3.458607550999943, 50.67755768400008], [-3.4644262359999516, 50.67853424700007], [-3.467762824999909, 50.67641836100006], [-3.468902147999927, 50.67169830900008], [-3.467844204999949, 50.66697825700004], [-3.45531165299991, 50.657904364000046], [-3.4420466789999296, 50.62352122600004], [-3.433338995999918, 50.610256252000056], [-3.451161261999914, 50.59943268400008], [-3.4672745429999168, 50.585598049000055], [-3.4817602199999556, 50.56854889500005], [-3.494862433999913, 50.548163153000075], [-3.505970831999946, 50.520819403000075], [-3.505034959999932, 50.501206773000035], [-3.487456834999932, 50.459418036000045], [-3.509755011999914, 50.45848216400009], [-3.532134568999936, 50.454779364000046], [-3.549427863999938, 50.446519273000035], [-3.556263800999943, 50.43211497600004], [-3.5493057929999168, 50.41559479400007], [-3.531971808999913, 50.410223700000074], [-3.487456834999932, 50.41156647300005], [-3.487456834999932, 50.40477122600004], [-3.4974666009999282, 50.38735586100006], [-3.49828040299991, 50.383693752000056], [-3.5073136059999115, 50.382798570000034], [-3.5149633449999556, 50.37995026200008], [-3.520130988999938, 50.37482330900008], [-3.5269262359999516, 50.34979889500005], [-3.5388891269999476, 50.34442780200004], [-3.5545141269999476, 50.347642320000034], [-3.57054602799991, 50.35639069200005], [-3.577788865999935, 50.334051825000074], [-3.5991104809999115, 50.325832424000055], [-3.6215714179999168, 50.321926174000055], [-3.631988084999932, 50.31232330900008], [-3.6373591789999296, 50.29539622600004], [-3.6475723949999406, 50.27456289300005], [-3.653309699999909, 50.25104401200008], [-3.6456192699999406, 50.22601959800005], [-3.6606339179999168, 50.22101471600007], [-3.700917120999918, 50.21352773600006], [-3.7180069649999155, 50.21238841400009], [-3.740386522999927, 50.21588776200008], [-3.758615688999953, 50.22174713700008], [-3.774240688999953, 50.22296784100007], [-3.788970506999931, 50.21238841400009], [-3.826324022999927, 50.23419830900008], [-3.8841853509999282, 50.280462958000044], [-3.949940558999913, 50.31899648600006], [-3.9610082669999542, 50.322251695000034], [-3.9702042309999115, 50.320746161000045], [-3.995757615999935, 50.311428127000056], [-4.005604620999918, 50.30923086100006], [-4.011341925999943, 50.30695221600007], [-4.024769660999937, 50.29718659100007], [-4.032948370999918, 50.294907945000034], [-4.044056769999941, 50.29645416900007], [-4.054351365999935, 50.30036041900007], [-4.070220506999931, 50.30923086100006], [-4.067941860999952, 50.31281159100007], [-4.064035610999952, 50.322251695000034], [-4.086008266999954, 50.326239325000074], [-4.1082657539999445, 50.33661530200004], [-4.118723110999952, 50.35187409100007], [-4.1049698559999115, 50.37067291900007], [-4.141753709999932, 50.36904531500005], [-4.1527400379999335, 50.37067291900007], [-4.1655167309999115, 50.37636953300006], [-4.171457485999952, 50.382798570000034], [-4.175770636999914, 50.39085521000004], [-4.18382727799991, 50.40106842700004], [-4.191477016999954, 50.417629299000055], [-4.18390865799995, 50.431708075000074], [-4.1703181629999335, 50.44513580900008], [-4.159535285999937, 50.459418036000045], [-4.179432745999918, 50.45307038000004], [-4.189564581999946, 50.45368073100008], [-4.200550910999937, 50.459418036000045], [-4.203684048999946, 50.45140208500004], [-4.204741990999935, 50.44867584800005], [-4.2123917309999115, 50.441473700000074], [-4.222523566999939, 50.43797435100004], [-4.234730597999942, 50.43829987200007], [-4.234730597999942, 50.43211497600004], [-4.2202042309999115, 50.425848700000074], [-4.2161352199999556, 50.415716864000046], [-4.219715949999909, 50.40509674700007], [-4.228505011999914, 50.397365627000056], [-4.2414444649999155, 50.39468008000006], [-4.2899063789999445, 50.397365627000056], [-4.273019985999952, 50.38190338700008], [-4.216175910999937, 50.38776276200008], [-4.1937556629999335, 50.37689850500004], [-4.228505011999914, 50.37067291900007], [-4.228505011999914, 50.36383698100008], [-4.220122850999928, 50.365301825000074], [-4.200550910999937, 50.36383698100008], [-4.207997199999909, 50.35639069200005], [-4.180043097999942, 50.35639069200005], [-4.180043097999942, 50.35016510600008], [-4.191314256999931, 50.34756094000005], [-4.197987433999913, 50.342230536000045], [-4.199126756999931, 50.33539459800005], [-4.1937556629999335, 50.32843659100007], [-4.1937556629999335, 50.322251695000034], [-4.214995897999927, 50.323146877000056], [-4.225697394999941, 50.33539459800005], [-4.235096808999913, 50.34955475500004], [-4.2523494129999335, 50.35639069200005], [-4.337717251999948, 50.37067291900007], [-4.383697068999936, 50.36749909100007], [-4.456206834999932, 50.33820221600007], [-4.4953507149999155, 50.32843659100007], [-4.659820115999935, 50.322251695000034], [-4.659575975999928, 50.32062409100007], [-4.662709113999938, 50.31777578300006], [-4.667795376999948, 50.315334377000056], [-4.673451300999943, 50.31541575700004], [-4.687163865999935, 50.34271881700005], [-4.694325324999909, 50.343451239000046], [-4.700184699999909, 50.34088776200008], [-4.705555792999917, 50.337551174000055], [-4.7113337879999335, 50.33588288000004], [-4.731556769999941, 50.33466217700004], [-4.752105272999927, 50.33030833500004], [-4.763295050999943, 50.32208893400008], [-4.755441860999952, 50.30923086100006], [-4.755441860999952, 50.30174388200004], [-4.7623591789999296, 50.298041083000044], [-4.771636522999927, 50.29157135600008], [-4.779855923999946, 50.28432851800005], [-4.783355272999927, 50.27789948100008], [-4.7818904289999296, 50.27179596600007], [-4.776519334999932, 50.26508209800005], [-4.776519334999932, 50.26080963700008], [-4.788441535999937, 50.24209219000005], [-4.790150519999941, 50.23655833500004], [-4.800160285999937, 50.22955963700008], [-4.849720831999946, 50.23456452000005], [-4.868723110999952, 50.22943756700005], [-4.887318488999938, 50.21499258000006], [-4.904774542999917, 50.20844147300005], [-4.947255011999914, 50.19936758000006], [-4.960682745999918, 50.19049713700008], [-5.002430792999917, 50.14411041900007], [-5.014556443999936, 50.15656159100007], [-5.0203751289999445, 50.19196198100008], [-5.033192511999914, 50.19936758000006], [-5.05296790299991, 50.19578685100004], [-5.053618943999936, 50.18691640800006], [-5.051869269999941, 50.17552317900004], [-5.064564581999946, 50.16461823100008], [-5.064564581999946, 50.15839264500005], [-5.058501756999931, 50.155462958000044], [-5.043446417999917, 50.14411041900007], [-5.051869269999941, 50.144598700000074], [-5.058461066999939, 50.14272695500006], [-5.070790167999917, 50.13727448100008], [-5.08031165299991, 50.13271719000005], [-5.081613735999952, 50.12539297100005], [-5.080962693999936, 50.117173570000034], [-5.085031704999949, 50.10993073100008], [-5.093902147999927, 50.105536200000074], [-5.125965949999909, 50.09634023600006], [-5.114654100999928, 50.09662506700005], [-5.106068488999938, 50.09511953300006], [-5.091867641999954, 50.089504299000055], [-5.086903449999909, 50.089056708000044], [-5.075347459999932, 50.09048086100006], [-5.070790167999917, 50.089504299000055], [-5.068470831999946, 50.085150458000044], [-5.064930792999917, 50.07184479400007], [-5.06086178299995, 50.06903717700004], [-5.056507941999939, 50.060614325000074], [-5.069488084999932, 50.042181708000044], [-5.0980525379999335, 50.01439036700003], [-5.107289191999939, 50.013006903000075], [-5.127430792999917, 50.01544830900008], [-5.139637824999909, 50.01439036700003], [-5.146473761999914, 50.01056549700007], [-5.176136847999942, 49.987941799000055], [-5.18773352799991, 49.964504299000055], [-5.191151495999918, 49.95913320500006], [-5.200103318999936, 49.961371161000045], [-5.210357225999928, 49.96674225500004], [-5.240386522999927, 49.988348700000074], [-5.245228644999941, 49.99310944200005], [-5.2495011059999115, 50.000067450000074], [-5.253041144999941, 50.01264069200005], [-5.25226803299995, 50.020697333000044], [-5.252674933999913, 50.027777411000045], [-5.259755011999914, 50.03766510600008], [-5.2884008449999556, 50.067694403000075], [-5.304351365999935, 50.08026764500005], [-5.323963995999918, 50.089504299000055], [-5.384185350999928, 50.10797760600008], [-5.424712693999936, 50.11273834800005], [-5.458119269999941, 50.125881252000056], [-5.47484290299991, 50.13043854400007], [-5.495676235999952, 50.12962474200003], [-5.521839972999942, 50.12372467700004], [-5.540923631999931, 50.11347077000005], [-5.540638800999943, 50.09975820500006], [-5.5346573559999115, 50.08234284100007], [-5.5455623039999296, 50.06891510600008], [-5.563465949999909, 50.05963776200008], [-5.57843990799995, 50.054754950000074], [-5.61945553299995, 50.046210028000075], [-5.667388475999928, 50.04287344000005], [-5.705148891999954, 50.05231354400007], [-5.715646938999953, 50.08270905200004], [-5.705962693999936, 50.08348216400009], [-5.698801235999952, 50.08539459800005], [-5.694488084999932, 50.089504299000055], [-5.694406704999949, 50.095770575000074], [-5.697092251999948, 50.10053131700005], [-5.700306769999941, 50.103216864000046], [-5.701975063999953, 50.103176174000055], [-5.707386847999942, 50.12201569200005], [-5.70921790299991, 50.13263580900008], [-5.70539303299995, 50.13727448100008], [-5.7035212879999335, 50.140611070000034], [-5.684641079999949, 50.16152578300006], [-5.676747199999909, 50.16502513200004], [-5.647368943999936, 50.17206452000005], [-5.583607550999943, 50.19586823100008], [-5.549427863999938, 50.20351797100005], [-5.5109757149999155, 50.21946849200003], [-5.4891251289999445, 50.21979401200008], [-5.458119269999941, 50.20075104400007], [-5.437977667999917, 50.19432200700004], [-5.417388475999928, 50.202460028000075], [-5.402943488999938, 50.21735260600008], [-5.395863410999937, 50.22724030200004], [-5.39289303299995, 50.23655833500004], [-5.3875626289999445, 50.240301825000074], [-5.351918097999942, 50.240301825000074], [-5.3148494129999335, 50.253607489000046], [-5.200306769999941, 50.33075592700004], [-5.1635636059999115, 50.34723541900007], [-5.1498917309999115, 50.35016510600008], [-5.146473761999914, 50.35529205900008], [-5.145659959999932, 50.366888739000046], [-5.147043423999946, 50.37938060100004], [-5.153675910999937, 50.39948151200008], [-5.142404751999948, 50.40448639500005], [-5.12726803299995, 50.40521881700005], [-5.119740363999938, 50.40477122600004], [-5.0502823559999115, 50.42869700700004], [-5.0481664699999556, 50.43439362200007], [-5.038726365999935, 50.44790273600006], [-5.029774542999917, 50.486761786000045], [-5.0286352199999556, 50.507025458000044], [-5.025257941999939, 50.52423737200007], [-5.015614386999914, 50.53803131700005], [-4.9955948559999115, 50.548163153000075], [-4.975168423999946, 50.548163153000075], [-4.967844204999949, 50.55158112200007], [-4.954823370999918, 50.56122467700004], [-4.947255011999914, 50.56244538000004], [-4.941477016999954, 50.55695221600007], [-4.937123175999943, 50.54531484600005], [-4.9344376289999445, 50.53164297100005], [-4.933583136999914, 50.52024974200003], [-4.926869269999941, 50.52289459800005], [-4.924305792999917, 50.52448151200008], [-4.920521613999938, 50.52765534100007], [-4.902414516999954, 50.52057526200008], [-4.860951300999943, 50.519191799000055], [-4.844838019999941, 50.51406484600005], [-4.855824347999942, 50.527411200000074], [-4.87328040299991, 50.534084377000056], [-4.906239386999914, 50.54197825700004], [-4.921864386999914, 50.55487702000005], [-4.92023678299995, 50.564154364000046], [-4.915191209999932, 50.57249583500004], [-4.920521613999938, 50.58295319200005], [-4.920521613999938, 50.589178778000075], [-4.895659959999932, 50.585923570000034], [-4.821197068999936, 50.589178778000075], [-4.7924698559999115, 50.59520091400009], [-4.7766007149999155, 50.60984935100004], [-4.765044725999928, 50.62799713700008], [-4.7492569649999155, 50.64443594000005], [-4.755441860999952, 50.659369208000044], [-4.751942511999914, 50.67007070500006], [-4.741932745999918, 50.67487213700008], [-4.728138800999943, 50.672308661000045], [-4.657297329999949, 50.71112702000005], [-4.645578579999949, 50.723537502000056], [-4.637806769999941, 50.74115631700005], [-4.619007941999939, 50.754787502000056], [-4.577259894999941, 50.774725653000075], [-4.5501195949999556, 50.80955638200004], [-4.55492102799991, 50.897772528000075], [-4.543771938999953, 50.93919505400004], [-4.536854620999918, 50.94757721600007], [-4.5226944649999155, 50.972723700000074], [-4.5266820949999556, 50.98037344000005], [-4.530425584999932, 50.99469635600008], [-4.531320766999954, 51.008693752000056], [-4.526437954999949, 51.014960028000075], [-4.437326626999948, 51.014960028000075], [-4.4264216789999296, 51.01268138200004], [-4.4057511059999115, 51.00287506700005], [-4.3957413399999155, 51.00067780200004], [-4.337717251999948, 50.99664948100008], [-4.317290818999936, 51.00067780200004], [-4.302316860999952, 51.007513739000046], [-4.234730597999942, 51.05532461100006], [-4.2291560539999296, 51.06110260600008], [-4.224680141999954, 51.06708405200004], [-4.218495245999918, 51.07245514500005], [-4.207997199999909, 51.07636139500005], [-4.214263475999928, 51.086004950000074], [-4.226307745999918, 51.11322663000004], [-4.228505011999914, 51.120428778000075], [-4.2319229809999115, 51.12669505400004], [-4.249012824999909, 51.14288971600007], [-4.255767381999931, 51.15151601800005], [-4.222320115999935, 51.149725653000075], [-4.214833136999914, 51.15151601800005], [-4.208363410999937, 51.16229889500005], [-4.2098282539999445, 51.17283763200004], [-4.217274542999917, 51.18138255400004], [-4.228505011999914, 51.18622467700004], [-4.228505011999914, 51.19245026200008], [-4.152333136999914, 51.21161530200004], [-3.969471808999913, 51.22239817900004], [-3.931996222999942, 51.231350002000056], [-3.9131973949999406, 51.23338450700004], [-3.840891079999949, 51.23338450700004], [-3.818959113999938, 51.23607005400004], [-3.787098761999914, 51.24677155200004], [-3.769154425999943, 51.247707424000055], [-3.6397598949999406, 51.22638580900008], [-3.559315558999913, 51.22809479400007], [-3.434193488999938, 51.20978424700007], [-3.4043676419999542, 51.19204336100006], [-3.38499915299991, 51.18622467700004], [-3.2707413399999155, 51.18939850500004], [-3.198882615999935, 51.203558661000045], [-3.1627498039999296, 51.206732489000046], [-3.096750454999949, 51.20453522300005], [-3.057525193999936, 51.20815664300005], [-3.029286261999914, 51.220404364000046], [-3.021839972999942, 51.21356842700004], [-3.0355525379999335, 51.199286200000074], [-3.021839972999942, 51.19245026200008], [-3.004790818999936, 51.21312083500004], [-3.0013321609999366, 51.220404364000046], [-2.9995824859999516, 51.23322174700007], [-3.0015356109999516, 51.23969147300005], [-3.0049942699999406, 51.24506256700005], [-3.008168097999942, 51.25454336100006], [-3.0076391269999476, 51.29197825700004], [-3.0106095039999445, 51.310980536000045], [-3.021839972999942, 51.32282135600008], [-3.0024307929999168, 51.31907786700003], [-2.992176886999914, 51.321926174000055], [-2.992095506999931, 51.32204824400009], [-2.988392706999946, 51.33112213700008], [-2.9877823559999115, 51.34666575700004], [-2.9798884759999282, 51.35586172100005], [-2.965972459999932, 51.364935614000046], [-2.959584113999938, 51.374253648000035], [-2.9746801419999542, 51.38422272300005], [-2.9529516269999476, 51.398504950000074], [-2.9210098949999406, 51.39443594000005], [-2.8841853509999282, 51.41697825700004], [-2.816395636999914, 51.47361888200004], [-2.798573370999918, 51.48261139500005], [-2.780873175999943, 51.48908112200007], [-2.7612198559999115, 51.49286530200004], [-2.7376195949999556, 51.49408600500004], [-2.716420050999943, 51.49957916900007], [-2.6961563789999445, 51.51264069200005], [-2.6078181629999335, 51.60736725500004], [-2.599598761999914, 51.611395575000074], [-2.5892227859999366, 51.61424388200004], [-2.580433722999942, 51.61863841400009], [-2.5768123039999296, 51.62750885600008], [-2.57445227799991, 51.63572825700004], [-2.568959113999938, 51.644964911000045], [-2.562245245999918, 51.65338776200008], [-2.556385870999918, 51.65924713700008], [-2.499175584999932, 51.69676341400009], [-2.464995897999927, 51.725897528000075], [-2.4477432929999168, 51.73187897300005], [-2.404896613999938, 51.74115631700005], [-2.3885391919999392, 51.750433661000045], [-2.380767381999931, 51.76190827000005], [-2.3833715489999463, 51.77326080900008], [-2.398060675999943, 51.782131252000056], [-2.4024145169999542, 51.76357656500005], [-2.4203995429999168, 51.753119208000044], [-2.4434301419999542, 51.74843984600005], [-2.4632869129999335, 51.747300523000035], [-2.482085740999935, 51.74286530200004], [-2.495838995999918, 51.73200104400007], [-2.507964647999927, 51.71857330900008], [-2.5221248039999296, 51.706366278000075], [-2.581695115999935, 51.681708075000074], [-2.5911352199999556, 51.67536041900007], [-2.600209113999938, 51.66559479400007], [-2.6653539699999556, 51.617254950000074], [-2.6937556629999335, 51.59617747600004], [-2.71312415299991, 51.58661530200004], [-2.760487433999913, 51.579779364000046], [-2.7980850899999155, 51.56350332200009], [-2.816395636999914, 51.555568752000056], [-2.8587133449999556, 51.546128648000035], [-2.943348761999914, 51.54254791900007], [-2.9562882149999155, 51.54572174700007], [-2.9641007149999155, 51.552801825000074], [-2.969471808999913, 51.559881903000075], [-2.9746801419999542, 51.56297435100004], [-2.984038865999935, 51.55853913000004], [-3.0102432929999168, 51.53803131700005], [-3.0156957669999542, 51.53164297100005], [-3.0737198559999115, 51.50836823100008], [-3.0764867829999503, 51.50775788000004], [-3.088937954999949, 51.505072333000044], [-3.105620897999927, 51.49721914300005], [-3.1317032539999445, 51.48041413000004], [-3.1350805329999503, 51.47630442900004], [-3.1409399079999503, 51.46478913000004], [-3.1453751289999445, 51.45994700700004], [-3.1524145169999542, 51.45718008000006], [-3.1666560539999296, 51.45600006700005], [-3.1723933579999084, 51.45327383000006], [-3.1727188789999445, 51.453111070000034], [-3.160064256999931, 51.43183014500005], [-3.167144334999932, 51.41046784100007], [-3.1848038399999155, 51.39760976800005], [-3.204009568999936, 51.401597398000035], [-3.218861456999946, 51.402777411000045], [-3.289418097999942, 51.38422272300005], [-3.539173956999946, 51.398504950000074], [-3.557443813999953, 51.40509674700007], [-3.5753067699999406, 51.420436916000085], [-3.6047257149999155, 51.44570547100005], [-3.6631973949999406, 51.476223049000055], [-3.6769913399999155, 51.47703685100004], [-3.695423956999946, 51.47150299700007], [-3.717925584999932, 51.478583075000074], [-3.7376195949999556, 51.49087148600006], [-3.748036261999914, 51.50092194200005], [-3.7494197259999282, 51.50535716400009], [-3.747670050999943, 51.507025458000044], [-3.7445369129999335, 51.50763580900008], [-3.741851365999935, 51.50836823100008], [-3.7493383449999556, 51.52806224200003], [-3.7519018219999225, 51.53306712400007], [-3.758941209999932, 51.54677969000005], [-3.770130988999938, 51.56329987200007], [-3.782215949999909, 51.57664622600004], [-3.7902725899999155, 51.58197663000004], [-3.8077286449999406, 51.589178778000075], [-3.8169652989999463, 51.59650299700007], [-3.8326716789999296, 51.61554596600007], [-3.8416235019999476, 51.621527411000045], [-3.8548884759999282, 51.62384674700007], [-3.8867895169999542, 51.62140534100007], [-3.9623917309999115, 51.61562734600005], [-3.9766332669999542, 51.61188385600008], [-3.989979620999918, 51.60651276200008], [-3.998768683999913, 51.60028717700004], [-3.999908006999931, 51.59088776200008], [-3.9922582669999542, 51.58112213700008], [-3.9818009109999366, 51.571600653000075], [-3.974598761999914, 51.56297435100004], [-4.016184048999946, 51.56297435100004], [-4.016102667999917, 51.56037018400008], [-4.0208227199999556, 51.555853583000044], [-4.026519334999932, 51.554022528000075], [-4.029204881999931, 51.55927155200004], [-4.031971808999913, 51.56313711100006], [-4.0385636059999115, 51.56622955900008], [-4.046457485999952, 51.568426825000074], [-4.0531306629999335, 51.569240627000056], [-4.056304490999935, 51.56704336100006], [-4.065581834999932, 51.55756256700005], [-4.070220506999931, 51.555568752000056], [-4.0768123039999296, 51.55695221600007], [-4.087269660999937, 51.56191640800006], [-4.112131313999953, 51.565619208000044], [-4.121652798999946, 51.56598541900007], [-4.132191535999937, 51.56297435100004], [-4.142730272999927, 51.55695221600007], [-4.156809048999946, 51.54629140800006], [-4.1664119129999335, 51.54254791900007], [-4.176503058999913, 51.544256903000075], [-4.18773352799991, 51.54877350500004], [-4.1967667309999115, 51.54938385600008], [-4.200550910999937, 51.538763739000046], [-4.213368292999917, 51.539129950000074], [-4.272450324999909, 51.554754950000074], [-4.2899063789999445, 51.555568752000056], [-4.293324347999942, 51.55914948100008], [-4.29515540299991, 51.56195709800005], [-4.297352667999917, 51.569240627000056], [-4.278309699999909, 51.578192450000074], [-4.280832485999952, 51.58881256700005], [-4.2897029289999296, 51.601548570000034], [-4.2899063789999445, 51.61701080900008], [-4.255767381999931, 51.62384674700007], [-4.252023891999954, 51.62710195500006], [-4.241281704999949, 51.63934967700004], [-4.234730597999942, 51.644964911000045], [-4.228505011999914, 51.63743724200003], [-4.234730597999942, 51.63743724200003], [-4.234730597999942, 51.631293036000045], [-4.2278539699999556, 51.628119208000044], [-4.22101803299995, 51.62384674700007], [-4.1900935539999296, 51.63027578300006], [-4.139027472999942, 51.63231028900009], [-4.0912979809999115, 51.639878648000035], [-4.070220506999931, 51.66229889500005], [-4.0698136059999115, 51.66893138200004], [-4.070383266999954, 51.67430247600004], [-4.07054602799991, 51.67597077000005], [-4.0754288399999155, 51.677801825000074], [-4.087269660999937, 51.668850002000056], [-4.095448370999918, 51.66510651200008], [-4.106841600999928, 51.66425202000005], [-4.146351691999939, 51.66705963700008], [-4.200550910999937, 51.68585846600007], [-4.214955206999946, 51.679673570000034], [-4.293690558999913, 51.67226797100005], [-4.3152970039999445, 51.67747630400004], [-4.342355923999946, 51.69086334800005], [-4.3664444649999155, 51.70848216400009], [-4.379261847999942, 51.72687409100007], [-4.338042772999927, 51.72333405200004], [-4.319976365999935, 51.72483958500004], [-4.310454881999931, 51.733710028000075], [-4.328724738999938, 51.73297760600008], [-4.3471573559999115, 51.73578522300005], [-4.3625382149999155, 51.74286530200004], [-4.371815558999913, 51.754787502000056], [-4.368763800999943, 51.75698476800005], [-4.362904425999943, 51.76386139500005], [-4.358021613999938, 51.773138739000046], [-4.358225063999953, 51.782131252000056], [-4.365101691999939, 51.789048570000034], [-4.3714900379999335, 51.78595612200007], [-4.379261847999942, 51.77529531500005], [-4.384917772999927, 51.77187734600005], [-4.3929744129999335, 51.763739325000074], [-4.399159308999913, 51.76162344000005], [-4.409331834999932, 51.76316966400009], [-4.417876756999931, 51.76788971600007], [-4.426503058999913, 51.77529531500005], [-4.445790167999917, 51.77326080900008], [-4.449330206999946, 51.76630280200004], [-4.441395636999914, 51.75678131700005], [-4.426503058999913, 51.747300523000035], [-4.460764126999948, 51.73578522300005], [-4.4988907539999445, 51.73484935100004], [-4.574208136999914, 51.74115631700005], [-4.603423631999931, 51.73924388200004], [-4.639230923999946, 51.73318105700008], [-4.6453751289999445, 51.732123114000046], [-4.678212042999917, 51.71743398600006], [-4.680287238999938, 51.692694403000075], [-4.689442511999914, 51.69159577000005], [-4.69163977799991, 51.689886786000045], [-4.69163977799991, 51.685980536000045], [-4.693959113999938, 51.67841217700004], [-4.712310350999928, 51.650091864000046], [-4.721424933999913, 51.652044989000046], [-4.734934048999946, 51.65924713700008], [-4.741851365999935, 51.65607330900008], [-4.759185350999928, 51.644964911000045], [-4.8482966789999296, 51.64630768400008], [-4.86351477799991, 51.64411041900007], [-4.878977016999954, 51.63743724200003], [-4.887806769999941, 51.62995026200008], [-4.8957413399999155, 51.621079820000034], [-4.904774542999917, 51.61383698100008], [-4.923695441999939, 51.608628648000035], [-4.931996222999942, 51.59902578300006], [-4.941029425999943, 51.59650299700007], [-4.946034308999913, 51.59760163000004], [-4.956450975999928, 51.602769273000035], [-5.021595831999946, 51.61603424700007], [-5.0457657539999445, 51.62689850500004], [-5.0366104809999115, 51.63743724200003], [-5.0511775379999335, 51.65692780200004], [-5.100493943999936, 51.66469961100006], [-5.119740363999938, 51.67841217700004], [-5.113433397999927, 51.68528880400004], [-5.0366104809999115, 51.67841217700004], [-5.038726365999935, 51.68183014500005], [-5.04133053299995, 51.68939850500004], [-5.043446417999917, 51.692694403000075], [-5.028675910999937, 51.69293854400007], [-5.002552863999938, 51.68740469000005], [-4.988189256999931, 51.68585846600007], [-4.974598761999914, 51.687933661000045], [-4.941029425999943, 51.70014069200005], [-4.892648891999954, 51.706366278000075], [-4.868275519999941, 51.716782945000034], [-4.8580623039999296, 51.71832916900007], [-4.844838019999941, 51.71381256700005], [-4.844838019999941, 51.720038153000075], [-4.873402472999942, 51.73773834800005], [-4.879017706999946, 51.76203034100007], [-4.8625382149999155, 51.78237539300005], [-4.824330206999946, 51.788275458000044], [-4.824330206999946, 51.79572174700007], [-4.836008266999954, 51.790716864000046], [-4.864979620999918, 51.783270575000074], [-4.921294725999928, 51.78001536700003], [-4.933583136999914, 51.77529531500005], [-4.9172257149999155, 51.77533600500004], [-4.905181443999936, 51.771185614000046], [-4.900542772999927, 51.76211172100005], [-4.906239386999914, 51.747300523000035], [-4.8920792309999115, 51.73940664300005], [-4.895659959999932, 51.728176174000055], [-4.9105525379999335, 51.71820709800005], [-4.988189256999931, 51.70685455900008], [-5.009917772999927, 51.706366278000075], [-5.149240688999953, 51.718085028000075], [-5.166900193999936, 51.71381256700005], [-5.156971808999913, 51.69757721600007], [-5.1686091789999296, 51.68891022300005], [-5.1828507149999155, 51.68927643400008], [-5.180653449999909, 51.70014069200005], [-5.180653449999909, 51.706366278000075], [-5.230132615999935, 51.73004791900007], [-5.2495011059999115, 51.733710028000075], [-5.228138800999943, 51.73395416900007], [-5.213937954999949, 51.73574453300006], [-5.202870245999918, 51.74079010600008], [-5.191151495999918, 51.75104401200008], [-5.176828579999949, 51.75967031500005], [-5.1432185539999296, 51.76386139500005], [-5.125965949999909, 51.76850006700005], [-5.110259568999936, 51.778509833000044], [-5.107085740999935, 51.78807200700004], [-5.112294074999909, 51.81317780200004], [-5.113392706999946, 51.82880280200004], [-5.11750240799995, 51.84369538000004], [-5.125884568999936, 51.85602448100008], [-5.139637824999909, 51.86399974200003], [-5.146473761999914, 51.85716380400004], [-5.16437740799995, 51.86676666900007], [-5.2037654289999296, 51.87018463700008], [-5.221587693999936, 51.87767161700003], [-5.2358292309999115, 51.87103913000004], [-5.2914119129999335, 51.86399974200003], [-5.3109431629999335, 51.86399974200003], [-5.304269985999952, 51.867621161000045], [-5.297352667999917, 51.87018463700008], [-5.297352667999917, 51.87767161700003], [-5.300689256999931, 51.882025458000044], [-5.302561001999948, 51.88523997600004], [-5.300160285999937, 51.888332424000055], [-5.2905167309999115, 51.89199453300006], [-5.2905167309999115, 51.898138739000046], [-5.2983292309999115, 51.91095612200007], [-5.288929816999939, 51.91693756700005], [-5.252837693999936, 51.91864655200004], [-5.234201626999948, 51.923041083000044], [-5.204172329999949, 51.942287502000056], [-5.191151495999918, 51.946600653000075], [-5.16038977799991, 51.94944896000004], [-5.1195369129999335, 51.95892975500004], [-5.088042772999927, 51.97601959800005], [-5.085031704999949, 52.00185781500005], [-5.070790167999917, 52.00185781500005], [-5.070790167999917, 52.00804271000004], [-5.082753058999913, 52.01447174700007], [-5.081206834999932, 52.021185614000046], [-5.070220506999931, 52.02635325700004], [-5.053700324999909, 52.028509833000044], [-5.0266007149999155, 52.027411200000074], [-5.015044725999928, 52.02533600500004], [-4.961740688999953, 52.007513739000046], [-4.942534959999932, 52.007473049000055], [-4.913685675999943, 52.014837958000044], [-4.920521613999938, 52.028509833000044], [-4.9016007149999155, 52.02643463700008], [-4.863189256999931, 52.01699453300006], [-4.841420050999943, 52.014837958000044], [-4.83226477799991, 52.01898834800005], [-4.833851691999939, 52.02875397300005], [-4.8382869129999335, 52.04010651200008], [-4.838002081999946, 52.04901764500005], [-4.83039303299995, 52.05292389500005], [-4.796986456999946, 52.05646393400008], [-4.77757727799991, 52.064886786000045], [-4.7631729809999115, 52.075873114000046], [-4.7386775379999335, 52.100816148000035], [-4.720285610999952, 52.113348700000074], [-4.7065323559999115, 52.11347077000005], [-4.673451300999943, 52.09739817900004], [-4.675689256999931, 52.126939195000034], [-4.637521938999953, 52.13849518400008], [-4.513824022999927, 52.13568756700005], [-4.50226803299995, 52.138373114000046], [-4.495757615999935, 52.14350006700005], [-4.490956183999913, 52.150376695000034], [-4.484283006999931, 52.156317450000074], [-4.454701300999943, 52.16205475500004], [-4.4348038399999155, 52.170355536000045], [-4.415394660999937, 52.18154531500005], [-4.385568813999953, 52.20343659100007], [-4.371245897999927, 52.20929596600007], [-4.3547257149999155, 52.212103583000044], [-4.334339972999942, 52.21283600500004], [-4.315825975999928, 52.21629466400003], [-4.197132941999939, 52.279282945000034], [-4.1390681629999335, 52.33022695500006], [-4.10960852799991, 52.365301825000074], [-4.096262173999946, 52.387884833000044], [-4.0873917309999115, 52.430121161000045], [-4.0789688789999445, 52.45302969000005], [-4.067941860999952, 52.47361888200004], [-4.056548631999931, 52.48786041900007], [-4.0618383449999556, 52.49705638200004], [-4.064035610999952, 52.50918203300006], [-4.062570766999954, 52.52098216400003], [-4.056548631999931, 52.52944570500006], [-4.048491990999935, 52.530462958000044], [-4.0266007149999155, 52.52338288000004], [-4.016184048999946, 52.52195872600004], [-3.998768683999913, 52.52594635600008], [-3.9473363919999542, 52.549261786000045], [-3.9473363919999542, 52.556708075000074], [-3.9744766919999392, 52.55654531500005], [-4.025868292999917, 52.545355536000045], [-4.0531306629999335, 52.54242584800005], [-4.068470831999946, 52.550116278000075], [-4.1141251289999445, 52.58860911700003], [-4.125477667999917, 52.60390859600005], [-4.122222459999932, 52.62872955900008], [-4.105946417999917, 52.653509833000044], [-4.0848282539999445, 52.67267487200007], [-4.067128058999913, 52.68024323100008], [-4.063547329999949, 52.68309153900003], [-4.05882727799991, 52.696600653000075], [-4.056548631999931, 52.70066966400003], [-4.052723761999914, 52.70221588700008], [-4.041981574999909, 52.70465729400007], [-4.001088019999941, 52.72410716400003], [-3.988270636999914, 52.73427969000005], [-4.014719204999949, 52.73232656500005], [-4.031971808999913, 52.723944403000075], [-4.048817511999914, 52.721584377000056], [-4.125152147999927, 52.77830638200004], [-4.144357876999948, 52.802801825000074], [-4.149037238999938, 52.81207916900007], [-4.146229620999918, 52.82021719000005], [-4.128895636999914, 52.82363515800006], [-4.117339647999927, 52.83075592700004], [-4.1197810539999296, 52.84625885600008], [-4.127756313999953, 52.86172109600005], [-4.132191535999937, 52.86831289300005], [-4.131988084999932, 52.882473049000055], [-4.129872199999909, 52.88922760600008], [-4.123605923999946, 52.89325592700004], [-4.064035610999952, 52.919175523000035], [-4.071400519999941, 52.921087958000044], [-4.074574347999942, 52.92279694200005], [-4.0776261059999115, 52.926662502000056], [-4.0891007149999155, 52.918850002000056], [-4.100493943999936, 52.914129950000074], [-4.1105850899999155, 52.915676174000055], [-4.118560350999928, 52.926662502000056], [-4.144398566999939, 52.91478099200003], [-4.171620245999918, 52.91347890800006], [-4.228505011999914, 52.919175523000035], [-4.300689256999931, 52.905585028000075], [-4.317290818999936, 52.89935944200005], [-4.337310350999928, 52.89203522300005], [-4.406605597999942, 52.89252350500004], [-4.4272354809999115, 52.885972398000035], [-4.446197068999936, 52.87592194200005], [-4.4816788399999155, 52.850897528000075], [-4.477935350999928, 52.84833405200004], [-4.475493943999936, 52.84414297100005], [-4.491363084999932, 52.83820221600007], [-4.500965949999909, 52.82680898600006], [-4.501332160999937, 52.81391022300005], [-4.4891251289999445, 52.803168036000045], [-4.501942511999914, 52.794989325000074], [-4.509185350999928, 52.791449286000045], [-4.5164688789999445, 52.789496161000045], [-4.5285538399999155, 52.79047272300005], [-4.5424698559999115, 52.80068594000005], [-4.5639542309999115, 52.80524323100008], [-4.583078579999949, 52.81464264500005], [-4.594634568999936, 52.81679922100005], [-4.606516079999949, 52.81509023600006], [-4.61351477799991, 52.81110260600008], [-4.619211391999954, 52.80654531500005], [-4.626332160999937, 52.803168036000045], [-4.648589647999927, 52.79962799700007], [-4.704497850999928, 52.803168036000045], [-4.719309048999946, 52.79751211100006], [-4.733225063999953, 52.78750234600005], [-4.747425910999937, 52.78343333500004], [-4.762847459999932, 52.789496161000045], [-4.752512173999946, 52.79877350500004], [-4.7514542309999115, 52.80320872600004], [-4.755441860999952, 52.80931224200003], [-4.7492569649999155, 52.81427643400008], [-4.734934048999946, 52.83047109600005], [-4.596058722999942, 52.92841217700004], [-4.580962693999936, 52.93349844000005], [-4.562082485999952, 52.93451569200005], [-4.543527798999946, 52.937933661000045], [-4.523996548999946, 52.944240627000056], [-4.443430141999954, 52.98216380400004], [-4.423695441999939, 53.00263092700004], [-4.358225063999953, 53.02846914300005], [-4.349964972999942, 53.04148997600004], [-4.345692511999914, 53.059475002000056], [-4.343861456999946, 53.10106028900003], [-4.340891079999949, 53.11273834800005], [-4.334339972999942, 53.11676666900007], [-4.3276261059999115, 53.11469147300005], [-4.324696417999917, 53.10789622600004], [-4.320668097999942, 53.10150788000004], [-4.312245245999918, 53.109442450000074], [-4.304758266999954, 53.12099844000005], [-4.303618943999936, 53.12531159100007], [-4.263539191999939, 53.15452708500004], [-4.2523494129999335, 53.159409898000035], [-4.234527147999927, 53.16400788000004], [-4.221302863999938, 53.175034898000035], [-4.200550910999937, 53.20099518400008], [-4.17796790299991, 53.21759674700007], [-4.151519334999932, 53.22809479400007], [-4.122222459999932, 53.23346588700008], [-4.0906876289999445, 53.23517487200007], [-4.08234615799995, 53.23354726800005], [-4.074330206999946, 53.23065827000005], [-4.066883917999917, 53.22907135600008], [-4.054107225999928, 53.234361070000034], [-4.032297329999949, 53.24070872600004], [-4.008900519999941, 53.24445221600007], [-3.974598761999914, 53.261786200000074], [-3.8653051419999542, 53.289129950000074], [-3.8312882149999155, 53.289129950000074], [-3.841420050999943, 53.30744049700007], [-3.870757615999935, 53.32562897300005], [-3.8784073559999115, 53.337591864000046], [-3.859974738999938, 53.33633047100005], [-3.840565558999913, 53.33283112200007], [-3.822987433999913, 53.32656484600005], [-3.8101293609999516, 53.31708405200004], [-3.7905167309999115, 53.323431708000044], [-3.7688695949999556, 53.31915924700007], [-3.748199022999927, 53.307806708000044], [-3.7319229809999115, 53.29287344000005], [-3.7162979809999115, 53.28693268400008], [-3.6022029289999296, 53.28888580900008], [-3.5623266269999476, 53.29441966400003], [-3.372059699999909, 53.350897528000075], [-3.33031165299991, 53.35179271000004], [-3.2923884759999282, 53.34052155200004], [-3.2713110019999476, 53.33055247600004], [-3.262074347999942, 53.32050202000005], [-3.250803188999953, 53.312567450000074], [-3.122222459999932, 53.26227448100008], [-3.107533331999946, 53.25189850500004], [-3.0951228509999282, 53.23932526200008], [-3.0877579419999392, 53.23468659100007], [-3.0845434239999463, 53.23859284100007], [-3.0845434239999463, 53.25857168200008], [-3.0845434239999463, 53.275458075000074], [-3.09593665299991, 53.28713613500008], [-3.1111954419999392, 53.302801825000074], [-3.1354060539999296, 53.33380768400008], [-3.171538865999935, 53.36225006700005], [-3.185210740999935, 53.37726471600007], [-3.186350063999953, 53.39276764500005], [-3.175526495999918, 53.40273672100005], [-3.157297329999949, 53.40875885600008], [-3.1146541009999282, 53.41266510600008], [-3.0942276679999168, 53.41738515800006], [-3.058257615999935, 53.434759833000044], [-3.0355525379999335, 53.43374258000006], [-3.0121964179999168, 53.41669342700004], [-2.9529516269999476, 53.323919989000046], [-2.9351293609999516, 53.309475002000056], [-2.9105525379999335, 53.29633209800005], [-2.8814998039999296, 53.288397528000075], [-2.850575324999909, 53.289129950000074], [-2.849598761999914, 53.29120514500005], [-2.848378058999913, 53.29555898600006], [-2.8449600899999155, 53.300116278000075], [-2.837554490999935, 53.302801825000074], [-2.8286026679999168, 53.302435614000046], [-2.813384568999936, 53.297756252000056], [-2.8061417309999115, 53.296576239000046], [-2.789784308999913, 53.29743073100008], [-2.775502081999946, 53.29987213700008], [-2.7481176419999542, 53.30963776200008], [-2.753651495999918, 53.32245514500005], [-2.750884568999936, 53.33161041900007], [-2.743153449999909, 53.33852773600006], [-2.734486456999946, 53.34442780200004], [-2.7261449859999516, 53.34198639500005], [-2.7174373039999296, 53.34271881700005], [-2.708607550999943, 53.346136786000045], [-2.6997777989999463, 53.35179271000004], [-2.7141007149999155, 53.35236237200007], [-2.764393683999913, 53.34516022300005], [-2.775380011999914, 53.341009833000044], [-2.782378709999932, 53.32636139500005], [-2.799794074999909, 53.32103099200003], [-2.810332811999956, 53.32172272300005], [-2.843658006999931, 53.323919989000046], [-2.886463995999918, 53.33356354400007], [-2.924956834999932, 53.35000234600005], [-2.956939256999931, 53.37055084800005], [-2.980824347999942, 53.39276764500005], [-3.096587693999936, 53.54433828300006], [-3.101918097999942, 53.55805084800005], [-3.0994766919999392, 53.57200755400004], [-3.087635870999918, 53.58771393400008], [-3.021839972999942, 53.65281810100004], [-2.968658006999931, 53.69403717700004], [-2.9603572259999282, 53.69757721600007], [-2.9517309239999463, 53.70807526200008], [-2.9114477199999556, 53.725043036000045], [-2.899037238999938, 53.73541901200008], [-2.9848526679999168, 53.73607005400004], [-3.021473761999914, 53.745794989000046], [-3.049183722999942, 53.769517320000034], [-3.056385870999918, 53.80304596600007], [-3.044911261999914, 53.87848541900007], [-3.056630011999914, 53.90615469000005], [-3.040679490999935, 53.923529364000046], [-3.017567511999914, 53.93195221600007], [-2.925689256999931, 53.95270416900007], [-2.909250454999949, 53.95384349200003], [-2.896107550999943, 53.94773997600004], [-2.8885391919999392, 53.94603099200003], [-2.885365363999938, 53.950506903000075], [-2.881988084999932, 53.95652903900003], [-2.874175584999932, 53.96165599200003], [-2.865142381999931, 53.96548086100006], [-2.8579809239999463, 53.96759674700007], [-2.869252081999946, 53.97882721600007], [-2.8344620429999168, 53.99982330900008], [-2.830067511999914, 54.01601797100005], [-2.8475235669999392, 54.00836823100008], [-2.864857550999943, 54.00429922100005], [-2.895497199999909, 54.00234609600005], [-2.900298631999931, 54.00495026200008], [-2.9160863919999542, 54.026556708000044], [-2.91820227799991, 54.03432851800005], [-2.911284959999932, 54.03998444200005], [-2.9007869129999335, 54.044907945000034], [-2.8920792309999115, 54.050116278000075], [-2.872670050999943, 54.071600653000075], [-2.8588761059999115, 54.08100006700005], [-2.826771613999938, 54.08881256700005], [-2.815174933999913, 54.09878164300005], [-2.795969204999949, 54.12518952000005], [-2.8128149079999503, 54.139878648000035], [-2.8364151679999168, 54.16758860900006], [-2.8509415359999366, 54.18463776200008], [-2.854237433999913, 54.19407786700003], [-2.8328751289999445, 54.19904205900008], [-2.810292120999918, 54.21190013200004], [-2.7952367829999503, 54.22947825700004], [-2.795969204999949, 54.24872467700004], [-2.8028051419999542, 54.24872467700004], [-2.806630011999914, 54.233710028000075], [-2.8208715489999463, 54.22174713700008], [-2.850575324999909, 54.20774974200003], [-2.886382615999935, 54.19627513200004], [-2.904652472999942, 54.18764883000006], [-2.9126684239999463, 54.176988023000035], [-2.9203995429999168, 54.16205475500004], [-2.939198370999918, 54.15509674700007], [-2.9842016269999476, 54.15314362200007], [-2.997710740999935, 54.15957265800006], [-3.011341925999943, 54.17413971600007], [-3.017323370999918, 54.19009023600006], [-3.008168097999942, 54.20034414300005], [-3.015370245999918, 54.21190013200004], [-3.024484829999949, 54.221584377000056], [-3.035755988999938, 54.22597890800006], [-3.049183722999942, 54.22207265800006], [-3.044667120999918, 54.208319403000075], [-3.047840949999909, 54.19432200700004], [-3.053537563999953, 54.181301174000055], [-3.056630011999914, 54.17023346600007], [-3.0610245429999168, 54.16193268400008], [-3.090728318999936, 54.13947174700007], [-3.10765540299991, 54.11855703300006], [-3.117909308999913, 54.10883209800005], [-3.145253058999913, 54.100043036000045], [-3.147450324999909, 54.08869049700007], [-3.1443985669999392, 54.07514069200005], [-3.1453751289999445, 54.063788153000075], [-3.1805313789999445, 54.09284088700008], [-3.1897680329999503, 54.09788646000004], [-3.2057185539999296, 54.098537502000056], [-3.219553188999953, 54.100775458000044], [-3.2311091789999296, 54.105129299000055], [-3.240956183999913, 54.11212799700007], [-3.2381078769999476, 54.12759023600006], [-3.232533331999946, 54.14468008000006], [-3.233143683999913, 54.15916575700004], [-3.248402472999942, 54.16681549700007], [-3.248402472999942, 54.17365143400008], [-3.215199347999942, 54.17983633000006], [-3.206776495999918, 54.20892975500004], [-3.2090551419999542, 54.24274323100008], [-3.207386847999942, 54.263006903000075], [-3.2231339179999168, 54.25763580900008], [-3.231353318999936, 54.24721914300005], [-3.240956183999913, 54.22207265800006], [-3.232167120999918, 54.20254140800006], [-3.247141079999949, 54.19794342700004], [-3.270130988999938, 54.19912344000005], [-3.2860001289999445, 54.19721100500004], [-3.306792772999927, 54.19188060100004], [-3.3285212879999335, 54.204738674000055], [-3.3644913399999155, 54.24249909100007], [-3.394195115999935, 54.26439036700003], [-3.407378709999932, 54.27773672100005], [-3.412912563999953, 54.29376862200007], [-3.41038977799991, 54.30145905200004], [-3.405995245999918, 54.30963776200008], [-3.4041235019999476, 54.31854889500005], [-3.4114477199999556, 54.33274974200003], [-3.4134415359999366, 54.342962958000044], [-3.4163305329999503, 54.344916083000044], [-3.440174933999913, 54.35175202000005], [-3.474273240999935, 54.39350006700005], [-3.497710740999935, 54.40582916900007], [-3.5918676419999542, 54.48309967700004], [-3.608143683999913, 54.488267320000034], [-3.613189256999931, 54.49164459800005], [-3.6236873039999296, 54.50608958500004], [-3.6341853509999282, 54.512884833000044], [-3.6268204419999392, 54.520412502000056], [-3.616200324999909, 54.52757396000004], [-3.61156165299991, 54.52993398600006], [-3.5903214179999168, 54.56464264500005], [-3.5638321609999366, 54.64276764500005], [-3.5301407539999445, 54.68805573100008], [-3.5160212879999335, 54.712876695000034], [-3.5091853509999282, 54.72166575700004], [-3.500721808999913, 54.72597890800006], [-3.478871222999942, 54.730902411000045], [-3.4681290359999366, 54.73529694200005], [-3.455433722999942, 54.745021877000056], [-3.439564581999946, 54.76146067900004], [-3.4309789699999556, 54.780462958000044], [-3.440174933999913, 54.79743073100008], [-3.4075414699999556, 54.85602448100008], [-3.3879288399999155, 54.88336823100008], [-3.3644913399999155, 54.89980703300006], [-3.3449600899999155, 54.90253327000005], [-3.3333634109999366, 54.89728424700007], [-3.3227432929999168, 54.889878648000035], [-3.3064672519999476, 54.88617584800005], [-3.295725063999953, 54.88690827000005], [-3.254628058999913, 54.89980703300006], [-3.267323370999918, 54.905503648000035], [-3.317290818999936, 54.92031484600005], [-3.2914932929999168, 54.93667226800005], [-3.276519334999932, 54.943426825000074], [-3.213612433999913, 54.954413153000075], [-3.2010391919999392, 54.95221588700008], [-3.1936742829999503, 54.94863515800006], [-3.1879776679999168, 54.94448476800005], [-3.1801651679999168, 54.94082265800006], [-3.14281165299991, 54.93353913000004], [-3.122792120999918, 54.93268463700008], [-3.0395401679999168, 54.94717031500005], [-3.021839972999942, 54.954413153000075], [-3.090728318999936, 54.954413153000075], [-3.090728318999936, 54.96124909100007], [-3.0715225899999155, 54.96312083500004], [-3.0562231109999516, 54.968817450000074], [-3.040923631999931, 54.97247955900008], [-3.021839972999942, 54.968085028000075], [-3.021839972999942, 54.97553131700005], [-3.0462947259999282, 54.982123114000046], [-3.0502823559999115, 54.98151276200008], [-3.1354060539999296, 54.968085028000075], [-3.453846808999913, 54.981756903000075], [-3.470692511999914, 54.984442450000074], [-3.486236131999931, 54.989488023000035], [-3.501047329999949, 54.99249909100007], [-3.515288865999935, 54.98920319200005], [-3.5123591789999296, 54.98712799700007], [-3.511463995999918, 54.98688385600008], [-3.510894334999932, 54.985988674000055], [-3.5091853509999282, 54.981756903000075], [-3.5260310539999296, 54.97711823100008], [-3.5418595039999445, 54.98065827000005], [-3.57054602799991, 54.995428778000075], [-3.583607550999943, 54.968085028000075], [-3.5756729809999115, 54.95734284100007], [-3.5706274079999503, 54.937567450000074], [-3.5687556629999335, 54.916001695000034], [-3.57054602799991, 54.89980703300006], [-3.581695115999935, 54.88361237200007], [-3.598378058999913, 54.87799713700008], [-3.691761847999942, 54.88320547100005], [-3.7176407539999445, 54.880845445000034], [-3.739247199999909, 54.859808661000045], [-3.8101293609999516, 54.86627838700008], [-3.8078507149999155, 54.86107005400004], [-3.806792772999927, 54.86090729400007], [-3.803334113999938, 54.85887278900003], [-3.8123673169999392, 54.855169989000046], [-3.8198136059999115, 54.855902411000045], [-3.826079881999931, 54.85993073100008], [-3.8312882149999155, 54.86627838700008], [-3.819976365999935, 54.878566799000055], [-3.815052863999938, 54.87714264500005], [-3.8101293609999516, 54.87250397300005], [-3.8116348949999406, 54.88003164300005], [-3.813221808999913, 54.88312409100007], [-3.8169652989999463, 54.88617584800005], [-3.828846808999913, 54.874986070000034], [-3.8443090489999463, 54.86627838700008], [-3.839751756999931, 54.855902411000045], [-3.8374731109999516, 54.851996161000045], [-3.844105597999942, 54.85097890800006], [-3.8578995429999168, 54.84454987200007], [-3.823841925999943, 54.82469310100004], [-3.833607550999943, 54.82005442900004], [-3.885731574999909, 54.80646393400008], [-3.9641820949999556, 54.771918036000045], [-4.011708136999914, 54.76821523600006], [-4.042876756999931, 54.76947663000004], [-4.042876756999931, 54.77692291900007], [-4.046783006999931, 54.77802155200004], [-4.050200975999928, 54.778550523000035], [-4.053334113999938, 54.77997467700004], [-4.055775519999941, 54.782538153000075], [-4.05296790299991, 54.78546784100007], [-4.050160285999937, 54.78900788000004], [-4.049712693999936, 54.78998444200005], [-4.051747199999909, 54.800034898000035], [-4.0477188789999445, 54.81305573100008], [-4.049956834999932, 54.82322825700004], [-4.063588019999941, 54.82684967700004], [-4.064035610999952, 54.83152903900003], [-4.078602667999917, 54.82412344000005], [-4.09007727799991, 54.809759833000044], [-4.093495245999918, 54.792669989000046], [-4.083851691999939, 54.77692291900007], [-4.122954881999931, 54.77301666900007], [-4.173939581999946, 54.792303778000075], [-4.209136522999927, 54.826239325000074], [-4.200550910999937, 54.86627838700008], [-4.215402798999946, 54.861029364000046], [-4.2397354809999115, 54.843003648000035], [-4.255767381999931, 54.838324286000045], [-4.2707413399999155, 54.83942291900007], [-4.345285610999952, 54.86017487200007], [-4.3569229809999115, 54.86554596600007], [-4.3656306629999335, 54.87250397300005], [-4.375152147999927, 54.88690827000005], [-4.379872199999909, 54.89789459800005], [-4.386789516999954, 54.90477122600004], [-4.402902798999946, 54.90729401200008], [-4.409006313999953, 54.90302155200004], [-4.416818813999953, 54.89280833500004], [-4.423573370999918, 54.88035716400003], [-4.426503058999913, 54.86945221600007], [-4.4172257149999155, 54.84593333500004], [-4.4094132149999155, 54.831244208000044], [-4.402902798999946, 54.82469310100004], [-4.386708136999914, 54.82416413000004], [-4.372425910999937, 54.82184479400007], [-4.35960852799991, 54.81663646000004], [-4.347645636999914, 54.80731842700004], [-4.344471808999913, 54.79450104400007], [-4.353179490999935, 54.78310781500005], [-4.358143683999913, 54.77098216400003], [-4.343861456999946, 54.75641510600008], [-4.356516079999949, 54.741888739000046], [-4.353260870999918, 54.72089264500005], [-4.348133917999917, 54.70197174700007], [-4.3547257149999155, 54.693793036000045], [-4.360340949999909, 54.69159577000005], [-4.365305141999954, 54.68695709800005], [-4.371896938999953, 54.68227773600006], [-4.382394985999952, 54.68008047100005], [-4.405262824999909, 54.682074286000045], [-4.426503058999913, 54.687567450000074], [-4.4518123039999296, 54.69879791900007], [-4.46117102799991, 54.701239325000074], [-4.4967341789999296, 54.70062897300005], [-4.505604620999918, 54.70465729400007], [-4.563628709999932, 54.75641510600008], [-4.596669074999909, 54.77529531500005], [-4.714466925999943, 54.81785716400003], [-4.759592251999948, 54.82534414300005], [-4.781076626999948, 54.83307526200008], [-4.799631313999953, 54.86127350500004], [-4.821034308999913, 54.86664459800005], [-4.859120245999918, 54.86627838700008], [-4.88304602799991, 54.86009349200003], [-4.905873175999943, 54.84979889500005], [-4.925770636999914, 54.83738841400003], [-4.941029425999943, 54.82469310100004], [-4.9496150379999335, 54.81582265800006], [-4.953684048999946, 54.81000397300005], [-4.954823370999918, 54.804754950000074], [-4.954701300999943, 54.79743073100008], [-4.952870245999918, 54.78896719000005], [-4.9479060539999296, 54.777329820000034], [-4.940256313999953, 54.76703522300005], [-4.930165167999917, 54.76264069200005], [-4.923247850999928, 54.75185781500005], [-4.911936001999948, 54.728216864000046], [-4.8959854809999115, 54.70453522300005], [-4.867258266999954, 54.69013092700004], [-4.866932745999918, 54.68146393400008], [-4.872141079999949, 54.663316148000035], [-4.872425910999937, 54.65403880400004], [-4.872059699999909, 54.64923737200007], [-4.859120245999918, 54.63296133000006], [-4.880604620999918, 54.63621653900003], [-4.923491990999935, 54.649725653000075], [-4.944081183999913, 54.652777411000045], [-4.953684048999946, 54.65973541900007], [-4.959868943999936, 54.67552317900004], [-4.958973761999914, 54.69196198100008], [-4.947255011999914, 54.701239325000074], [-4.954823370999918, 54.707464911000045], [-4.958892381999931, 54.714056708000044], [-4.959055141999954, 54.72093333500004], [-4.954701300999943, 54.728501695000034], [-4.973378058999913, 54.729722398000035], [-4.981556769999941, 54.731634833000044], [-4.988189256999931, 54.73529694200005], [-4.992665167999917, 54.74433014500005], [-4.997059699999909, 54.75836823100008], [-5.003285285999937, 54.77130768400008], [-5.0130102199999556, 54.77692291900007], [-5.033192511999914, 54.782416083000044], [-5.1282445949999556, 54.848944403000075], [-5.157134568999936, 54.87909577000005], [-5.175526495999918, 54.91461823100008], [-5.180653449999909, 54.954413153000075], [-5.177601691999939, 54.99054596600007], [-5.174061728192231, 55.0]]}, "properties": {}}, {"type": "Feature", "geometry": {"type": "LineString", "coordinates": [[-5.081598534036751, 55.0], [-5.076893683999913, 54.99555084800005], [-5.069488084999932, 54.986029364000046], [-5.064564581999946, 54.97553131700005], [-5.0637914699999556, 54.96458567900004], [-5.065256313999953, 54.940334377000056], [-5.06086178299995, 54.93113841400003], [-5.0475154289999296, 54.92031484600005], [-5.030995245999918, 54.911322333000044], [-5.013091600999928, 54.90961334800005], [-4.9955948559999115, 54.92031484600005], [-4.992298956999946, 54.924261786000045], [-4.988189256999931, 54.927720445000034], [-4.988189256999931, 54.93455638200004], [-5.0240779289999296, 54.97638580900008], [-5.029774542999917, 54.98550039300005], [-5.032500779999907, 54.99371979400007], [-5.033029751999948, 54.99526601800005], [-5.03637367373977, 55.0]]}, "properties": {}}, {"type": "Feature", "geometry": {"type": "LineString", "coordinates": [[12.0, 41.99537923675863], [11.992035352000073, 41.99628327000005], [11.98218834700009, 41.99974192900004], [11.969004754000082, 42.011419989000046], [11.952647332000083, 42.02228424700007], [11.934580925000091, 42.03148021000004], [11.916840040000068, 42.03790924700007], [11.839691602000073, 42.036444403000075], [11.82748457100007, 42.03416575700004], [11.822113477000073, 42.04677969000005], [11.809418165000068, 42.06635163000004], [11.793630405000044, 42.08445872600004], [11.779795769000089, 42.09251536700003], [11.771983269000089, 42.10626862200007], [11.750173373000052, 42.12791575700004], [11.745616082000083, 42.13662344000005], [11.742930535000085, 42.15228913000004], [11.736175977000073, 42.16889069200005], [11.682139519000089, 42.25214264500005], [11.658213738000086, 42.279364325000074], [11.539073113000086, 42.348863023000035], [11.489268425000091, 42.359361070000034], [11.420664910000085, 42.38662344000005], [11.39616946700005, 42.39297109600005], [11.39616946700005, 42.400376695000034], [11.386892123000052, 42.404282945000034], [11.37663821700005, 42.40688711100006], [11.365733269000089, 42.407904364000046], [11.354665561000047, 42.40721263200004], [11.362071160000085, 42.400376695000034], [11.333018425000091, 42.40058014500005], [11.259043816000087, 42.42084381700005], [11.245616082000083, 42.422308661000045], [11.227386915000068, 42.42218659100007], [11.211273634000065, 42.41889069200005], [11.204356316000087, 42.41095612200007], [11.20093834700009, 42.39545319200005], [11.186289910000085, 42.37929922100005], [11.183848504000082, 42.36627838700008], [11.174652540000068, 42.36933014500005], [11.164724155000044, 42.36933014500005], [11.157399936000047, 42.36774323100008], [11.15593509200005, 42.36627838700008], [11.14779707100007, 42.37140534100007], [11.13453209700009, 42.38418203300006], [11.106618686000047, 42.39126211100006], [11.094493035000085, 42.40273672100005], [11.086761915000068, 42.41836172100005], [11.08694107100007, 42.429456508000044], [11.099131707000083, 42.44285716400009], [11.113021206000042, 42.44635807800006], [11.141815527000063, 42.43879721600007], [11.164190816000087, 42.43982808100009], [11.179691769000044, 42.45649774900005], [11.18844752800004, 42.480267455000046], [11.188975457000083, 42.50470612200007], [11.18685957100007, 42.520819403000075], [11.166026238000086, 42.546210028000075], [11.158457879000082, 42.56403229400007], [11.148610873000052, 42.56317780200004], [11.137217644000089, 42.55890534100007], [11.12867272200009, 42.55805084800005], [11.115977410000085, 42.571966864000046], [11.107269727000073, 42.59076569200005], [11.09742272200009, 42.60687897300005], [11.080902540000068, 42.61269765800006], [11.07781009200005, 42.63222890800006], [11.053477410000085, 42.64704010600008], [11.005707227000073, 42.66791413000004], [11.000254754000082, 42.67987702000005], [10.995616082000083, 42.69603099200003], [10.99000084700009, 42.710272528000075], [10.981211785000085, 42.71629466400009], [10.97234134200005, 42.720038153000075], [10.943614129000082, 42.74298737200007], [10.890879754000082, 42.76390208500004], [10.731293165000068, 42.80442942900004], [10.755381707000083, 42.81915924700007], [10.764903191000087, 42.835272528000075], [10.766368035000085, 42.85419342700004], [10.765635613000086, 42.87710195500006], [10.768728061000047, 42.88393789300005], [10.774587436000047, 42.88825104400007], [10.777679884000065, 42.89472077000005], [10.772959832000083, 42.90814850500004], [10.763519727000073, 42.91828034100007], [10.750743035000085, 42.92527903900009], [10.68140709700009, 42.94904205900008], [10.63249759200005, 42.95848216400009], [10.583262566000087, 42.95970286700003], [10.539073113000086, 42.94912344000005], [10.543467644000089, 42.938788153000075], [10.54656009200005, 42.934759833000044], [10.518565300000091, 42.92527903900009], [10.499522332000083, 42.94049713700008], [10.477549675000091, 42.99005768400008], [10.502696160000085, 43.005560614000046], [10.517100457000083, 43.02391185100004], [10.539073113000086, 43.079413153000075], [10.535655144000089, 43.09137604400007], [10.535655144000089, 43.112616278000075], [10.539317254000082, 43.13418203300006], [10.54656009200005, 43.14712148600006], [10.538340691000087, 43.16425202000005], [10.534434441000087, 43.18528880400004], [10.53288821700005, 43.226223049000055], [10.528168165000068, 43.24677155200004], [10.51693769600007, 43.266791083000044], [10.437022332000083, 43.38857656500005], [10.373383009000065, 43.453192450000074], [10.35914147200009, 43.465277411000045], [10.326345248000052, 43.47687409100007], [10.317230665000068, 43.492621161000045], [10.294769727000073, 43.56854889500005], [10.264008009000065, 43.80939362200007], [10.25163821700005, 43.84662506700005], [10.210134311000047, 43.92023346600007], [10.180674675000091, 43.95526764500005], [10.13648522200009, 43.97870514500005], [10.105804884000065, 44.01675039300005], [10.090586785000085, 44.025376695000034], [10.07203209700009, 44.02952708500004], [10.035329623000052, 44.04783763200004], [10.014821811000047, 44.052069403000075], [9.998545769000089, 44.05805084800005], [9.988536004000082, 44.059759833000044], [9.98414147200009, 44.05548737200007], [9.980723504000082, 44.04987213700008], [9.972666863000086, 44.04572174700007], [9.962738477000073, 44.04466380400004], [9.953623894000089, 44.04865143400008], [9.937836134000065, 44.06037018400008], [9.904307488000086, 44.07990143400008], [9.887950066000087, 44.093003648000035], [9.876800977000073, 44.08783600500004], [9.844737175000091, 44.108628648000035], [9.826426629000082, 44.10724518400008], [9.833262566000087, 44.09983958500004], [9.828623894000089, 44.09813060100004], [9.82398522200009, 44.09511953300006], [9.819590691000087, 44.093003648000035], [9.824473504000082, 44.08490631700005], [9.830577019000089, 44.07884349200003], [9.838145379000082, 44.07477448100008], [9.847504102000073, 44.07249583500004], [9.847504102000073, 44.06631094000005], [9.841644727000073, 44.063381252000056], [9.838877800000091, 44.06037018400008], [9.833262566000087, 44.052069403000075], [9.846364780000044, 44.04629140800006], [9.842539910000085, 44.04116445500006], [9.832286004000082, 44.042303778000075], [9.826426629000082, 44.05548737200007], [9.819834832000083, 44.063381252000056], [9.771820509000065, 44.079413153000075], [9.720876498000052, 44.11347077000005], [9.709727410000085, 44.11774323100008], [9.682627800000091, 44.13654205900008], [9.672536655000044, 44.14081452000005], [9.643239780000044, 44.14232005400004], [9.631032748000052, 44.144598700000074], [9.621104363000086, 44.14826080900008], [9.586192254000082, 44.177720445000034], [9.579925977000073, 44.178941148000035], [9.573008660000085, 44.19159577000005], [9.556488477000073, 44.20014069200005], [9.511241082000083, 44.21523672100005], [9.499034050000091, 44.22182851800005], [9.489756707000083, 44.230902411000045], [9.484385613000086, 44.243841864000046], [9.472504102000073, 44.23981354400007], [9.453868035000085, 44.23769765800006], [9.436778191000087, 44.239488023000035], [9.429209832000083, 44.247259833000044], [9.422373894000089, 44.25678131700005], [9.374522332000083, 44.27179596600007], [9.367686394000089, 44.29441966400009], [9.262705925000091, 44.33641185100004], [9.230642123000052, 44.35370514500005], [9.221039259000065, 44.34406159100007], [9.213715040000068, 44.33344147300005], [9.209808790000068, 44.32086823100008], [9.21070397200009, 44.30532461100006], [9.165049675000091, 44.31830475500004], [9.146657748000052, 44.328558661000045], [9.148610873000052, 44.34003327000005], [9.130056186000047, 44.363348700000074], [9.102061394000089, 44.37396881700005], [9.001231316000087, 44.38727448100008], [8.95289147200009, 44.39980703300006], [8.923675977000073, 44.41156647300005], [8.914561394000089, 44.40892161700003], [8.868418816000087, 44.40973541900007], [8.84538821700005, 44.41347890800006], [8.837738477000073, 44.417181708000044], [8.826996290000068, 44.42845286700003], [8.762380405000044, 44.43211497600004], [8.737152540000068, 44.42877838700008], [8.724782748000052, 44.42397695500006], [8.695811394000089, 44.40672435100004], [8.68531334700009, 44.398098049000055], [8.678558790000068, 44.39468008000006], [8.670909050000091, 44.39472077000005], [8.662771030000044, 44.39557526200008], [8.655121290000068, 44.39468008000006], [8.593760613000086, 44.36273834800005], [8.576670769000089, 44.360541083000044], [8.564789259000065, 44.35716380400004], [8.540293816000087, 44.34003327000005], [8.466075066000087, 44.30426666900007], [8.444509311000047, 44.28388092700004], [8.449717644000089, 44.26434967700004], [8.439463738000086, 44.253159898000035], [8.436534050000091, 44.24754466400009], [8.435394727000073, 44.24042389500005], [8.432383660000085, 44.23802317900004], [8.417246941000087, 44.23065827000005], [8.41187584700009, 44.22703685100004], [8.406504754000082, 44.21503327000005], [8.408539259000065, 44.20408763200004], [8.408213738000086, 44.19350820500006], [8.394541863000086, 44.18235911700003], [8.369395379000082, 44.173529364000046], [8.313487175000091, 44.16046784100007], [8.284678582000083, 44.14826080900008], [8.269541863000086, 44.138739325000074], [8.256521030000044, 44.12836334800005], [8.233164910000085, 44.103583075000074], [8.229991082000083, 44.09634023600006], [8.231211785000085, 44.08030833500004], [8.229991082000083, 44.07249583500004], [8.223806186000047, 44.05719635600008], [8.216319207000083, 44.04523346600007], [8.169118686000047, 44.00665924700007], [8.152679884000065, 43.98322174700007], [8.167979363000086, 43.96263255400004], [8.167979363000086, 43.95648834800005], [8.144704623000052, 43.95258209800005], [8.115244988000086, 43.92767975500004], [8.08920332100007, 43.91986725500004], [8.081553582000083, 43.915228583000044], [8.075450066000087, 43.90965403900009], [8.073008660000085, 43.90460846600007], [8.06771894600007, 43.89667389500005], [8.055674675000091, 43.89207591400009], [8.031423373000052, 43.88751862200007], [7.9597274100000845, 43.852850653000075], [7.7858179050000444, 43.821966864000046], [7.736582879000082, 43.79824453300006], [7.69499759200005, 43.79120514500005], [7.57203209700009, 43.79132721600007], [7.544118686000047, 43.784491278000075], [7.531097852000073, 43.784491278000075], [7.52320397200009, 43.789048570000034], [7.512868686000047, 43.79214101800005], [7.502289259000065, 43.792222398000035], [7.489105665000068, 43.78546784100007], [7.4848738940000885, 43.78538646000004], [7.480723504000082, 43.78583405200004], [7.476410352000073, 43.784491278000075], [7.475759311000047, 43.78082916900007], [7.4773055350000845, 43.76813385600008], [7.476410352000073, 43.76463450700004], [7.46843509200005, 43.761704820000034], [7.46265709700009, 43.76211172100005], [7.454345265000086, 43.75711729100004], [7.445974054000089, 43.74984536000005], [7.432845087000089, 43.739852548000044], [7.417956880000077, 43.73090382500004], [7.404319061000081, 43.71796907700008], [7.380722515000059, 43.71927314100009], [7.365750207000076, 43.72273028300003], [7.353184272000078, 43.715690694000045], [7.3422957690000885, 43.70783112200007], [7.338063998000052, 43.69830963700008], [7.330533323000054, 43.68642412300005], [7.319001775000061, 43.68524995800004], [7.300903921000042, 43.687689084000056], [7.280252530000041, 43.69332627400007], [7.257273161000057, 43.69164800400006], [7.241674873000079, 43.68486905200007], [7.228509115000065, 43.67419580900008], [7.23181420800006, 43.66347049400008], [7.2138045990000705, 43.648672916000066], [7.203791110000054, 43.64435965000007], [7.196677433000048, 43.656916607000085], [7.1776510020000615, 43.66010941900004], [7.1645948910000925, 43.65606095600003], [7.151621941000087, 43.65477122600004], [7.14421634200005, 43.64545319200005], [7.136566602000073, 43.64118073100008], [7.133067254000082, 43.63385651200008], [7.126154018000079, 43.60583297200009], [7.132090691000087, 43.57880280200004], [7.13257897200009, 43.573553778000075], [7.136241540000071, 43.56245863800007], [7.138916191000078, 43.55402035800006], [7.1255111780000675, 43.547768114000064], [7.112940732000084, 43.56454415400009], [7.104323741000087, 43.568293579000056], [7.08842678700006, 43.568674446000045], [7.071052428000087, 43.56080479800005], [7.058107568000082, 43.549885465000045], [7.045077517000038, 43.542142829000056], [7.03720222700008, 43.53626350600007], [7.03063439400006, 43.547889169000086], [7.0144681330000935, 43.54708658200008], [6.9938186720000886, 43.54890562600008], [6.975599612000053, 43.54694595700005], [6.962087436000047, 43.54010651200008], [6.945203125000091, 43.52725267200009], [6.94088799900004, 43.512459668000076], [6.949554884000065, 43.507879950000074], [6.94898522200009, 43.50739166900007], [6.953805085000056, 43.50461583900005], [6.954298556000083, 43.500106394000056], [6.925079666000045, 43.472760512000036], [6.920372044000089, 43.44901182400008], [6.898241732000088, 43.43799878100003], [6.8940279900000405, 43.42762841500007], [6.871072493000042, 43.42609293000004], [6.86967160800009, 43.43205232200006], [6.866559591000055, 43.43545579400006], [6.862957239000082, 43.439362059000075], [6.857987506000086, 43.43617576500009], [6.856098247000091, 43.42872944000004], [6.860136328000067, 43.41586789000007], [6.846671575000073, 43.41257713600004], [6.834825863000049, 43.415811149000035], [6.818843208000089, 43.416072341000074], [6.783050322000065, 43.408634723000034], [6.772973707000062, 43.41845419200007], [6.757085807000067, 43.42268659200005], [6.746501343000091, 43.417906118000076], [6.731146285000079, 43.407846721000055], [6.732823701000086, 43.38207900700007], [6.717784050000091, 43.366888739000046], [6.7178375340000684, 43.350604247000035], [6.693930649000038, 43.34837157100009], [6.6745711600000845, 43.34638092700004], [6.666026238000086, 43.333197333000044], [6.661306186000047, 43.322333075000074], [6.65202884200005, 43.31492747600004], [6.62462860100004, 43.29591306000009], [6.597242936000043, 43.284007286000076], [6.590891640000052, 43.26889795100004], [6.611672016000057, 43.26428823700007], [6.672358114000076, 43.27619557300005], [6.6933736080000585, 43.27297279800007], [6.698021526000048, 43.26545707400004], [6.68539489200009, 43.248037166000074], [6.668355527000074, 43.23953564200008], [6.665403062000053, 43.22128973900004], [6.671977632000051, 43.21360924600003], [6.679800772000078, 43.20155281400008], [6.660400217000074, 43.19041167900008], [6.64039147200009, 43.18183014500005], [6.629161004000082, 43.17987702000005], [6.6098738940000885, 43.17340729400007], [6.599457227000073, 43.174994208000044], [6.59546959700009, 43.17987702000005], [6.593272332000083, 43.18773021000004], [6.581275607000066, 43.18437362000009], [6.563718110000082, 43.18444937500004], [6.53991191700004, 43.18220400900009], [6.536426701000039, 43.17254385500007], [6.526714449000053, 43.16056742200004], [6.505683047000048, 43.15097126400008], [6.479162710000082, 43.15606016800007], [6.451331547000052, 43.15271929100004], [6.4220175720000725, 43.15234158000004], [6.401678985000046, 43.14693816700009], [6.37854096500007, 43.13607915600005], [6.36608020500006, 43.11863492200007], [6.36987767800008, 43.10551938000003], [6.37537147200004, 43.09084111400006], [6.342257678000067, 43.09076336900006], [6.3288680350000845, 43.09992096600007], [6.325694207000083, 43.10419342700004], [6.306202437000081, 43.10941311600004], [6.28037394100005, 43.11866552300006], [6.2534701790000895, 43.12087477300008], [6.219702497000071, 43.11654758100008], [6.193198227000039, 43.10877332700005], [6.178664022000078, 43.10285632800009], [6.162933790000068, 43.09259674700007], [6.153168165000068, 43.071966864000046], [6.152767707000066, 43.04810730600008], [6.171330439000087, 43.042324989000065], [6.185420303000058, 43.04544363500008], [6.1800724480000895, 43.035922138000046], [6.154461750000053, 43.03375113300007], [6.097694325000077, 43.031261474000075], [6.088517320000051, 43.034848587000056], [6.103031188000045, 43.04078050000004], [6.119254454000043, 43.045150180000064], [6.132065822000072, 43.052638336000086], [6.129087889000061, 43.07136218800008], [6.10966232800007, 43.08431566500008], [6.091933384000072, 43.08290279500005], [6.044522586000085, 43.07820776700004], [6.027008490000071, 43.07819510200005], [6.016520033000063, 43.098936371000036], [5.991732384000045, 43.102347472000076], [5.958652331000053, 43.10216795200006], [5.9340926440000885, 43.11359284100007], [5.936534050000091, 43.11945221600007], [5.9382430350000845, 43.12909577000005], [5.940928582000083, 43.134019273000035], [5.9244897800000444, 43.13434479400007], [5.908539259000065, 43.131293036000045], [5.8794051440000885, 43.120428778000075], [5.89625084700009, 43.11542389500005], [5.910610168000062, 43.09320399500007], [5.927252244000044, 43.08760106100004], [5.9513789680000855, 43.07997756900005], [5.940288036000084, 43.07090971700006], [5.917208171000084, 43.07274182500004], [5.887956364000047, 43.07222586900008], [5.875336134000065, 43.068793036000045], [5.856605081000055, 43.04482851500006], [5.818960387000061, 43.05346898400006], [5.790241589000061, 43.06993079400007], [5.781873138000037, 43.07911819900005], [5.80289558000004, 43.088890484000046], [5.818085226000051, 43.09908959200004], [5.811464562000083, 43.10672548200006], [5.800564292000047, 43.11184894300004], [5.783406919000072, 43.114597606000075], [5.780840298000044, 43.12333360400004], [5.776126699000088, 43.13081108100005], [5.760558150000065, 43.13198199200008], [5.741011636000053, 43.13206265100007], [5.696298672000069, 43.14687511100004], [5.687673373000052, 43.168850002000056], [5.673918542000081, 43.179888546000086], [5.655221278000056, 43.185590034000086], [5.6342126420000795, 43.18722911700007], [5.622902872000054, 43.17672741200005], [5.612420433000068, 43.16042865900005], [5.588262046000068, 43.16797860200006], [5.572706403000041, 43.16914829000007], [5.558973791000085, 43.181577564000065], [5.547245558000043, 43.19385852900007], [5.537835580000092, 43.207389644000045], [5.524952486000075, 43.212629082000035], [5.514335724000091, 43.207739925000055], [5.5041758510000705, 43.205658895000056], [5.459833401000083, 43.20851918300008], [5.4397538740000755, 43.207645710000065], [5.40951522000006, 43.21129237300005], [5.395310694000045, 43.21234101300007], [5.370337389000042, 43.20785932100006], [5.346980067000061, 43.21589931800008], [5.350596550000091, 43.233587958000044], [5.353770379000082, 43.243801174000055], [5.360850457000083, 43.253973700000074], [5.369151238000086, 43.270412502000056], [5.357342712000047, 43.28034452800006], [5.3559676440000885, 43.29205963700008], [5.351817254000082, 43.29791901200008], [5.338882958000056, 43.33428883600004], [5.294173414000056, 43.355471883000064], [5.238278858000058, 43.32804075100006], [5.163237317000039, 43.329314199000066], [5.12517355600005, 43.32576874300008], [5.064794619000054, 43.328018530000065], [5.034022073000074, 43.335476431000075], [5.0139363860000685, 43.357920695000075], [5.005572076000078, 43.38162750200007], [5.0261336600000845, 43.40932851800005], [5.0571395190000885, 43.42206452000005], [5.14616946700005, 43.42206452000005], [5.173838738000086, 43.42829010600008], [5.192881707000083, 43.439520575000074], [5.2135522800000444, 43.45783112200007], [5.22632897200009, 43.48029205900008], [5.222829623000052, 43.503973700000074], [5.193614129000082, 43.489935614000046], [5.165537957000083, 43.482489325000074], [5.1399845710000704, 43.48578522300005], [5.118418816000087, 43.503973700000074], [5.111501498000052, 43.51935455900008], [5.110850457000083, 43.52789948100008], [5.105723504000082, 43.53302643400008], [5.084971550000091, 43.53815338700008], [5.077403191000087, 43.53888580900008], [5.053721550000091, 43.53815338700008], [5.0495711600000845, 43.541449286000045], [5.035329623000052, 43.55573151200008], [5.029144727000073, 43.558579820000034], [5.022308790000068, 43.55219147300005], [5.015879754000082, 43.538763739000046], [5.010996941000087, 43.525091864000046], [5.009287957000083, 43.517645575000074], [5.014659050000091, 43.49872467700004], [5.023692254000082, 43.49046458500004], [5.0358179050000444, 43.485581773000035], [5.050303582000083, 43.47671133000006], [5.06226647200009, 43.45164622600004], [5.051117384000065, 43.42926666900007], [5.027598504000082, 43.41697825700004], [4.998465760000045, 43.41469940600007], [4.9830835300000444, 43.41705963700008], [4.9284774100000845, 43.44013092700004], [4.903168165000068, 43.431626695000034], [4.892588738000086, 43.42536041900007], [4.868174675000091, 43.42145416900007], [4.858409050000091, 43.415228583000044], [4.8502710300000444, 43.40143463700008], [4.854991082000083, 43.396185614000046], [4.864890595000077, 43.377900012000055], [4.867531575000044, 43.365112099000044], [4.901005115000089, 43.36696508500006], [4.877188604000082, 43.350782491000075], [4.855778264000094, 43.341779141000075], [4.850823418000061, 43.35892884400005], [4.833262566000087, 43.38198476800005], [4.7917586600000845, 43.39911530200004], [4.757823113000086, 43.42234935100004], [4.742442254000082, 43.44871653900009], [4.744965040000068, 43.50739166900007], [4.742442254000082, 43.52448151200008], [4.736175977000073, 43.539496161000045], [4.725840691000087, 43.55678945500006], [4.711924675000091, 43.571519273000035], [4.694590691000087, 43.57908763200004], [4.694590691000087, 43.57290273600006], [4.72437584700009, 43.538397528000075], [4.728770379000082, 43.52789948100008], [4.728770379000082, 43.45620351800005], [4.742523634000065, 43.42255280200004], [4.769704623000052, 43.40192291900007], [4.800059441000087, 43.386053778000075], [4.823018876000049, 43.36716896300004], [4.820279138000046, 43.34635571600006], [4.791247192000071, 43.34522195800008], [4.66588637600006, 43.34754133600006], [4.592335626000079, 43.35988927400007], [4.566288765000081, 43.37109356600007], [4.565544044000092, 43.38794900900007], [4.58570397200009, 43.40424225500004], [4.588043737000078, 43.41689077600006], [4.57959363000009, 43.43006620400007], [4.555208306000054, 43.443265515000064], [4.5130314460000704, 43.45579661700003], [4.409418594000044, 43.447741342000086], [4.205902540000068, 43.45990631700005], [4.181651238000086, 43.463771877000056], [4.160329623000052, 43.47150299700007], [4.132823113000086, 43.48704661700003], [4.117198113000086, 43.51048411700003], [4.132823113000086, 43.53278229400007], [4.131195509000065, 43.53624095300006], [4.105316602000073, 43.55186595300006], [4.047455274000072, 43.55613841400009], [3.9908960300000444, 43.550848700000074], [3.952972852000073, 43.539943752000056], [3.939300977000073, 43.532538153000075], [3.7399194670000497, 43.41282786700003], [3.622162306000064, 43.37490469000005], [3.589691602000073, 43.35488515800006], [3.5133569670000497, 43.28107330900008], [3.4923608730000524, 43.274318752000056], [3.452403191000087, 43.288763739000046], [3.4283960300000444, 43.28546784100007], [3.3854272800000444, 43.28392161700003], [3.3177189460000704, 43.26308828300006], [3.2443139980000524, 43.21942780200004], [3.227549675000091, 43.20425039300005], [3.220957879000082, 43.19521719000005], [3.207286004000082, 43.18663157800006], [3.1958927740000718, 43.176662502000056], [3.178721550000091, 43.165228583000044], [3.1659448580000458, 43.152411200000074], [3.1544702480000524, 43.135280666000085], [3.135996941000087, 43.12103913000004], [3.1140242850000845, 43.106309312000064], [3.1041772800000444, 43.08779531500005], [3.096039259000065, 43.07257721600007], [3.086029493000069, 43.054022528000075], [3.070404493000069, 43.02692291900007], [3.0632430350000845, 43.00836823100008], [3.0560815760000537, 42.992702541000085], [3.046153191000087, 42.964178778000075], [3.0389917330000458, 42.94277578300006], [3.041840040000068, 42.932806708000044], [3.054698113000086, 42.92711009300007], [3.0560815760000537, 42.907131252000056], [3.0475366550000444, 42.84723541900007], [3.0404565760000537, 42.79018789300005], [3.0389917330000458, 42.75027090100008], [3.043304884000065, 42.724595445000034], [3.0376082690000885, 42.68321360900006], [3.041840040000068, 42.62905508000006], [3.046153191000087, 42.58767324400009], [3.051849806000064, 42.55487702000005], [3.0660913420000497, 42.54205963700008], [3.0874943370000665, 42.53493886900009], [3.1145939460000704, 42.53062571800007], [3.1373804050000444, 42.52492910400008], [3.1459253260000537, 42.514960028000075], [3.1459253260000537, 42.50352610900006], [3.1430770190000885, 42.49213288000004], [3.150238477000073, 42.48216380400004], [3.160248243000069, 42.475043036000045], [3.175873243000069, 42.45648834800005], [3.1815698580000458, 42.43508535400008], [3.178721550000091, 42.41799551000008], [3.170176629000082, 42.396592515000066], [3.1744897800000444, 42.38088613500008], [3.1744897800000444, 42.363796291000085], [3.187347852000073, 42.34951406500005], [3.204193556000064, 42.33958567900004], [3.2264917330000458, 42.34251536700003], [3.249847852000073, 42.34320709800005], [3.2630314460000704, 42.32920970300006], [3.269867384000065, 42.32920970300006], [3.2806095710000704, 42.33685944200005], [3.2937117850000845, 42.33498769700009], [3.3177189460000704, 42.32298411700003], [3.294037306000064, 42.28803131700005], [3.2903751960000704, 42.27806224200003], [3.2870386080000458, 42.262925523000035], [3.279388868000069, 42.25564199400009], [3.270355665000068, 42.250108140000066], [3.2630314460000704, 42.23985423400006], [3.247162306000064, 42.24571360900006], [3.210134311000047, 42.23973216400009], [3.178721550000091, 42.249701239000046], [3.170176629000082, 42.25967031500005], [3.151621941000087, 42.25682200700004], [3.1303003260000537, 42.23973216400009], [3.1188257170000497, 42.21832916900007], [3.117442254000082, 42.182847398000035], [3.116465691000087, 42.15843333500004], [3.1224878260000537, 42.14048899900007], [3.1386011080000458, 42.12763092700004], [3.173106316000087, 42.11200592700004], [3.1922985280000375, 42.09292147100007], [3.2144956930000603, 42.06833384600009], [3.213009237000051, 42.05598607700006], [3.1998595640000644, 42.046190092000074], [3.1958961470000418, 42.03311787200005], [3.2015893890000484, 42.01744212400007], [3.2069604830000458, 41.99669017100007], [3.207855665000068, 41.99001699400009], [3.211843295000051, 41.98460521000004], [3.230560743000069, 41.97300853100006], [3.2356876960000704, 41.96552155200004], [3.23218834700009, 41.94603099200003], [3.2074487640000484, 41.91392649900007], [3.1949162120000665, 41.88829173400006], [3.178558790000068, 41.87523021000004], [3.1501653770000644, 41.845350970000084], [3.1168293320000657, 41.84756921200005], [3.078630960000055, 41.826618274000054], [3.069057555000086, 41.79907611200008], [3.0403410370000756, 41.78689001300006], [2.95093834700009, 41.73427969000005], [2.9329908510000564, 41.71246437600007], [2.9008702380000386, 41.706706377000046], [2.877253539000094, 41.70195770000004], [2.8510848320000832, 41.69717031500005], [2.840179884000065, 41.694647528000075], [2.8354598320000832, 41.692572333000044], [2.820160352000073, 41.68195221600007], [2.8170679050000444, 41.67763906500005], [2.8131616550000444, 41.67031484600005], [2.803721550000091, 41.66864655200004], [2.792002800000091, 41.66901276200008], [2.778496578000045, 41.64558226100007], [2.6518660820000832, 41.60529205900008], [2.449473504000082, 41.535223700000074], [2.428965691000087, 41.51894765800006], [2.371348504000082, 41.48920319200005], [2.296722852000073, 41.46531810100004], [2.26734459700009, 41.44863515800006], [2.2404077480000524, 41.42096588700008], [2.1919051440000885, 41.356756903000075], [2.163259311000047, 41.32664622600004], [2.1305444670000497, 41.30365631700005], [2.06031334700009, 41.274603583000044], [2.0197046230000524, 41.26585521000004], [1.9513452480000524, 41.26068756700005], [1.8841251960000704, 41.24750397300005], [1.8637801440000885, 41.23810455900008], [1.8540145190000885, 41.235988674000055], [1.8198348320000832, 41.23712799700007], [1.6243595710000704, 41.19216543200008], [1.5392358730000524, 41.18744538000004], [1.2880965500000912, 41.11627838700008], [1.2177840500000912, 41.104681708000044], [1.2100529310000638, 41.09988027600008], [1.1924748060000638, 41.07599518400008], [1.188649936000047, 41.06830475500004], [1.1836043630000859, 41.062567450000074], [1.1729435560000638, 41.058661200000074], [1.1490991550000444, 41.069647528000075], [1.1416935560000638, 41.07172272300005], [1.0976668630000859, 41.07086823100008], [1.0556746750000912, 41.064886786000045], [1.017425977000073, 41.05178457200009], [0.9904077480000524, 41.03969961100006], [0.8774520190000885, 40.954779364000046], [0.8227645190000885, 40.899603583000044], [0.7142033210000704, 40.81521230700008], [0.6948348320000832, 40.785996812000064], [0.7215275400000678, 40.774278062000064], [0.7501733730000524, 40.76557038000004], [0.7623804050000444, 40.766058661000045], [0.7672632170000497, 40.77102285400008], [0.7635197270000731, 40.77838776200008], [0.7501733730000524, 40.785996812000064], [0.7669376960000704, 40.78502024900007], [0.7805281910000872, 40.77948639500005], [0.7920028000000912, 40.771185614000046], [0.8159285820000832, 40.74839915600006], [0.8418074880000859, 40.732123114000046], [0.8541772800000444, 40.73314036700009], [0.8737085300000444, 40.72793203300006], [0.8724064460000704, 40.707098700000074], [0.8580835300000444, 40.68626536700009], [0.8483179050000444, 40.67536041900007], [0.7840275400000678, 40.66095612200007], [0.7563582690000885, 40.642238674000055], [0.7070418630000859, 40.58340078300006], [0.6770939460000704, 40.56517161700009], [0.6479598320000832, 40.55691152600008], [0.6158960300000444, 40.55345286700009], [0.5924585300000444, 40.582098700000074], [0.6406356130000859, 40.58685944200005], [0.6631779310000638, 40.574733791000085], [0.6962182950000511, 40.590358791000085], [0.7326766290000819, 40.63373444200005], [0.7124943370000665, 40.63617584800005], [0.6822208990000718, 40.63422272300005], [0.5997827480000524, 40.613714911000045], [0.5801701180000691, 40.60366445500006], [0.5634871750000912, 40.59003327000005], [0.5485132170000497, 40.572333075000074], [0.5174259770000731, 40.51434967700004], [0.5013126960000704, 40.48419830900008], [0.48340905000009116, 40.46503327000005], [0.46615644600007045, 40.45066966400009], [0.4526473320000832, 40.43406810100004], [0.4461369150000678, 40.40843333500004], [0.42025800900006516, 40.38825104400007], [0.35059655000009116, 40.28489817900004], [0.33895918100006384, 40.27435944200005], [0.3121037120000665, 40.257513739000046], [0.29883873800008587, 40.24677155200004], [0.26474043100006384, 40.20978424700007], [0.20525149800005238, 40.171535549000055], [0.14454186300008587, 40.07884349200009], [0.11703535200007309, 40.056341864000046], [0.06617272200008983, 40.03192780200004], [0.0404972670000916, 40.00287506700005], [-0.002919074999908844, 39.93195221600007], [-0.028675910999936605, 39.90180084800005], [-0.09129798099991149, 39.84792715100008], [-0.1944880849999322, 39.71544017100007], [-0.19981848899993793, 39.70494212400007], [-0.20213782499990884, 39.680853583000044], [-0.2089330719999225, 39.66408926000008], [-0.21983801999994057, 39.65139394700009], [-0.2437231109999516, 39.63104889500005], [-0.2574356759999432, 39.61623769700009], [-0.26956132699990576, 39.59870026200008], [-0.2748917309999115, 39.58181386900009], [-0.28148352799991017, 39.56936269700009], [-0.31273352799991017, 39.53400299700007], [-0.32335364499994057, 39.51622142100007], [-0.3305934769999226, 39.480406634000076], [-0.3274715699999433, 39.43067493700005], [-0.3206680979999419, 39.38812897300005], [-0.3013402989999463, 39.32200755400004], [-0.23870140799994033, 39.21544586500005], [-0.2278179459999592, 39.19933563600006], [-0.21549282399990943, 39.18183854400007], [-0.2278573689999348, 39.17524499700005], [-0.24218216599990683, 39.16627518000007], [-0.2365053229999603, 39.14805346800006], [-0.22670336299995597, 39.11178175500004], [-0.21002659599992057, 39.078690194000046], [-0.18404018799992627, 39.04225851600006], [-0.15802975199994762, 39.00214264500005], [-0.12067623599995159, 38.95111725500004], [-0.10594641799991678, 38.93650950700004], [-0.06859290299991017, 38.913397528000075], [-0.030995245999918097, 38.88275788000004], [-0.009755011999914132, 38.86969635600008], [0.01742597700007309, 38.86432526200008], [0.06308027400007177, 38.86078522300005], [0.11101321700004974, 38.84992096600007], [0.15398196700004974, 38.83100006700005], [0.18531334700008983, 38.80353424700007], [0.18100019600007045, 38.80190664300005], [0.17090905000009116, 38.796087958000044], [0.1828719410000872, 38.79181549700007], [0.19076582100007045, 38.785223700000074], [0.21786543100006384, 38.76813385600008], [0.2277124360000471, 38.77020905200004], [0.23406009200004974, 38.757879950000074], [0.23454837300005238, 38.742254950000074], [0.2277124360000471, 38.73456452000005], [0.20899498800008587, 38.733710028000075], [0.19206790500004445, 38.73041413000004], [0.17676842500009116, 38.72402578300006], [0.1626082690000885, 38.71352773600006], [0.1508895190000885, 38.69245026200008], [0.1489363940000885, 38.68992747600004], [0.1450301440000885, 38.68634674700007], [0.12574303500008455, 38.68549225500004], [0.1185815760000537, 38.682806708000044], [0.10531660200007309, 38.67255280200004], [0.09367923300004577, 38.667629299000055], [0.08301842500009116, 38.66095612200007], [0.07313073000005943, 38.64520905200004], [0.08057701900008851, 38.63100820500006], [0.06043541800005414, 38.634833075000074], [0.046641472000089834, 38.63222890800006], [0.03337649800005238, 38.627386786000045], [0.015025261000062073, 38.62474192900004], [-0.01475989499994057, 38.62441640800006], [-0.028797980999911488, 38.62067291900007], [-0.04295813699991413, 38.61172109600005], [-0.05475826699995423, 38.59528229400007], [-0.05508378799993352, 38.58075592700004], [-0.053618943999936164, 38.56696198100008], [-0.06004798099991149, 38.552720445000034], [-0.07542883999991545, 38.539943752000056], [-0.09019934799994189, 38.53534577000005], [-0.13174394399993616, 38.53534577000005], [-0.17699133999991545, 38.52724844000005], [-0.20213782499990884, 38.519598700000074], [-0.2339574859999516, 38.501654364000046], [-0.32941646999995555, 38.470038153000075], [-0.3445531889999529, 38.46161530200004], [-0.35081946499991545, 38.45001862200007], [-0.35871334499995555, 38.44594961100006], [-0.39517167899992955, 38.413763739000046], [-0.4060766269999476, 38.398871161000045], [-0.41014563699991413, 38.379339911000045], [-0.4099828769999476, 38.36896393400008], [-0.4136856759999432, 38.36481354400007], [-0.4458715489999463, 38.36343008000006], [-0.46019446499991545, 38.36005280200004], [-0.47057044199993925, 38.35187409100007], [-0.4743546209999181, 38.33673737200007], [-0.5098363919999542, 38.33836497600004], [-0.5187882149999155, 38.29865143400008], [-0.5040177069999459, 38.20722077000005], [-0.5154516269999476, 38.19550202000005], [-0.5328669909999348, 38.19216543200008], [-0.5688370429999168, 38.194199937000064], [-0.5913793609999516, 38.18964264500005], [-0.6094864569999459, 38.17804596600007], [-0.6236873039999296, 38.16242096600007], [-0.6343888009999432, 38.145819403000075], [-0.6407364569999459, 38.13165924700007], [-0.6450089179999168, 38.11603424700007], [-0.6480199859999516, 38.07379791900007], [-0.6524958979999269, 38.00775788000004], [-0.6533521760201945, 38.0]]}, "properties": {}}, {"type": "Feature", "geometry": {"type": "LineString", "coordinates": [[-8.852054985393899, 38.0], [-8.81568343999993, 38.06211534800008], [-8.796993236999924, 38.13324640800005], [-8.774395582999944, 38.18694927000007], [-8.777952340999946, 38.24069108300006], [-8.785465988999931, 38.303908239000066], [-8.795070658999919, 38.35922726900009], [-8.82094092299991, 38.398820544000046], [-8.84679114499994, 38.42007070500006], [-8.878285285999937, 38.44916413000004], [-8.914662238999938, 38.47284577000005], [-8.942616339999915, 38.48139069200005], [-8.927316860999952, 38.493801174000055], [-8.90453040299991, 38.486395575000074], [-8.86750240799995, 38.46088288000004], [-8.821848110999952, 38.448553778000075], [-8.800160285999937, 38.439113674000055], [-8.798573370999918, 38.42609284100007], [-8.756988084999932, 38.42731354400007], [-8.65689042899993, 38.405951239000046], [-8.606800910999937, 38.41868724200009], [-8.636830206999946, 38.42015208500004], [-8.66274980399993, 38.42450592700004], [-8.736154751999948, 38.45184967700004], [-8.745025193999936, 38.460272528000075], [-8.750803188999953, 38.473944403000075], [-8.752512173999946, 38.487982489000046], [-8.750884568999936, 38.50063711100006], [-8.745757615999935, 38.51007721600007], [-8.737172003999945, 38.514878648000035], [-8.737172003999945, 38.522365627000056], [-8.751454230999911, 38.52643463700008], [-8.761219855999911, 38.53807200700004], [-8.764230923999946, 38.552069403000075], [-8.757639126999948, 38.56329987200007], [-8.77334550699993, 38.565334377000056], [-8.792958136999914, 38.53359609600005], [-8.812855597999942, 38.528550523000035], [-8.812855597999942, 38.522365627000056], [-8.790638800999943, 38.51992422100005], [-8.780262824999909, 38.50543854400007], [-8.780018683999913, 38.48908112200007], [-8.788400844999956, 38.48139069200005], [-8.812326626999948, 38.482855536000045], [-8.83226477799991, 38.48704661700009], [-8.86750240799995, 38.50185781500005], [-8.905832485999952, 38.51239655200004], [-8.954890212999942, 38.50514373300007], [-8.999765319999938, 38.46425312000008], [-8.991864489999955, 38.45947786000005], [-9.048595104999947, 38.440670552000086], [-9.145657471999925, 38.431382985000084], [-9.165908652999917, 38.42508941600005], [-9.182141078999905, 38.41562365600004], [-9.200356960999954, 38.41248093300004], [-9.226185675999943, 38.418402411000045], [-9.230620897999927, 38.41868724200009], [-9.233998175999943, 38.42422109600005], [-9.233754035999937, 38.43146393400008], [-9.231068488999938, 38.43768952000005], [-9.22720292899993, 38.44037506700005], [-9.219960089999915, 38.44904205900008], [-9.19002655199995, 38.472531708000076], [-9.183867601999907, 38.50412810500006], [-9.18379286499993, 38.551536973000054], [-9.208070232999944, 38.597417318000055], [-9.238463896999917, 38.635411598000076], [-9.252674913999954, 38.665483907000066], [-9.234395243999927, 38.67336074900004], [-9.187681016999932, 38.678009735000046], [-9.145041681999942, 38.68106793700008], [-9.12413489499994, 38.67096588700008], [-9.11392167899993, 38.65888092700004], [-9.10773678299995, 38.65888092700004], [-9.11392167899993, 38.679388739000046], [-9.098866339999915, 38.685614325000074], [-9.067290818999936, 38.69232819200005], [-9.052398240999935, 38.69367096600007], [-9.052398240999935, 38.69989655200004], [-9.037433729999918, 38.713940526000044], [-9.021167539999908, 38.726530265000065], [-8.992709282999954, 38.74381367700005], [-8.956857876999948, 38.76813385600008], [-8.952951626999948, 38.77024974200009], [-8.94713294199994, 38.77423737200007], [-8.942616339999915, 38.77558014500005], [-8.942616339999915, 38.78172435100004], [-8.952626105999911, 38.794907945000034], [-8.964263475999928, 38.81484609600005], [-8.970285610999952, 38.83543528900009], [-8.96312415299991, 38.85065338700008], [-8.986317511999914, 38.84943268400008], [-8.996815558999913, 38.86554596600007], [-9.00259355399993, 38.889837958000044], [-9.011545376999948, 38.913397528000075], [-8.969105597999942, 38.98395416900007], [-8.94322669199994, 39.01520416900007], [-8.90843665299991, 39.03628164300005], [-8.888417120999918, 39.04010651200008], [-8.845529751999948, 39.04291413000004], [-8.826527472999942, 39.049261786000045], [-8.790353969999956, 39.07062409100007], [-8.774647589999915, 39.08344147300005], [-8.765126105999911, 39.097723700000074], [-8.791737433999913, 39.08242422100005], [-8.836415167999917, 39.056708075000074], [-8.922718878999945, 39.049261786000045], [-8.93586178299995, 39.040716864000046], [-8.955067511999914, 39.01219310100004], [-9.003529425999943, 38.95774974200009], [-9.05890865799995, 38.87140534100007], [-9.089670376999948, 38.84357330900008], [-9.10024980399993, 38.83022695500006], [-9.10655676999994, 38.813788153000075], [-9.104217233999918, 38.79481578000008], [-9.102257423999959, 38.76159338000008], [-9.098247540999921, 38.73785767600009], [-9.112503309999909, 38.71418229100004], [-9.163287066999942, 38.70167186300006], [-9.220170787999905, 38.69389544000006], [-9.28520930399992, 38.69875756500005], [-9.30348529899993, 38.68770490300005], [-9.321777364999946, 38.67032451300008], [-9.360585089999915, 38.689520575000074], [-9.404774542999917, 38.70408763200004], [-9.429188605999911, 38.70726146000004], [-9.471669074999909, 38.702460028000075], [-9.491688605999911, 38.70758698100008], [-9.491281704999949, 38.727728583000044], [-9.484730597999942, 38.74469635600008], [-9.497466600999928, 38.78823476800005], [-9.497466600999928, 38.809759833000044], [-9.491932745999918, 38.819240627000056], [-9.479888475999928, 38.83075592700004], [-9.455495665999933, 38.850468694000085], [-9.422724913999957, 38.93140379100004], [-9.425363735999952, 38.99164459800005], [-9.43663489499994, 39.02948639500005], [-9.42664680799993, 39.05172399400004], [-9.42254887799993, 39.07862519400004], [-9.383696135999912, 39.134031769000046], [-9.371417906999909, 39.160919652000075], [-9.350859757999956, 39.19730924500004], [-9.34678102199996, 39.23522589600009], [-9.340590389999932, 39.26682959900006], [-9.354074673999946, 39.31622955900008], [-9.365834113999938, 39.336004950000074], [-9.401763475999928, 39.365220445000034], [-9.40929114499994, 39.37518952000005], [-9.397816535999937, 39.37799713700008], [-9.352921539999954, 39.36793401400007], [-9.279244908999942, 39.40582171900007], [-9.260803351999925, 39.418442396000046], [-9.240314902999955, 39.419997091000084], [-9.227894660999937, 39.40843333500004], [-9.217600063999953, 39.40619538000004], [-9.205922003999945, 39.41547272300005], [-9.21353105399993, 39.428615627000056], [-9.229888475999928, 39.440741278000075], [-9.213649287999942, 39.46103549900005], [-9.191085031999933, 39.48153602000008], [-9.182873267999923, 39.49258381800007], [-9.164413231999958, 39.50202368500004], [-9.135694137999906, 39.51618029900004], [-9.121300040999927, 39.535104663000084], [-9.111008998999921, 39.55087924400004], [-9.090434486999925, 39.57927490600008], [-9.088341062999916, 39.596661622000056], [-9.09034313199993, 39.615641037000046], [-9.077946754999914, 39.64247909000005], [-9.071692364999933, 39.68043688600005], [-8.993031378999945, 39.84316640800006], [-8.868153449999909, 40.12482330900008], [-8.853260870999918, 40.13922760600008], [-8.841623501999948, 40.12596263200004], [-8.825062628999945, 40.12006256700005], [-8.784982876999948, 40.11871979400007], [-8.784982876999948, 40.126166083000044], [-8.80109615799995, 40.137925523000035], [-8.816151495999918, 40.146551825000074], [-8.833607550999943, 40.151678778000075], [-8.879383917999917, 40.156236070000034], [-8.896473761999914, 40.16474030200004], [-8.906605597999942, 40.179388739000046], [-8.90843665299991, 40.20066966400009], [-8.895741339999915, 40.22874583500004], [-8.865386522999927, 40.275458075000074], [-8.798573370999918, 40.47443268400008], [-8.784855297999911, 40.53681779200008], [-8.765788097999916, 40.58254100400006], [-8.753000454999949, 40.64081452000005], [-8.750355597999942, 40.64394765800006], [-8.744618292999917, 40.646918036000045], [-8.743967251999948, 40.62579987200007], [-8.744618292999917, 40.61904531500005], [-8.724680141999954, 40.644517320000034], [-8.710275844999956, 40.65346914300005], [-8.696156378999945, 40.646918036000045], [-8.690012173999946, 40.646918036000045], [-8.690012173999946, 40.65314362200007], [-8.692372199999909, 40.65570709800005], [-8.69640051999994, 40.661322333000044], [-8.698801235999952, 40.667954820000034], [-8.696156378999945, 40.67365143400008], [-8.686390753999945, 40.67792389500005], [-8.68077551999994, 40.674994208000044], [-8.67686926999994, 40.66966380400004], [-8.671986456999946, 40.66681549700007], [-8.662098761999914, 40.66986725500004], [-8.653635219999956, 40.67719147300005], [-8.641590949999909, 40.69415924700007], [-8.657460089999915, 40.70140208500004], [-8.66633053299995, 40.71320221600007], [-8.663644985999952, 40.72406647300005], [-8.644927537999934, 40.72890859600005], [-8.621815558999913, 40.73065827000005], [-8.603871222999942, 40.73578522300005], [-8.588368292999917, 40.744208075000074], [-8.572661912999934, 40.755560614000046], [-8.589507615999935, 40.75470612200007], [-8.614735480999911, 40.74494049700007], [-8.635975714999915, 40.74160390800006], [-8.639881964999915, 40.74005768400008], [-8.645375128999945, 40.73973216400009], [-8.668446417999917, 40.74746328300006], [-8.67568925699993, 40.755560614000046], [-8.683705206999946, 40.78310781500005], [-8.645578579999949, 40.82367584800005], [-8.655262824999909, 40.844916083000044], [-8.656971808999913, 40.828558661000045], [-8.66319739499994, 40.81492747600004], [-8.670521613999938, 40.81118398600006], [-8.67568925699993, 40.82444896000004], [-8.689808722999942, 40.80410390800006], [-8.700550910999937, 40.77798086100006], [-8.707386847999942, 40.75031159100007], [-8.709828253999945, 40.72516510600008], [-8.714263475999928, 40.709051825000074], [-8.725087042999917, 40.685980536000045], [-8.738433397999927, 40.664496161000045], [-8.750803188999953, 40.65314362200007], [-8.655100063999953, 40.993801174000055], [-8.655262824999909, 41.030503648000035], [-8.66710364499994, 41.09756094000005], [-8.666127081999946, 41.13275788000004], [-8.64834550699993, 41.14663320500006], [-8.64834550699993, 41.152777411000045], [-8.68578040299991, 41.159491278000075], [-8.705189581999946, 41.18691640800006], [-8.718373175999943, 41.22150299700007], [-8.737172003999945, 41.249660549000055], [-8.73228919199994, 41.262925523000035], [-8.73460852799991, 41.27407461100006], [-8.740061001999948, 41.28497955900008], [-8.744618292999917, 41.29743073100008], [-8.74445553299995, 41.328111070000034], [-8.74913489499994, 41.33779531500005], [-8.756132205999961, 41.34054000000003], [-8.760324673999946, 41.350897528000075], [-8.764027472999942, 41.361314195000034], [-8.778146938999953, 41.379339911000045], [-8.783802863999938, 41.393866278000075], [-8.78377336299991, 41.406108551000045], [-8.785563586999956, 41.434878223000055], [-8.774849231999951, 41.46833848600005], [-8.786469626999917, 41.49106709600005], [-8.788260342999934, 41.511798431000045], [-8.792733322999936, 41.52583822300005], [-8.79542022399994, 41.54255277400006], [-8.808338995999918, 41.57294342700004], [-8.812855597999942, 41.595404364000046], [-8.819488084999932, 41.61188385600008], [-8.82044899999994, 41.630096826000056], [-8.828603353999938, 41.64815749600007], [-8.830511327999943, 41.671585564000054], [-8.827056443999936, 41.682806708000044], [-8.804676886999914, 41.68927643400008], [-8.74327551999994, 41.696966864000046], [-8.725941535999937, 41.703111070000034], [-8.710031704999949, 41.71185944200005], [-8.696156378999945, 41.721991278000075], [-8.80687415299991, 41.696966864000046], [-8.82998613199993, 41.694647528000075], [-8.84288489499994, 41.69578685100004], [-8.86111256299995, 41.70436810700005], [-8.88030624399994, 41.73686160300008], [-8.88031700299996, 41.76553269200008], [-8.872038936999957, 41.81056866200004], [-8.878895636999914, 41.83901601800005], [-8.874745245999918, 41.84955475500004], [-8.86750240799995, 41.85911692900004], [-8.796620245999918, 41.90330638200004], [-8.762766079999949, 41.93195221600007], [-8.750803188999953, 41.96898021000004], [-8.76195227799991, 41.95258209800005], [-8.777088995999918, 41.937160549000055], [-8.795399542999917, 41.92568594000005], [-8.815988735999952, 41.921210028000075], [-8.832834438999953, 41.91396719000005], [-8.848784959999932, 41.89948151200008], [-8.864654100999928, 41.88890208500004], [-8.881255662999934, 41.89329661700003], [-8.878732876999948, 41.907131252000056], [-8.898589647999927, 42.10175202000005], [-8.895497199999909, 42.11908600500004], [-8.884592251999948, 42.12604401200008], [-8.844960089999915, 42.126613674000055], [-8.826527472999942, 42.130519924000055], [-8.819081183999913, 42.13971588700008], [-8.823719855999911, 42.14760976800005], [-8.842762824999909, 42.15444570500006], [-8.846994594999956, 42.16083405200004], [-8.84203040299991, 42.16429271000004], [-8.815988735999952, 42.17450592700004], [-8.813465949999909, 42.17869700700004], [-8.811024542999917, 42.18813711100006], [-8.80577551999994, 42.19749583500004], [-8.79523678299995, 42.20172760600008], [-8.790638800999943, 42.20453522300005], [-8.771962042999917, 42.22223541900007], [-8.719553188999953, 42.25234609600005], [-8.706450975999928, 42.25641510600008], [-8.701893683999913, 42.25853099200003], [-8.669911261999914, 42.280910549000055], [-8.652007615999935, 42.286322333000044], [-8.631743943999936, 42.29682038000004], [-8.625152147999927, 42.301947333000044], [-8.621652798999946, 42.310207424000055], [-8.621652798999946, 42.34080638200004], [-8.622710740999935, 42.34747955900008], [-8.626454230999911, 42.34833405200004], [-8.634755011999914, 42.34638092700004], [-8.649891730999911, 42.335598049000055], [-8.660755988999938, 42.31679922100005], [-8.674794074999909, 42.29901764500005], [-8.699574347999942, 42.29116445500006], [-8.71983801999994, 42.28758372600004], [-8.773915167999917, 42.26898834800005], [-8.784982876999948, 42.26007721600007], [-8.795765753999945, 42.258246161000045], [-8.84829667899993, 42.260972398000035], [-8.86750240799995, 42.25641510600008], [-8.863636847999942, 42.26898834800005], [-8.85342363199993, 42.291083075000074], [-8.853260870999918, 42.30483633000006], [-8.846994594999956, 42.30483633000006], [-8.832997199999909, 42.289129950000074], [-8.827219204999949, 42.29669830900008], [-8.826527472999942, 42.32904694200005], [-8.828521287999934, 42.337225653000075], [-8.83071855399993, 42.34162018400008], [-8.82725989499994, 42.34414297100005], [-8.812855597999942, 42.34638092700004], [-8.776926235999952, 42.34015534100007], [-8.771962042999917, 42.34271881700005], [-8.764637824999909, 42.35569896000004], [-8.72687740799995, 42.388739325000074], [-8.709828253999945, 42.400376695000034], [-8.67686926999994, 42.416449286000045], [-8.662505662999934, 42.42690664300005], [-8.655262824999909, 42.44135163000004], [-8.66437740799995, 42.43797435100004], [-8.67251542899993, 42.43842194200005], [-8.682525193999936, 42.44135163000004], [-8.69127356699994, 42.440619208000044], [-8.694488084999932, 42.43964264500005], [-8.696766730999911, 42.43797435100004], [-8.718820766999954, 42.42796458500004], [-8.743641730999911, 42.41323476800005], [-8.757639126999948, 42.40721263200004], [-8.779367641999954, 42.40289948100008], [-8.811024542999917, 42.40070221600007], [-8.843576626999948, 42.40371328300006], [-8.86750240799995, 42.41469961100006], [-8.875721808999913, 42.42597077000005], [-8.880238410999937, 42.445013739000046], [-8.888010219999956, 42.45563385600008], [-8.900949673999946, 42.461004950000074], [-8.93545488199993, 42.46539948100008], [-8.942616339999915, 42.46930573100008], [-8.935047980999911, 42.47907135600008], [-8.916737433999913, 42.487616278000075], [-8.895985480999911, 42.49388255400004], [-8.881255662999934, 42.49656810100004], [-8.86900794199994, 42.493394273000035], [-8.860829230999911, 42.48501211100006], [-8.861154751999948, 42.47557200700004], [-8.874338344999956, 42.46930573100008], [-8.86554928299995, 42.46503327000005], [-8.851551886999914, 42.46076080900008], [-8.836984829999949, 42.45892975500004], [-8.826527472999942, 42.46185944200005], [-8.82249915299991, 42.472357489000046], [-8.825184699999909, 42.48411692900004], [-8.825062628999945, 42.49494049700007], [-8.812855597999942, 42.50275299700007], [-8.825184699999909, 42.53742096600007], [-8.826527472999942, 42.55463288000004], [-8.822987433999913, 42.569525458000044], [-8.813832160999937, 42.58144765800006], [-8.801584438999953, 42.58930084800005], [-8.788400844999956, 42.59218984600005], [-8.775502081999946, 42.604722398000035], [-8.738758917999917, 42.666083075000074], [-8.730946417999917, 42.68842194200005], [-8.737172003999945, 42.68842194200005], [-8.74404863199993, 42.67243073100008], [-8.753895636999914, 42.65688711100006], [-8.767323370999918, 42.64516836100006], [-8.784982876999948, 42.64057038000004], [-8.80382239499994, 42.64594147300005], [-8.815988735999952, 42.65851471600007], [-8.826242641999954, 42.67413971600007], [-8.839507615999935, 42.68244049700007], [-8.85460364499994, 42.66156647300005], [-8.857004360999952, 42.64911530200004], [-8.846994594999956, 42.64057038000004], [-8.868763800999943, 42.61749909100007], [-8.880523240999935, 42.61180247600004], [-8.89484615799995, 42.62010325700004], [-8.889475063999953, 42.63060130400004], [-8.90343176999994, 42.62547435100004], [-8.936390753999945, 42.60643138200004], [-8.922230597999942, 42.59369538000004], [-8.933990037999934, 42.586818752000056], [-8.969878709999932, 42.57916901200008], [-8.972767706999946, 42.573919989000046], [-8.98078365799995, 42.551214911000045], [-8.989165818999936, 42.548895575000074], [-8.997059699999909, 42.543402411000045], [-9.011545376999948, 42.53070709800005], [-9.026356574999909, 42.54311758000006], [-9.028553839999915, 42.56146881700005], [-9.033355272999927, 42.578111070000034], [-9.055816209999932, 42.58539459800005], [-9.070871548999946, 42.596136786000045], [-9.065744594999956, 42.620306708000044], [-9.05142167899993, 42.64594147300005], [-9.038807745999918, 42.66107819200005], [-9.039458787999934, 42.673041083000044], [-9.036284959999932, 42.687933661000045], [-9.030140753999945, 42.70770905200004], [-9.018788214999915, 42.71975332200009], [-9.014027472999942, 42.72683340100008], [-9.006255662999934, 42.73383209800005], [-8.994496222999942, 42.73700592700004], [-8.992014126999948, 42.73908112200007], [-8.96312415299991, 42.751288153000075], [-8.93736731699994, 42.777777411000045], [-8.922230597999942, 42.78811269700009], [-8.898264126999948, 42.792303778000075], [-8.891346808999913, 42.799343166000085], [-8.884917772999927, 42.81500885600008], [-8.887684699999909, 42.83112213700008], [-8.90843665299991, 42.83946360900006], [-8.912587042999917, 42.81659577000005], [-8.928089972999942, 42.80251699400009], [-8.95103919199994, 42.79511139500005], [-8.977365688999953, 42.792303778000075], [-9.028187628999945, 42.79787832200009], [-9.048939581999946, 42.79474518400008], [-9.045643683999913, 42.77802155200004], [-9.06867428299995, 42.75971100500004], [-9.081288214999915, 42.75482819200005], [-9.10024980399993, 42.757513739000046], [-9.113433397999927, 42.766058661000045], [-9.120106574999909, 42.778998114000046], [-9.125477667999917, 42.794989325000074], [-9.13499915299991, 42.81277090100008], [-9.122547980999911, 42.812608140000066], [-9.11318925699993, 42.81635163000004], [-9.106190558999913, 42.82330963700008], [-9.10024980399993, 42.833278713000084], [-9.108387824999909, 42.84483470300006], [-9.122222459999932, 42.85175202000005], [-9.141224738999938, 42.85744863500008], [-9.142323370999918, 42.865301825000074], [-9.147531704999949, 42.878607489000046], [-9.14867102799991, 42.884466864000046], [-9.146636522999927, 42.888373114000046], [-9.137521938999953, 42.89606354400007], [-9.13499915299991, 42.90216705900008], [-9.133697068999936, 42.91120026200008], [-9.134510870999918, 42.91754791900007], [-9.141428188999953, 42.92141347900008], [-9.158599412999934, 42.92263418200008], [-9.16787675699993, 42.92682526200008], [-9.18346106699994, 42.94525788000004], [-9.195871548999946, 42.949326890000066], [-9.195871548999946, 42.94314199400009], [-9.190012173999946, 42.93239980700008], [-9.195790167999917, 42.92658112200007], [-9.205189581999946, 42.92475006700005], [-9.21007239499994, 42.92572663000004], [-9.214344855999911, 42.93903229400007], [-9.224232550999943, 42.94021230700008], [-9.235585089999915, 42.934881903000075], [-9.244252081999946, 42.92877838700008], [-9.251698370999918, 42.92023346600007], [-9.261708136999914, 42.90017324400009], [-9.268422003999945, 42.89130280200004], [-9.273060675999943, 42.89333730700008], [-9.282948370999918, 42.91661204600007], [-9.291981574999909, 42.92263418200008], [-9.291981574999909, 42.92877838700008], [-9.28538977799991, 42.938340562000064], [-9.26475989499994, 42.98033274900007], [-9.26398678299995, 42.98651764500005], [-9.261830206999946, 42.99449290600006], [-9.258656378999945, 43.002386786000045], [-9.254790818999936, 43.00800202000005], [-9.250965949999909, 43.016791083000044], [-9.257313605999911, 43.02326080900008], [-9.27212480399993, 43.03127676000008], [-9.27953040299991, 43.05499909100007], [-9.271107550999943, 43.06049225500004], [-9.257923956999946, 43.06089915600006], [-9.25108801999994, 43.06976959800005], [-9.245716925999943, 43.087998765000066], [-9.233957485999952, 43.09650299700007], [-9.222320115999935, 43.102728583000044], [-9.217600063999953, 43.114447333000044], [-9.202951626999948, 43.10504791900007], [-9.189808722999942, 43.10232168200008], [-9.176828579999949, 43.105576890000066], [-9.162261522999927, 43.114447333000044], [-9.15689042899993, 43.11973704600007], [-9.15420488199993, 43.124701239000046], [-9.15029863199993, 43.12958405200004], [-9.141224738999938, 43.134873765000066], [-9.13312740799995, 43.137966213000084], [-9.125803188999953, 43.13959381700005], [-9.10773678299995, 43.141140041000085], [-9.10773678299995, 43.148504950000074], [-9.124663865999935, 43.14252350500004], [-9.147084113999938, 43.13869863500008], [-9.163319464999915, 43.13975657800006], [-9.162261522999927, 43.148504950000074], [-9.194203253999945, 43.13654205900008], [-9.208363410999937, 43.137884833000044], [-9.217600063999953, 43.15534088700008], [-9.170074022999927, 43.188747463000084], [-9.137928839999915, 43.20152415600006], [-9.100412563999953, 43.189520575000074], [-9.083159959999932, 43.18976471600007], [-9.065174933999913, 43.19232819200005], [-9.052398240999935, 43.19635651200008], [-9.039784308999913, 43.20453522300005], [-9.026966925999943, 43.210150458000044], [-9.016753709999932, 43.223863023000035], [-9.011545376999948, 43.23875560100004], [-9.004058397999927, 43.23875560100004], [-8.985747850999928, 43.22687409100007], [-8.958973761999914, 43.22748444200005], [-8.932525193999936, 43.23529694200005], [-8.915272589999915, 43.245021877000056], [-8.936390753999945, 43.24408600500004], [-8.948150193999936, 43.24994538000004], [-8.96312415299991, 43.27228424700007], [-8.967518683999913, 43.27195872600004], [-8.979807094999956, 43.27692291900007], [-8.988026495999918, 43.28302643400008], [-8.98078365799995, 43.28595612200007], [-8.970855272999927, 43.28656647300005], [-8.930490688999953, 43.29975006700005], [-8.888010219999956, 43.320746161000045], [-8.856597459999932, 43.32689036700003], [-8.849110480999911, 43.334051825000074], [-8.841175910999937, 43.33893463700008], [-8.82998613199993, 43.34121328300006], [-8.817005988999938, 43.33584219000005], [-8.785552537999934, 43.31244538000004], [-8.768544074999909, 43.307074286000045], [-8.750477667999917, 43.30491771000004], [-8.711740688999953, 43.29555898600006], [-8.693104620999918, 43.293402411000045], [-8.665394660999937, 43.30117422100005], [-8.630034959999932, 43.31586334800005], [-8.592518683999913, 43.324204820000034], [-8.558420376999948, 43.31321849200003], [-8.505970831999946, 43.33152903900009], [-8.497547980999911, 43.33779531500005], [-8.494252081999946, 43.34662506700005], [-8.486073370999918, 43.35431549700007], [-8.475982225999928, 43.35968659100007], [-8.45571855399993, 43.363348700000074], [-8.45140540299991, 43.36737702000005], [-8.448963995999918, 43.371975002000056], [-8.443023240999935, 43.37531159100007], [-8.388295050999943, 43.38589101800005], [-8.38467363199993, 43.372707424000055], [-8.375721808999913, 43.362982489000046], [-8.353586391999954, 43.34861888200004], [-8.340809699999909, 43.35993073100008], [-8.337269660999937, 43.36904531500005], [-8.339914516999954, 43.39272695500006], [-8.33071855399993, 43.40566640800006], [-8.310617641999954, 43.40314362200007], [-8.28156490799995, 43.38959381700005], [-8.267201300999943, 43.385931708000044], [-8.260812954999949, 43.377020575000074], [-8.257069464999915, 43.365668036000045], [-8.250559048999946, 43.35488515800006], [-8.227528449999909, 43.33812083500004], [-8.217274542999917, 43.32831452000005], [-8.210194464999915, 43.31321849200003], [-8.202463344999956, 43.32925039300005], [-8.202951626999948, 43.34467194200005], [-8.210194464999915, 43.37531159100007], [-8.20962480399993, 43.390692450000074], [-8.204823370999918, 43.399725653000075], [-8.193959113999938, 43.40680573100008], [-8.175404425999943, 43.41632721600007], [-8.195057745999918, 43.42324453300006], [-8.213286912999934, 43.42495351800005], [-8.247141079999949, 43.423081773000035], [-8.26475989499994, 43.42731354400007], [-8.288726365999935, 43.44623444200005], [-8.305165167999917, 43.45107656500005], [-8.286488410999937, 43.46198151200008], [-8.185617641999954, 43.47150299700007], [-8.178781704999949, 43.47329336100006], [-8.171457485999952, 43.47797272300005], [-8.166981574999909, 43.48456452000005], [-8.168568488999938, 43.49201080900008], [-8.173451300999943, 43.49274323100008], [-8.196522589999915, 43.48517487200007], [-8.257313605999911, 43.477728583000044], [-8.253651495999918, 43.48126862200007], [-8.250884568999936, 43.482855536000045], [-8.243723110999952, 43.48517487200007], [-8.247547980999911, 43.48773834800005], [-8.257313605999911, 43.49201080900008], [-8.269195115999935, 43.478949286000045], [-8.28897050699993, 43.47296784100007], [-8.33311926999994, 43.47150299700007], [-8.325347459999932, 43.486761786000045], [-8.321685350999928, 43.507879950000074], [-8.31663977799991, 43.52289459800005], [-8.305165167999917, 43.51935455900008], [-8.29210364499994, 43.53294505400004], [-8.300160285999937, 43.53823476800005], [-8.308216925999943, 43.54633209800005], [-8.313221808999913, 43.556341864000046], [-8.312652147999927, 43.56712474200003], [-8.308705206999946, 43.56712474200003], [-8.29133053299995, 43.56484609600005], [-8.284657355999911, 43.56712474200003], [-8.260975714999915, 43.564520575000074], [-8.232248501999948, 43.575506903000075], [-8.086659308999913, 43.65648021000004], [-8.082997199999909, 43.64545319200005], [-8.074615037999934, 43.63963450700004], [-8.063547329999949, 43.63886139500005], [-8.05186926999994, 43.64280833500004], [-8.06240800699993, 43.64232005400004], [-8.06554114499994, 43.64280833500004], [-8.06554114499994, 43.64907461100006], [-8.061268683999913, 43.65094635600008], [-8.056467251999948, 43.65424225500004], [-8.05186926999994, 43.65648021000004], [-8.071156378999945, 43.66787344000005], [-8.073963995999918, 43.67853424700007], [-8.069162563999953, 43.68927643400008], [-8.06554114499994, 43.700873114000046], [-8.059315558999913, 43.709418036000045], [-8.044504360999952, 43.712103583000044], [-8.010975714999915, 43.71173737200007], [-7.981190558999913, 43.71784088700008], [-7.952951626999948, 43.730129299000055], [-7.9281306629999335, 43.74677155200004], [-7.908558722999942, 43.76634349200003], [-7.880848761999914, 43.76325104400007], [-7.869048631999931, 43.74884674700007], [-7.861480272999927, 43.73118724200003], [-7.846506313999953, 43.717962958000044], [-7.846506313999953, 43.71173737200007], [-7.852284308999913, 43.714178778000075], [-7.862294074999909, 43.71625397300005], [-7.8675837879999335, 43.717962958000044], [-7.874623175999943, 43.709418036000045], [-7.879261847999942, 43.700506903000075], [-7.879790818999936, 43.69196198100008], [-7.873768683999913, 43.684475002000056], [-7.8841039699999556, 43.678615627000056], [-7.887318488999938, 43.679673570000034], [-7.894886847999942, 43.684475002000056], [-7.9012345039999445, 43.679754950000074], [-7.903879360999952, 43.67829010600008], [-7.908558722999942, 43.676988023000035], [-7.908558722999942, 43.67015208500004], [-7.858387824999909, 43.66819896000004], [-7.849232550999943, 43.67560455900008], [-7.8675837879999335, 43.69745514500005], [-7.856027798999946, 43.70343659100007], [-7.843861456999946, 43.70380280200004], [-7.819162563999953, 43.69745514500005], [-7.821400519999941, 43.70075104400007], [-7.823963995999918, 43.70807526200008], [-7.826039191999939, 43.71173737200007], [-7.8120011059999115, 43.723089911000045], [-7.793853318999936, 43.73411692900004], [-7.773793097999942, 43.74258047100005], [-7.734038865999935, 43.750067450000074], [-7.712757941999939, 43.76068756700005], [-7.6957087879999335, 43.77488841400009], [-7.688832160999937, 43.78998444200005], [-7.685536261999914, 43.79344310100004], [-7.678334113999938, 43.79047272300005], [-7.671294725999928, 43.782863674000055], [-7.668324347999942, 43.77252838700008], [-7.672596808999913, 43.76666901200008], [-7.69562740799995, 43.74591705900008], [-7.6961563789999445, 43.73151276200008], [-7.691558397999927, 43.72724030200004], [-7.6839900379999335, 43.72870514500005], [-7.675160285999937, 43.731634833000044], [-7.673573370999918, 43.734361070000034], [-7.67414303299995, 43.73920319200005], [-7.672474738999938, 43.743841864000046], [-7.664621548999946, 43.74591705900008], [-7.658029751999948, 43.746527411000045], [-7.6410212879999335, 43.75267161700003], [-7.637603318999936, 43.73908112200007], [-7.613026495999918, 43.704291083000044], [-7.615956183999913, 43.68854401200008], [-7.607167120999918, 43.691107489000046], [-7.5945938789999445, 43.70368073100008], [-7.586415167999917, 43.717962958000044], [-7.574289516999954, 43.714544989000046], [-7.565419074999909, 43.71979401200008], [-7.555775519999941, 43.72760651200008], [-7.5414119129999335, 43.731634833000044], [-7.502023891999954, 43.72833893400008], [-7.490142381999931, 43.72532786700003], [-7.407622850999928, 43.69122955900008], [-7.367054816999939, 43.68008047100005], [-7.304107225999928, 43.59857819200005], [-7.256743943999936, 43.58161041900007], [-7.2601619129999335, 43.57750071800007], [-7.262277798999946, 43.574286200000074], [-7.2651261059999115, 43.571478583000044], [-7.271066860999952, 43.56863027600008], [-7.271066860999952, 43.56114329600007], [-7.257720506999931, 43.55666738500008], [-7.249623175999943, 43.55939362200007], [-7.242014126999948, 43.56480540600006], [-7.230091925999943, 43.56863027600008], [-7.215443488999938, 43.56867096600007], [-7.194894985999952, 43.56350332200009], [-7.156971808999913, 43.55927155200004], [-7.095855272999927, 43.560980536000045], [-7.0793350899999155, 43.56863027600008], [-7.061594204999949, 43.56159088700008], [-7.044300910999937, 43.55939362200007], [-7.032338019999941, 43.55300527600008], [-7.030873175999943, 43.53322988500008], [-7.0377498039999296, 43.52224355700008], [-7.048410610999952, 43.51044342700004], [-7.053618943999936, 43.496527411000045], [-7.044585740999935, 43.47919342700004], [-7.043853318999936, 43.47919342700004], [-7.0383194649999155, 43.47919342700004], [-7.0327042309999115, 43.49546946800007], [-7.02953040299991, 43.512152411000045], [-7.02375240799995, 43.525824286000045], [-7.010365363999938, 43.53322988500008], [-7.001372850999928, 43.55666738500008], [-6.943959113999938, 43.56598541900007], [-6.84593665299991, 43.56863027600008], [-6.8307185539999296, 43.56513092700004], [-6.7708227199999556, 43.56863027600008], [-6.729644334999932, 43.559759833000044], [-6.703724738999938, 43.55756256700005], [-6.64867102799991, 43.57904694200005], [-6.597727016999954, 43.57522207200009], [-6.546620245999918, 43.561835028000075], [-6.510121222999942, 43.54747142100007], [-6.499663865999935, 43.55308665600006], [-6.488270636999914, 43.555121161000045], [-6.462961391999954, 43.55495840100008], [-6.464751756999931, 43.55967845300006], [-6.467274542999917, 43.57086823100008], [-6.469105597999942, 43.575384833000044], [-6.45531165299991, 43.57335032800006], [-6.431792772999927, 43.56342194200005], [-6.417632615999935, 43.56114329600007], [-6.366118943999936, 43.56863027600008], [-6.314605272999927, 43.56863027600008], [-6.3000382149999155, 43.57062409100007], [-6.273915167999917, 43.57961660400008], [-6.249989386999914, 43.584051825000074], [-6.243885870999918, 43.58930084800005], [-6.236398891999954, 43.59430573100008], [-6.222767706999946, 43.59589264500005], [-6.190988735999952, 43.578558661000045], [-6.17804928299995, 43.575384833000044], [-6.100412563999953, 43.569199937000064], [-6.084950324999909, 43.575384833000044], [-6.069162563999953, 43.56968821800007], [-6.0541886059999115, 43.57457103100006], [-6.039214647999927, 43.58311595300006], [-6.023508266999954, 43.58844635600008], [-5.907378709999932, 43.58844635600008], [-5.902170376999948, 43.59752024900007], [-5.9088435539999296, 43.60492584800005], [-5.913075324999909, 43.61286041900007], [-5.90062415299991, 43.62323639500005], [-5.90257727799991, 43.62649160400008], [-5.905344204999949, 43.63381582200009], [-5.907378709999932, 43.636826890000066], [-5.875152147999927, 43.636786200000074], [-5.86351477799991, 43.64142487200007], [-5.859038865999935, 43.653631903000075], [-5.8522029289999296, 43.662949937000064], [-5.8363337879999335, 43.662217515000066], [-5.803822394999941, 43.650498765000066], [-5.782338019999941, 43.63703034100007], [-5.7274063789999445, 43.589544989000046], [-5.708851691999939, 43.56863027600008], [-5.701975063999953, 43.56863027600008], [-5.6967667309999115, 43.58283112200007], [-5.689198370999918, 43.578558661000045], [-5.677479620999918, 43.56114329600007], [-5.625599738999938, 43.55495840100008], [-5.4242244129999335, 43.56114329600007], [-5.3938695949999556, 43.55524323100008], [-5.390736456999946, 43.54132721600007], [-5.4035538399999155, 43.52541738500008], [-5.420806443999936, 43.513373114000046], [-5.413929816999939, 43.50653717700004], [-5.403675910999937, 43.51109446800007], [-5.382639126999948, 43.51638418200008], [-5.372425910999937, 43.52020905200004], [-5.365101691999939, 43.52671946800007], [-5.362212693999936, 43.53339264500005], [-5.356800910999937, 43.53860097900008], [-5.341949022999927, 43.54063548400006], [-5.299875454999949, 43.53766510600008], [-5.284006313999953, 43.53347402600008], [-5.211903449999909, 43.49835846600007], [-5.177886522999927, 43.48936595300006], [-5.091664191999939, 43.48627350500004], [-5.0676977199999556, 43.48139069200005], [-5.0570369129999335, 43.46861399900007], [-5.045033331999946, 43.474310614000046], [-4.975168423999946, 43.45876699400009], [-4.96711178299995, 43.46088288000004], [-4.952544725999928, 43.47007884300007], [-4.941029425999943, 43.47174713700008], [-4.930246548999946, 43.46950918200008], [-4.907622850999928, 43.460638739000046], [-4.836537238999938, 43.44977448100008], [-4.754994269999941, 43.42165761900009], [-4.734934048999946, 43.41710032800006], [-4.512318488999938, 43.40273672100005], [-4.508168097999942, 43.402451890000066], [-4.4816788399999155, 43.38361237200007], [-4.460804816999939, 43.39870840100008], [-4.432525193999936, 43.40261465100008], [-4.404896613999938, 43.396999416000085], [-4.385568813999953, 43.38361237200007], [-4.379261847999942, 43.38361237200007], [-4.368763800999943, 43.396185614000046], [-4.359364386999914, 43.399684963000084], [-4.31281490799995, 43.395778713000084], [-4.188588019999941, 43.40538157800006], [-4.160959438999953, 43.421169338000084], [-4.097727016999954, 43.435614325000074], [-4.073963995999918, 43.43825918200008], [-4.029204881999931, 43.43825918200008], [-4.023426886999914, 43.44094472900008], [-4.022572394999941, 43.445746161000045], [-4.020904100999928, 43.450384833000044], [-4.012766079999949, 43.45250071800007], [-4.005686001999948, 43.45079173400006], [-3.981434699999909, 43.43825918200008], [-3.976470506999931, 43.44293854400007], [-3.9719945949999556, 43.44415924700007], [-3.967152472999942, 43.444199937000064], [-3.9610082669999542, 43.44509511900009], [-3.965443488999938, 43.44684479400007], [-3.974598761999914, 43.45250071800007], [-3.974598761999914, 43.45876699400009], [-3.940052863999938, 43.47711823100008], [-3.9227188789999445, 43.48261139500005], [-3.9063207669999542, 43.47919342700004], [-3.8937882149999155, 43.484890041000085], [-3.89085852799991, 43.483710028000075], [-3.8858536449999406, 43.47919342700004], [-3.8568009109999366, 43.49237702000005], [-3.8267309239999463, 43.49701569200005], [-3.797027147999927, 43.49274323100008], [-3.769154425999943, 43.47919342700004], [-3.812652147999927, 43.46487051000008], [-3.830962693999936, 43.45600006700005], [-3.8443090489999463, 43.44509511900009], [-3.8338516919999392, 43.43589915600006], [-3.829253709999932, 43.43313222900008], [-3.823841925999943, 43.43077220300006], [-3.8272598949999406, 43.43003978100006], [-3.829986131999931, 43.430121161000045], [-3.8315323559999115, 43.42906321800007], [-3.8312882149999155, 43.42458730700008], [-3.820220506999931, 43.424261786000045], [-3.8111873039999296, 43.425482489000046], [-3.796498175999943, 43.43077220300006], [-3.7895401679999168, 43.43585846600007], [-3.776193813999953, 43.449652411000045], [-3.772287563999953, 43.45250071800007], [-3.7634985019999476, 43.45026276200008], [-3.75413977799991, 43.44049713700008], [-3.7449845039999445, 43.43825918200008], [-3.7407120429999168, 43.44232819200005], [-3.7430313789999445, 43.45136139500005], [-3.7488907539999445, 43.46072011900009], [-3.755523240999935, 43.46552155200004], [-3.755523240999935, 43.47174713700008], [-3.7415258449999556, 43.47024160400008], [-3.7357478509999282, 43.468817450000074], [-3.728871222999942, 43.46552155200004], [-3.727162238999938, 43.47052643400008], [-3.7258194649999155, 43.47052643400008], [-3.721424933999913, 43.47174713700008], [-3.728871222999942, 43.47919342700004], [-3.717925584999932, 43.48273346600007], [-3.688384568999936, 43.48423899900007], [-3.6769913399999155, 43.489447333000044], [-3.667062954999949, 43.49664948100008], [-3.6560766269999476, 43.50067780200004], [-3.5794164699999556, 43.51825592700004], [-3.554351365999935, 43.516913153000075], [-3.556263800999943, 43.499701239000046], [-3.539051886999914, 43.49896881700005], [-3.52562415299991, 43.49164459800005], [-3.514719204999949, 43.48322174700007], [-3.5053604809999115, 43.47919342700004], [-3.4366348949999406, 43.47048574400009], [-3.4315079419999392, 43.466864325000074], [-3.4282934239999463, 43.46173737200007], [-3.4271541009999282, 43.45563385600008], [-3.428618943999936, 43.44684479400007], [-3.432606574999909, 43.445420640000066], [-3.4388728509999282, 43.446559963000084], [-3.447010870999918, 43.44509511900009], [-3.451161261999914, 43.447699286000045], [-3.460601365999935, 43.45221588700008], [-3.4700414699999556, 43.45416901200008], [-3.474354620999918, 43.44879791900007], [-3.4777725899999155, 43.443060614000046], [-3.4858292309999115, 43.437567450000074], [-3.501698370999918, 43.43077220300006], [-3.4818009109999366, 43.42804596600007], [-3.470448370999918, 43.41677480700008], [-3.461089647999927, 43.41246165600006], [-3.447010870999918, 43.43077220300006], [-3.4361873039999296, 43.41901276200008], [-3.422230597999942, 43.418076890000066], [-3.392486131999931, 43.42458730700008], [-3.3780411449999406, 43.42255280200004], [-3.33031165299991, 43.41034577000005], [-3.2689509759999282, 43.40412018400008], [-3.223540818999936, 43.39162832200009], [-3.2105199859999516, 43.389837958000044], [-3.200021938999953, 43.38552480700008], [-3.176909959999932, 43.36623769700009], [-3.1508682929999168, 43.360215562000064], [-3.1314998039999296, 43.35578034100007], [-3.112375454999949, 43.35407135600008], [-3.089507615999935, 43.366888739000046], [-3.0578507149999155, 43.35236237200007], [-3.008168097999942, 43.32090892100007], [-3.008168097999942, 43.32843659100007], [-3.0200089179999168, 43.35256582200009], [-3.023426886999914, 43.364935614000046], [-3.029286261999914, 43.37213776200008], [-3.029286261999914, 43.376166083000044], [-3.024322068999936, 43.380926825000074], [-3.0109757149999155, 43.38414134300007], [-2.9994197259999282, 43.39435455900008], [-2.9559220039999445, 43.41384511900009], [-2.9399307929999168, 43.41710032800006], [-2.9399307929999168, 43.42458730700008], [-2.9466853509999282, 43.42458730700008], [-2.9466853509999282, 43.43077220300006], [-2.9300837879999335, 43.437933661000045], [-2.905262824999909, 43.439886786000045], [-2.854237433999913, 43.43825918200008], [-2.806996222999942, 43.44167715100008], [-2.785959438999953, 43.44786204600007], [-2.768625454999949, 43.45250071800007], [-2.755848761999914, 43.45026276200008], [-2.7349340489999463, 43.438788153000075], [-2.715199347999942, 43.42450592700004], [-2.7065323559999115, 43.41368235900006], [-2.694935675999943, 43.38861725500004], [-2.691029425999943, 43.36753978100006], [-2.6870011059999115, 43.37144603100006], [-2.6792699859999516, 43.389837958000044], [-2.678456183999913, 43.394639390000066], [-2.678781704999949, 43.40058014500005], [-2.6778051419999542, 43.40619538000004], [-2.6729630199999406, 43.41034577000005], [-2.661203579999949, 43.41193268400008], [-2.649322068999936, 43.40953196800007], [-2.6380916009999282, 43.405951239000046], [-2.6069229809999115, 43.40188222900008], [-2.5488988919999542, 43.38361237200007], [-2.506011522999927, 43.37714264500005], [-2.4835098949999406, 43.37063222900008], [-2.4644262359999516, 43.34922923400006], [-2.36742102799991, 43.315700588000084], [-2.327056443999936, 43.30683014500005], [-2.2846573559999115, 43.30349355700008], [-2.241118943999936, 43.30723704600007], [-2.2078751289999445, 43.31399160400008], [-2.196278449999909, 43.31476471600007], [-2.190419074999909, 43.31159088700008], [-2.1834610669999392, 43.30451080900008], [-2.1744685539999296, 43.29743073100008], [-2.162220831999946, 43.294256903000075], [-2.1595759759999282, 43.295355536000045], [-2.1563207669999542, 43.29767487200007], [-2.151519334999932, 43.299994208000044], [-2.1448461579999503, 43.30109284100007], [-2.1400447259999282, 43.298895575000074], [-2.1378067699999406, 43.294216213000084], [-2.1348363919999542, 43.289577541000085], [-2.1277970039999445, 43.28742096600007], [-2.0988663399999155, 43.30414459800005], [-2.0864151679999168, 43.30723704600007], [-2.0655411449999406, 43.30959707200009], [-1.9946182929999168, 43.32843659100007], [-1.9717911449999406, 43.33921946800007], [-1.9603572259999282, 43.343085028000075], [-1.9456274079999503, 43.342637437000064], [-1.9337052069999459, 43.335638739000046], [-1.926584438999953, 43.325873114000046], [-1.9186905589999128, 43.32099030200004], [-1.904652472999942, 43.32843659100007], [-1.9102270169999542, 43.331366278000075], [-1.9188533189999362, 43.33856842700004], [-1.9256892569999309, 43.342637437000064], [-1.884917772999927, 43.35602448100008], [-1.847401495999918, 43.380926825000074], [-1.8112686839999128, 43.39508698100008], [-1.791371222999942, 43.38458893400008], [-1.790760870999918, 43.38426341400009], [-1.7755020819999459, 43.376166083000044], [-1.7679744129999335, 43.38361237200007], [-1.7496231759999432, 43.38922760600008], [-1.6610001289999445, 43.399684963000084], [-1.6378067699999406, 43.42377350500004], [-1.6154679029999102, 43.43256256700005], [-1.596750454999949, 43.44253164300005], [-1.588042772999927, 43.451157945000034], [-1.5663956369999141, 43.48216380400004], [-1.5620824859999516, 43.493394273000035], [-1.553334113999938, 43.50136953300006], [-1.5139867829999503, 43.53864166900007], [-1.5063370429999168, 43.550116278000075], [-1.4768774079999503, 43.580064195000034], [-1.4700414699999556, 43.61151764500005], [-1.4459529289999296, 43.66844310100004], [-1.4049373039999296, 43.83234284100007], [-1.3811742829999503, 43.88959381700005], [-1.3460994129999335, 44.019191799000055], [-1.2815649079999503, 44.30219147300005], [-1.2541397779999102, 44.44245026200008], [-1.2473038399999155, 44.50454336100006], [-1.249745245999918, 44.519232489000046], [-1.2582901679999168, 44.54755280200004], [-1.2572322259999282, 44.55605703300006], [-1.2307836579999503, 44.58356354400007], [-1.2268774079999503, 44.589911200000074], [-1.2241918609999516, 44.601996161000045], [-1.2062882149999155, 44.64789459800005], [-1.1865128249999088, 44.66547272300005], [-1.1614477199999556, 44.66616445500006], [-1.100209113999938, 44.65534088700008], [-1.0650121739999463, 44.65912506700005], [-1.0447485019999476, 44.66941966400009], [-1.0444229809999115, 44.68463776200008], [-1.069162563999953, 44.703192450000074], [-1.055490688999953, 44.703192450000074], [-1.0652970039999445, 44.71747467700004], [-1.1408585279999102, 44.76813385600008], [-1.1517227859999366, 44.77142975500004], [-1.156402147999927, 44.773423570000034], [-1.1606339179999168, 44.77651601800005], [-1.1653539699999556, 44.77871328300006], [-1.172230597999942, 44.77826569200005], [-1.1765030589999128, 44.77521393400008], [-1.1784561839999128, 44.77090078300006], [-1.1797582669999542, 44.766913153000075], [-1.1821182929999168, 44.76520416900007], [-1.1885880199999406, 44.755845445000034], [-1.2336319649999155, 44.70685455900008], [-1.244943813999953, 44.66274648600006], [-1.2538142569999309, 44.638657945000034], [-1.260365363999938, 44.62742747600004], [-1.1994522779999102, 45.12083567900004], [-1.1578669909999348, 45.27912018400008], [-1.1399633449999556, 45.49005768400008], [-1.1336970689999362, 45.50482819200005], [-1.0995987619999141, 45.55353424700007], [-1.0852758449999556, 45.56903717700004], [-1.069162563999953, 45.57330963700008], [-1.0585831369999141, 45.569647528000075], [-1.0562231109999516, 45.56513092700004], [-1.0567520819999459, 45.55760325700004], [-1.0573624339999128, 45.54633209800005], [-1.0601700509999432, 45.543036200000074], [-1.0623266269999476, 45.53774648600006], [-1.0623266269999476, 45.532416083000044], [-1.0592341789999296, 45.527044989000046], [-1.0486954419999392, 45.51504140800006], [-1.0399470689999362, 45.50726959800005], [-0.9729711579999503, 45.47052643400008], [-0.9307755199999406, 45.45380280200004], [-0.9152725899999155, 45.450425523000035], [-0.7941788399999155, 45.35541413000004], [-0.7661840489999463, 45.32607656500005], [-0.7545059889999379, 45.29588450700004], [-0.7519425119999141, 45.27594635600008], [-0.7386775379999335, 45.238714911000045], [-0.7200414699999556, 45.14594147300005], [-0.7159724599999322, 45.13450755400004], [-0.6821996739999463, 45.07648346600007], [-0.6481827459999181, 45.044907945000034], [-0.6098526679999168, 45.018459377000056], [-0.5777888659999348, 45.005072333000044], [-0.5689591139999379, 44.99799225500004], [-0.5606990229999269, 44.98541901200008], [-0.5591934889999379, 44.97614166900007], [-0.5620824859999516, 44.960150458000044], [-0.5608617829999503, 44.93927643400008], [-0.5565079419999392, 44.91852448100008], [-0.5481664699999556, 44.90228913000004], [-0.5346573559999115, 44.894964911000045], [-0.5386449859999516, 44.90875885600008], [-0.5423884759999282, 44.937201239000046], [-0.5484513009999432, 44.94953034100007], [-0.5389705069999309, 44.97650788000004], [-0.5503637359999516, 44.99819570500006], [-0.5725805329999503, 45.01430898600006], [-0.5961807929999168, 45.024644273000035], [-0.5652970039999445, 45.02358633000006], [-0.5394180979999419, 45.019517320000034], [-0.5164281889999529, 45.011379299000055], [-0.4937638009999432, 44.99799225500004], [-0.5189509759999282, 45.02944570500006], [-0.5587458979999269, 45.04344310100004], [-0.6021622389999379, 45.05345286700003], [-0.6377660799999489, 45.07306549700007], [-0.6559952459999181, 45.09910716400009], [-0.6686905589999128, 45.13080475500004], [-0.7066544259999432, 45.32241445500006], [-0.7197159499999088, 45.36107005400004], [-0.7530411449999406, 45.42405833500004], [-0.7731013659999348, 45.45209381700005], [-0.7954809239999463, 45.47711823100008], [-0.8417862619999141, 45.514553127000056], [-0.9835098949999406, 45.58698151200008], [-0.9868871739999463, 45.59125397300005], [-0.9908748039999296, 45.61005280200004], [-0.9972224599999322, 45.61432526200008], [-1.0302628249999088, 45.62287018400008], [-1.0838110019999476, 45.66038646000004], [-1.1139216789999296, 45.66893138200004], [-1.1328018869999141, 45.67169830900008], [-1.1493220689999362, 45.678900458000044], [-1.1634415359999366, 45.68895091400009], [-1.1756078769999476, 45.70026276200008], [-1.1942032539999445, 45.710191148000035], [-1.2293595039999445, 45.704779364000046], [-1.2473038399999155, 45.70990631700005], [-1.2301326159999348, 45.77960846600007], [-1.2302953769999476, 45.79242584800005], [-1.163807745999918, 45.806708075000074], [-1.144276495999918, 45.80609772300005], [-1.0805557929999168, 45.75340403900009], [-1.069162563999953, 45.748114325000074], [-1.057240363999938, 45.740220445000034], [-0.9871720039999445, 45.71735260600008], [-1.0096329419999392, 45.73517487200007], [-1.0994766919999392, 45.786037502000056], [-1.125355597999942, 45.80768463700008], [-1.1306860019999476, 45.81671784100007], [-1.1321508449999556, 45.82831452000005], [-1.1365860669999392, 45.84324778900009], [-1.1432185539999296, 45.85773346600007], [-1.1517227859999366, 45.86815013200004], [-1.1406143869999141, 45.872300523000035], [-1.1336563789999445, 45.878241278000075], [-1.1285294259999432, 45.88422272300005], [-1.1237686839999128, 45.888657945000034], [-1.1125382149999155, 45.89565664300005], [-1.0970352859999366, 45.90228913000004], [-1.0877579419999392, 45.903225002000056], [-1.0797419909999348, 45.902004299000055], [-1.0733536449999406, 45.904364325000074], [-1.069162563999953, 45.91596100500004], [-1.0704239569999459, 45.92633698100008], [-1.076324022999927, 45.936712958000044], [-1.0834854809999115, 45.945379950000074], [-1.0897517569999309, 45.95075104400007], [-1.0842179029999102, 45.95392487200007], [-1.0742081369999141, 45.96157461100006], [-1.069162563999953, 45.96434153900009], [-1.0855606759999432, 45.971991278000075], [-1.0965876939999362, 45.98541901200008], [-1.1107478509999282, 46.01837799700007], [-1.0897517569999309, 46.00820547100005], [-1.0729874339999128, 46.007473049000055], [-1.0597224599999322, 46.01577383000006], [-1.0486954419999392, 46.03266022300005], [-1.0486954419999392, 46.03880442900004], [-1.052886522999927, 46.04328034100007], [-1.0585831369999141, 46.04791901200008], [-1.0651749339999128, 46.05158112200007], [-1.0842179029999102, 46.05654531500005], [-1.0877579419999392, 46.06468333500004], [-1.0887345039999445, 46.07477448100008], [-1.0960180329999503, 46.08836497600004], [-1.0956925119999141, 46.097723700000074], [-1.0970352859999366, 46.101548570000034], [-1.1007380849999322, 46.10309479400007], [-1.1135961579999503, 46.10614655200004], [-1.1170141269999476, 46.10781484600005], [-1.1229548819999309, 46.112494208000044], [-1.1290177069999459, 46.11579010600008], [-1.1288956369999141, 46.12006256700005], [-1.1170141269999476, 46.128241278000075], [-1.140370245999918, 46.14057038000004], [-1.1480199859999516, 46.141913153000075], [-1.152088995999918, 46.143866278000075], [-1.1518448559999115, 46.148423570000034], [-1.150542772999927, 46.15326569200005], [-1.1517227859999366, 46.15619538000004], [-1.1570938789999445, 46.15696849200003], [-1.172230597999942, 46.15619538000004], [-1.1826065749999088, 46.15839264500005], [-1.1916397779999102, 46.15794505400004], [-1.2001846999999088, 46.15912506700005], [-1.2097061839999128, 46.16616445500006], [-1.2108048169999392, 46.17454661700003], [-1.2044164699999556, 46.18431224200003], [-1.1944880849999322, 46.19277578300006], [-1.1851700509999432, 46.19717031500005], [-1.1905411449999406, 46.21629466400009], [-1.1795955069999309, 46.22947825700004], [-1.1107478509999282, 46.25922272300005], [-1.1026505199999406, 46.27195872600004], [-1.1035050119999141, 46.28001536700003], [-1.108021613999938, 46.28851959800005], [-1.1107478509999282, 46.30267975500004], [-1.1324763659999348, 46.32412344000005], [-1.1772354809999115, 46.326157945000034], [-1.2143448559999115, 46.31069570500006], [-1.2132055329999503, 46.27912018400008], [-1.2401016919999392, 46.28424713700008], [-1.2591853509999282, 46.300441799000055], [-1.2774145169999542, 46.319525458000044], [-1.2933650379999335, 46.32265859600005], [-1.3034561839999128, 46.323879299000055], [-1.3342179029999102, 46.33673737200007], [-1.3568416009999282, 46.35032786700003], [-1.3702286449999406, 46.35419342700004], [-1.4233292309999115, 46.34247467700004], [-1.4487198559999115, 46.343410549000055], [-1.459584113999938, 46.36473216400009], [-1.4654841789999296, 46.389960028000075], [-1.4814346999999088, 46.408189195000034], [-1.5044652989999463, 46.41933828300006], [-1.5318904289999296, 46.423081773000035], [-1.5987849599999322, 46.425034898000035], [-1.6256404289999296, 46.43113841400009], [-1.6171768869999141, 46.44354889500005], [-1.6334529289999296, 46.454291083000044], [-1.6867569649999155, 46.46088288000004], [-1.7202856109999516, 46.48126862200007], [-1.7486059239999463, 46.48655833500004], [-1.7611384759999282, 46.49201080900008], [-1.7684220039999445, 46.50023021000004], [-1.779652472999942, 46.52212148600006], [-1.7891739569999459, 46.53294505400004], [-1.7888891269999476, 46.52045319200005], [-1.7830704419999392, 46.50413646000004], [-1.7817276679999168, 46.495428778000075], [-1.7860001289999445, 46.49095286700003], [-1.7953995429999168, 46.49453359600005], [-1.8047989569999459, 46.503607489000046], [-1.8270564439999362, 46.57697174700007], [-1.8226619129999335, 46.59438711100006], [-1.838693813999953, 46.59906647300005], [-1.8465876939999362, 46.610256252000056], [-1.8512263659999348, 46.62372467700004], [-1.8574112619999141, 46.63532135600008], [-1.8724259109999366, 46.64740631700005], [-1.8878067699999406, 46.65656159100007], [-1.8997696609999366, 46.66624583500004], [-1.909901495999918, 46.69179922100005], [-1.9231664699999556, 46.69916413000004], [-1.9400121739999463, 46.70307038000004], [-1.9564509759999282, 46.704291083000044], [-1.964995897999927, 46.71039459800005], [-1.9946182929999168, 46.752020575000074], [-2.0502823559999115, 46.79205963700008], [-2.0812882149999155, 46.80735911700003], [-2.107167120999918, 46.81346263200004], [-2.118763800999943, 46.819973049000055], [-2.1260880199999406, 46.835598049000055], [-2.130034959999932, 46.854681708000044], [-2.1312556629999335, 46.87181224200003], [-2.1287735669999392, 46.893459377000056], [-2.121978318999936, 46.90371328300006], [-2.0963435539999296, 46.91648997600004], [-2.102162238999938, 46.93065013200004], [-2.0874731109999516, 46.94122955900008], [-2.0492244129999335, 46.957464911000045], [-2.037017381999931, 46.97256094000005], [-2.0201716789999296, 47.00861237200007], [-2.0082901679999168, 47.02635325700004], [-1.9907120429999168, 47.03538646000004], [-1.9925837879999335, 47.05231354400007], [-2.0037735669999392, 47.070013739000046], [-2.014556443999936, 47.08161041900007], [-2.030018683999913, 47.09210846600007], [-2.0901586579999503, 47.11517975500004], [-2.2054744129999335, 47.12909577000005], [-2.241118943999936, 47.14248281500005], [-2.2278539699999556, 47.14862702000005], [-2.21703040299991, 47.155503648000035], [-2.2053930329999503, 47.16120026200008], [-2.172840949999909, 47.16437409100007], [-2.165191209999932, 47.16787344000005], [-2.162098761999914, 47.17601146000004], [-2.159087693999936, 47.19086334800005], [-2.1586807929999168, 47.20449453300006], [-2.1693009109999366, 47.22016022300005], [-2.17210852799991, 47.235256252000056], [-2.170887824999909, 47.24632396000004], [-2.166981574999909, 47.25922272300005], [-2.1605525379999335, 47.271185614000046], [-2.1516820949999556, 47.27968984600005], [-2.127674933999913, 47.286810614000046], [-2.0356339179999168, 47.29328034100007], [-2.0287166009999282, 47.296942450000074], [-2.0219620429999168, 47.299261786000045], [-2.014556443999936, 47.300116278000075], [-2.006581183999913, 47.29328034100007], [-1.9991348949999406, 47.28856028900009], [-1.947865363999938, 47.279364325000074], [-1.9324845039999445, 47.27968984600005], [-1.9393611319999309, 47.286444403000075], [-1.9278051419999542, 47.286322333000044], [-1.917062954999949, 47.28416575700004], [-1.9073380199999406, 47.27993398600006], [-1.8984268869999141, 47.273423570000034], [-1.9188533189999362, 47.273423570000034], [-1.9188533189999362, 47.26601797100005], [-1.8778376939999362, 47.24551015800006], [-1.8362524079999503, 47.239935614000046], [-1.8260798819999309, 47.235256252000056], [-1.8039444649999155, 47.21898021000004], [-1.780995245999918, 47.21198151200008], [-1.7270401679999168, 47.21076080900008], [-1.7472224599999322, 47.219916083000044], [-1.7882380849999322, 47.22557200700004], [-1.8056534499999088, 47.235256252000056], [-1.8359268869999141, 47.259751695000034], [-1.8711645169999542, 47.27968984600005], [-1.9056290359999366, 47.29393138200004], [-1.9256892569999309, 47.298488674000055], [-1.9492895169999542, 47.300116278000075], [-1.9581599599999322, 47.302394924000055], [-1.9721573559999115, 47.312160549000055], [-2.010121222999942, 47.31972890800006], [-2.148101365999935, 47.31321849200003], [-2.1795548169999392, 47.300116278000075], [-2.186594204999949, 47.29271067900004], [-2.190581834999932, 47.28620026200008], [-2.1959529289999296, 47.27993398600006], [-2.2062882149999155, 47.273423570000034], [-2.236073370999918, 47.26748281500005], [-2.259429490999935, 47.251613674000055], [-2.278391079999949, 47.24640534100007], [-2.2980850899999155, 47.24664948100008], [-2.316070115999935, 47.251654364000046], [-2.330962693999936, 47.26080963700008], [-2.3553360669999392, 47.28009674700007], [-2.3714086579999503, 47.286444403000075], [-2.3880916009999282, 47.28790924700007], [-2.397450324999909, 47.28758372600004], [-2.404896613999938, 47.286444403000075], [-2.412831183999913, 47.28172435100004], [-2.4165746739999463, 47.27496979400007], [-2.418120897999927, 47.268866278000075], [-2.4191788399999155, 47.26601797100005], [-2.448394334999932, 47.26658763200004], [-2.541981574999909, 47.300116278000075], [-2.541981574999909, 47.30695221600007], [-2.5190323559999115, 47.30463288000004], [-2.4760636059999115, 47.290676174000055], [-2.45335852799991, 47.29328034100007], [-2.4361873039999296, 47.30703359600005], [-2.4453832669999542, 47.320379950000074], [-2.465443488999938, 47.33380768400008], [-2.480620897999927, 47.34788646000004], [-2.487945115999935, 47.345404364000046], [-2.491281704999949, 47.34389883000006], [-2.494252081999946, 47.34174225500004], [-2.4893692699999406, 47.334418036000045], [-2.4889216789999296, 47.33038971600007], [-2.494252081999946, 47.32062409100007], [-2.501698370999918, 47.32062409100007], [-2.5033259759999282, 47.349595445000034], [-2.514800584999932, 47.364935614000046], [-2.556385870999918, 47.383246161000045], [-2.47679602799991, 47.415676174000055], [-2.4661352199999556, 47.415228583000044], [-2.455799933999913, 47.412176825000074], [-2.4390356109999516, 47.40997955900008], [-2.441029425999943, 47.40444570500006], [-2.442209438999953, 47.404364325000074], [-2.4464005199999406, 47.40253327000005], [-2.4390356109999516, 47.39630768400008], [-2.429432745999918, 47.40387604400007], [-2.3950089179999168, 47.41697825700004], [-2.3918350899999155, 47.42365143400008], [-2.407134568999936, 47.42572663000004], [-2.431752081999946, 47.42617422100005], [-2.448150193999936, 47.43060944200005], [-2.4390356109999516, 47.44476959800005], [-2.45531165299991, 47.45221588700008], [-2.476185675999943, 47.45376211100006], [-2.4889216789999296, 47.45917389500005], [-2.480620897999927, 47.478216864000046], [-2.494740363999938, 47.49119700700004], [-2.4836319649999155, 47.49795156500005], [-2.4212133449999556, 47.50023021000004], [-2.384673631999931, 47.507147528000075], [-2.3639216789999296, 47.50617096600007], [-2.3801163399999155, 47.50922272300005], [-2.407053188999953, 47.50604889500005], [-2.4253637359999516, 47.50617096600007], [-2.501698370999918, 47.526678778000075], [-2.517486131999931, 47.52838776200008], [-2.5305069649999155, 47.52724844000005], [-2.563221808999913, 47.51984284100007], [-2.6006973949999406, 47.51984284100007], [-2.6098526679999168, 47.51772695500006], [-2.615589972999942, 47.51414622600004], [-2.621693488999938, 47.51341380400004], [-2.631988084999932, 47.51984284100007], [-2.616932745999918, 47.52171458500004], [-2.599354620999918, 47.52912018400008], [-2.5844620429999168, 47.54047272300005], [-2.5768123039999296, 47.553941148000035], [-2.5922745429999168, 47.54364655200004], [-2.606434699999909, 47.54205963700008], [-2.621205206999946, 47.543036200000074], [-2.6382543609999516, 47.540269273000035], [-2.6301163399999155, 47.539129950000074], [-2.623931443999936, 47.537176825000074], [-2.619943813999953, 47.53339264500005], [-2.617787238999938, 47.526678778000075], [-2.6430557929999168, 47.52643463700008], [-2.6547745429999168, 47.52830638200004], [-2.6655167309999115, 47.53351471600007], [-2.6671036449999406, 47.50958893400008], [-2.680734829999949, 47.50421784100007], [-2.714019334999932, 47.51239655200004], [-2.73070227799991, 47.51162344000005], [-2.7827856109999516, 47.49941640800006], [-2.8021541009999282, 47.498114325000074], [-2.817128058999913, 47.499212958000044], [-2.830189581999946, 47.503607489000046], [-2.843658006999931, 47.51239655200004], [-2.845692511999914, 47.51618073100008], [-2.861073370999918, 47.53583405200004], [-2.8648168609999516, 47.53685130400004], [-2.8689672519999476, 47.542181708000044], [-2.878529425999943, 47.54531484600005], [-2.8898819649999155, 47.54661692900004], [-2.892933722999942, 47.54767487200007], [-2.891509568999936, 47.54905833500004], [-2.8920792309999115, 47.553941148000035], [-2.909250454999949, 47.55841705900008], [-2.892567511999914, 47.56659577000005], [-2.8653051419999542, 47.56663646000004], [-2.850575324999909, 47.546535549000055], [-2.843658006999931, 47.546535549000055], [-2.83812415299991, 47.55182526200008], [-2.8324275379999335, 47.554022528000075], [-2.8254288399999155, 47.55247630400004], [-2.816395636999914, 47.546535549000055], [-2.8152970039999445, 47.55296458500004], [-2.809559699999909, 47.567613023000035], [-2.794016079999949, 47.555121161000045], [-2.7686661449999406, 47.54954661700003], [-2.7414444649999155, 47.55133698100008], [-2.7202042309999115, 47.56077708500004], [-2.7276505199999406, 47.567613023000035], [-2.688628709999932, 47.604396877000056], [-2.6839900379999335, 47.62299225500004], [-2.7065323559999115, 47.64272695500006], [-2.7065323559999115, 47.63654205900008], [-2.696929490999935, 47.629787502000056], [-2.6956274079999503, 47.62335846600007], [-2.7015681629999335, 47.618353583000044], [-2.714019334999932, 47.61603424700007], [-2.6997777989999463, 47.60919830900008], [-2.704253709999932, 47.60443756700005], [-2.708607550999943, 47.60228099200003], [-2.7202042309999115, 47.60175202000005], [-2.725331183999913, 47.60736725500004], [-2.775380011999914, 47.62909577000005], [-2.7544652989999463, 47.627020575000074], [-2.734486456999946, 47.622259833000044], [-2.74632727799991, 47.63385651200008], [-2.7582087879999335, 47.63906484600005], [-2.7891332669999542, 47.64272695500006], [-2.775380011999914, 47.63654205900008], [-2.796050584999932, 47.62986888200004], [-2.8477270169999542, 47.626166083000044], [-2.8579809239999463, 47.619126695000034], [-2.8667699859999516, 47.60716380400004], [-2.886382615999935, 47.60101959800005], [-2.9194229809999115, 47.59552643400008], [-2.9194229809999115, 47.60175202000005], [-2.9126684239999463, 47.60175202000005], [-2.9126684239999463, 47.60919830900008], [-2.925689256999931, 47.60765208500004], [-2.9288223949999406, 47.60602448100008], [-2.9330948559999115, 47.60175202000005], [-2.9399307929999168, 47.60175202000005], [-2.9437556629999335, 47.61395905200004], [-2.9448136059999115, 47.62409088700008], [-2.94163977799991, 47.63182200700004], [-2.9330948559999115, 47.63654205900008], [-2.94749915299991, 47.63690827000005], [-2.957997199999909, 47.64215729400007], [-2.964588995999918, 47.65143463700008], [-2.9671931629999335, 47.66380442900004], [-2.9746801419999542, 47.66380442900004], [-2.9732966789999296, 47.65599192900004], [-2.9685766269999476, 47.64350006700005], [-2.9671931629999335, 47.63654205900008], [-2.9671931629999335, 47.612616278000075], [-2.963612433999913, 47.60260651200008], [-2.954701300999943, 47.59153880400004], [-2.943511522999927, 47.58148834800005], [-2.9330948559999115, 47.57444896000004], [-2.9356176419999542, 47.567572333000044], [-2.937245245999918, 47.56468333500004], [-2.9399307929999168, 47.56077708500004], [-2.9426163399999155, 47.56439850500004], [-2.9529516269999476, 47.57444896000004], [-2.961293097999942, 47.57054271000004], [-2.9702856109999516, 47.57697174700007], [-2.9809464179999168, 47.58734772300005], [-2.994496222999942, 47.59552643400008], [-2.9885961579999503, 47.58226146000004], [-2.9942113919999542, 47.57607656500005], [-3.0034073559999115, 47.57868073100008], [-3.008168097999942, 47.591782945000034], [-3.0117895169999542, 47.60716380400004], [-3.0182185539999296, 47.60565827000005], [-3.02171790299991, 47.59454987200007], [-3.0156957669999542, 47.581244208000044], [-3.0299373039999296, 47.58193594000005], [-3.0357966789999296, 47.583319403000075], [-3.0423884759999282, 47.58808014500005], [-3.073841925999943, 47.57648346600007], [-3.089751756999931, 47.575506903000075], [-3.10374915299991, 47.581244208000044], [-3.097320115999935, 47.584051825000074], [-3.090728318999936, 47.58808014500005], [-3.1004532539999445, 47.594183661000045], [-3.112049933999913, 47.59918854400007], [-3.12328040299991, 47.59878164300005], [-3.1317032539999445, 47.58808014500005], [-3.12718665299991, 47.58661530200004], [-3.122954881999931, 47.583238023000035], [-3.1180313789999445, 47.581244208000044], [-3.128895636999914, 47.54759349200003], [-3.12328040299991, 47.51898834800005], [-3.1067602199999556, 47.495794989000046], [-3.0845434239999463, 47.478216864000046], [-3.0981339179999168, 47.47870514500005], [-3.119130011999914, 47.48261139500005], [-3.1254776679999168, 47.478216864000046], [-3.1317032539999445, 47.478216864000046], [-3.1437882149999155, 47.507025458000044], [-3.1453751289999445, 47.51609935100004], [-3.1432185539999296, 47.527044989000046], [-3.133859829999949, 47.54393138200004], [-3.1317032539999445, 47.55744049700007], [-3.1341853509999282, 47.58075592700004], [-3.1411840489999463, 47.59804922100005], [-3.1521703769999476, 47.61123281500005], [-3.1664932929999168, 47.622259833000044], [-3.17601477799991, 47.62636953300006], [-3.187245245999918, 47.62958405200004], [-3.1966853509999282, 47.63349030200004], [-3.2005916009999282, 47.63959381700005], [-3.198394334999932, 47.65257396000004], [-3.186350063999953, 47.68060944200005], [-3.1111954419999392, 47.70416901200008], [-3.1150610019999476, 47.709418036000045], [-3.117176886999914, 47.71503327000005], [-3.1180313789999445, 47.72215403900009], [-3.1180313789999445, 47.732123114000046], [-3.122792120999918, 47.72992584800005], [-3.134510870999918, 47.72679271000004], [-3.1391495429999168, 47.724676825000074], [-3.1397598949999406, 47.745794989000046], [-3.1391495429999168, 47.75259023600006], [-3.1453751289999445, 47.75259023600006], [-3.1531876289999445, 47.74201080900008], [-3.1639298169999392, 47.74388255400004], [-3.177357550999943, 47.74852122600004], [-3.1931860019999476, 47.74640534100007], [-3.1791886059999115, 47.74274323100008], [-3.169667120999918, 47.73541901200008], [-3.1633194649999155, 47.72475820500006], [-3.159087693999936, 47.711004950000074], [-3.164051886999914, 47.710272528000075], [-3.165028449999909, 47.70954010600008], [-3.165028449999909, 47.707912502000056], [-3.1664932929999168, 47.70416901200008], [-3.1783748039999296, 47.71002838700008], [-3.1853735019999476, 47.706366278000075], [-3.1932266919999392, 47.69993724200003], [-3.207386847999942, 47.697333075000074], [-3.2035212879999335, 47.69432200700004], [-3.1931860019999476, 47.68374258000006], [-3.207142706999946, 47.67914459800005], [-3.211903449999909, 47.66982656500005], [-3.21507727799991, 47.660589911000045], [-3.2241918609999516, 47.65639883000006], [-3.231597459999932, 47.66034577000005], [-3.262074347999942, 47.68374258000006], [-3.2875870429999168, 47.688666083000044], [-3.3315323559999115, 47.69672272300005], [-3.3582657539999445, 47.697333075000074], [-3.340199347999942, 47.70229726800005], [-3.322417772999927, 47.70099518400008], [-3.2826228509999282, 47.69114817900004], [-3.2826228509999282, 47.697333075000074], [-3.298451300999943, 47.70384349200003], [-3.3162735669999392, 47.70807526200008], [-3.3582657539999445, 47.711004950000074], [-3.3582657539999445, 47.718451239000046], [-3.349354620999918, 47.71906159100007], [-3.3451228509999282, 47.72125885600008], [-3.34398352799991, 47.726263739000046], [-3.34398352799991, 47.735541083000044], [-3.340565558999913, 47.739488023000035], [-3.3235570949999556, 47.73773834800005], [-3.317290818999936, 47.73895905200004], [-3.304432745999918, 47.76113515800006], [-3.2953995429999168, 47.77301666900007], [-3.2826228509999282, 47.77993398600006], [-3.2826228509999282, 47.78733958500004], [-3.304351365999935, 47.77008698100008], [-3.331776495999918, 47.75250885600008], [-3.3621720039999445, 47.74042389500005], [-3.383168097999942, 47.73704661700003], [-3.3754776679999168, 47.734035549000055], [-3.369252081999946, 47.729803778000075], [-3.3644913399999155, 47.724676825000074], [-3.3644913399999155, 47.718451239000046], [-3.446441209999932, 47.70457591400009], [-3.460682745999918, 47.70758698100008], [-3.464995897999927, 47.71303945500006], [-3.494862433999913, 47.73895905200004], [-3.5091853509999282, 47.759426174000055], [-3.520253058999913, 47.76813385600008], [-3.524484829999949, 47.77244700700004], [-3.528309699999909, 47.77993398600006], [-3.53929602799991, 47.77374909100007], [-3.555653449999909, 47.77399323100008], [-3.590972459999932, 47.77993398600006], [-3.616851365999935, 47.77912018400008], [-3.625152147999927, 47.77993398600006], [-3.63304602799991, 47.78302643400008], [-3.6443985669999392, 47.79173411700003], [-3.649037238999938, 47.79360586100006], [-3.6869197259999282, 47.792303778000075], [-3.7061661449999406, 47.796942450000074], [-3.714588995999918, 47.810614325000074], [-3.7232152989999463, 47.813381252000056], [-3.775380011999914, 47.79360586100006], [-3.7899063789999445, 47.80320872600004], [-3.8111873039999296, 47.80292389500005], [-3.8335668609999516, 47.79975006700005], [-3.851714647999927, 47.80101146000004], [-3.8530981109999516, 47.804348049000055], [-3.872222459999932, 47.82831452000005], [-3.8792211579999503, 47.83356354400007], [-3.886463995999918, 47.83746979400007], [-3.8899633449999556, 47.843451239000046], [-3.8858536449999406, 47.85504791900007], [-3.894520636999914, 47.85529205900008], [-3.9007869129999335, 47.857123114000046], [-3.9131973949999406, 47.86245351800005], [-3.9163305329999503, 47.87335846600007], [-3.9351293609999516, 47.887884833000044], [-3.961822068999936, 47.89996979400007], [-3.988270636999914, 47.90346914300005], [-3.979237433999913, 47.88300202000005], [-3.986480272999927, 47.86790599200003], [-4.008900519999941, 47.851263739000046], [-4.029204881999931, 47.85504791900007], [-4.019154425999943, 47.85447825700004], [-4.0112198559999115, 47.85594310100004], [-4.005441860999952, 47.86050039300005], [-4.001942511999914, 47.86928945500006], [-4.0140681629999335, 47.86627838700008], [-4.024037238999938, 47.86595286700003], [-4.03156490799995, 47.863714911000045], [-4.036691860999952, 47.85504791900007], [-4.064930792999917, 47.870794989000046], [-4.078236456999946, 47.87441640800006], [-4.0943904289999296, 47.87547435100004], [-4.106556769999941, 47.880113023000035], [-4.119292772999927, 47.891913153000075], [-4.12913977799991, 47.90761953300006], [-4.132191535999937, 47.923895575000074], [-4.142730272999927, 47.91201406500005], [-4.136830206999946, 47.896918036000045], [-4.12336178299995, 47.883246161000045], [-4.111195441999939, 47.87547435100004], [-4.111195441999939, 47.86928945500006], [-4.123768683999913, 47.86859772300005], [-4.133615688999953, 47.86619700700004], [-4.142648891999954, 47.861761786000045], [-4.1527400379999335, 47.85504791900007], [-4.171620245999918, 47.877020575000074], [-4.185617641999954, 47.87441640800006], [-4.188465949999909, 47.86212799700007], [-4.173898891999954, 47.85504791900007], [-4.176665818999936, 47.851263739000046], [-4.180043097999942, 47.84821198100008], [-4.180043097999942, 47.84198639500005], [-4.1527400379999335, 47.84198639500005], [-4.1527400379999335, 47.83445872600004], [-4.185210740999935, 47.813381252000056], [-4.200550910999937, 47.80719635600008], [-4.225168423999946, 47.802435614000046], [-4.371815558999913, 47.80719635600008], [-4.371245897999927, 47.81476471600007], [-4.3734431629999335, 47.82868073100008], [-4.371815558999913, 47.83445872600004], [-4.36546790299991, 47.837103583000044], [-4.356068488999938, 47.83706289300005], [-4.347645636999914, 47.838324286000045], [-4.343861456999946, 47.84511953300006], [-4.347320115999935, 47.862941799000055], [-4.362212693999936, 47.88857656500005], [-4.371978318999936, 47.91583893400008], [-4.38695227799991, 47.93406810100004], [-4.434641079999949, 47.97565338700008], [-4.523264126999948, 48.022691148000035], [-4.533273891999954, 48.02631256700005], [-4.546701626999948, 48.020738023000035], [-4.5589900379999335, 48.01068756700005], [-4.572010870999918, 48.005926825000074], [-4.6019587879999335, 48.02558014500005], [-4.619211391999954, 48.02765534100007], [-4.6529841789999296, 48.02631256700005], [-4.728138800999943, 48.04059479400007], [-4.721506313999953, 48.044134833000044], [-4.716460740999935, 48.05023834800005], [-4.712269660999937, 48.05658600500004], [-4.706206834999932, 48.06391022300005], [-4.705555792999917, 48.06745026200008], [-4.704253709999932, 48.07123444200005], [-4.700795050999943, 48.07477448100008], [-4.697417772999927, 48.07489655200004], [-4.689523891999954, 48.06883372600004], [-4.683705206999946, 48.06732819200005], [-4.361927863999938, 48.11570872600004], [-4.304758266999954, 48.10407135600008], [-4.2899063789999445, 48.10822174700007], [-4.28538977799991, 48.11538320500006], [-4.27570553299995, 48.14362213700008], [-4.280181443999936, 48.15493398600006], [-4.294341600999928, 48.16705963700008], [-4.297352667999917, 48.17405833500004], [-4.302357550999943, 48.19635651200008], [-4.315825975999928, 48.205511786000045], [-4.358225063999953, 48.21185944200005], [-4.366118943999936, 48.21515534100007], [-4.372425910999937, 48.220038153000075], [-4.376861131999931, 48.22597890800006], [-4.379261847999942, 48.23236725500004], [-4.404367641999954, 48.22614166900007], [-4.457630988999938, 48.24896881700005], [-4.485463019999941, 48.242621161000045], [-4.499989386999914, 48.22492096600007], [-4.51398678299995, 48.20209381700005], [-4.5316462879999335, 48.18309153900009], [-4.5574845039999445, 48.17719147300005], [-4.548736131999931, 48.198431708000044], [-4.543771938999953, 48.205064195000034], [-4.555043097999942, 48.21653880400004], [-4.5611873039999296, 48.225043036000045], [-4.563628709999932, 48.23236725500004], [-4.558664516999954, 48.244208075000074], [-4.550933397999927, 48.24860260600008], [-4.54718990799995, 48.25259023600006], [-4.554066535999937, 48.26276276200008], [-4.566273566999939, 48.264878648000035], [-4.626332160999937, 48.26654694200005], [-4.6236873039999296, 48.277044989000046], [-4.626332160999937, 48.28705475500004], [-4.615386522999927, 48.291083075000074], [-4.607085740999935, 48.29059479400007], [-4.598784959999932, 48.288397528000075], [-4.587880011999914, 48.28705475500004], [-4.575184699999909, 48.29002513200004], [-4.5729060539999296, 48.29682038000004], [-4.5755102199999556, 48.30385976800005], [-4.577259894999941, 48.307521877000056], [-4.559478318999936, 48.33869049700007], [-4.546701626999948, 48.34682851800005], [-4.5301407539999445, 48.34162018400008], [-4.54320227799991, 48.304673570000034], [-4.515533006999931, 48.29584381700005], [-4.426503058999913, 48.300034898000035], [-4.416371222999942, 48.29661692900004], [-4.4096573559999115, 48.292303778000075], [-4.401966925999943, 48.28856028900009], [-4.38898678299995, 48.28705475500004], [-4.376861131999931, 48.28778717700004], [-4.329701300999943, 48.29702383000006], [-4.262603318999936, 48.300034898000035], [-4.268950975999928, 48.29584381700005], [-4.275217251999948, 48.29401276200008], [-4.2899063789999445, 48.293850002000056], [-4.269357876999948, 48.288397528000075], [-4.187489386999914, 48.300034898000035], [-4.187489386999914, 48.307521877000056], [-4.218820766999954, 48.30605703300006], [-4.230539516999954, 48.309881903000075], [-4.234730597999942, 48.32172272300005], [-4.243967251999948, 48.31391022300005], [-4.257720506999931, 48.31134674700007], [-4.2701716789999296, 48.31468333500004], [-4.27570553299995, 48.32485586100006], [-4.281971808999913, 48.32367584800005], [-4.324696417999917, 48.32172272300005], [-4.316314256999931, 48.33079661700003], [-4.312082485999952, 48.33307526200008], [-4.303618943999936, 48.33539459800005], [-4.3031306629999335, 48.33958567900004], [-4.298491990999935, 48.343817450000074], [-4.288685675999943, 48.348537502000056], [-4.269398566999939, 48.36273834800005], [-4.286284959999932, 48.362534898000035], [-4.3089900379999335, 48.351548570000034], [-4.324696417999917, 48.34845612200007], [-4.324696417999917, 48.35529205900008], [-4.317290818999936, 48.35529205900008], [-4.317290818999936, 48.36273834800005], [-4.324696417999917, 48.36273834800005], [-4.327788865999935, 48.357855536000045], [-4.334055141999954, 48.352728583000044], [-4.337717251999948, 48.34845612200007], [-4.352609829999949, 48.352728583000044], [-4.384185350999928, 48.33812083500004], [-4.406605597999942, 48.33539459800005], [-4.4037979809999115, 48.339178778000075], [-4.402821417999917, 48.33958567900004], [-4.399159308999913, 48.34162018400008], [-4.406605597999942, 48.34845612200007], [-4.415028449999909, 48.34292226800005], [-4.426503058999913, 48.33885325700004], [-4.439930792999917, 48.336371161000045], [-4.453724738999938, 48.33539459800005], [-4.453724738999938, 48.34162018400008], [-4.396595831999946, 48.38776276200008], [-4.385568813999953, 48.393744208000044], [-4.2899063789999445, 48.43158600500004], [-4.307728644999941, 48.42804596600007], [-4.339019334999932, 48.416083075000074], [-4.358957485999952, 48.41111888200004], [-4.426503058999913, 48.40371328300006], [-4.457508917999917, 48.39484284100007], [-4.520619269999941, 48.36831289300005], [-4.5695694649999155, 48.36029694200005], [-4.599354620999918, 48.35016510600008], [-4.618885870999918, 48.34845612200007], [-4.636341925999943, 48.35114166900007], [-4.6711319649999155, 48.360581773000035], [-4.690541144999941, 48.36273834800005], [-4.694081183999913, 48.359442450000074], [-4.694081183999913, 48.35219961100006], [-4.695668097999942, 48.344956773000035], [-4.704497850999928, 48.34162018400008], [-4.754994269999941, 48.34198639500005], [-4.768381313999953, 48.345404364000046], [-4.777170376999948, 48.35561758000006], [-4.783355272999927, 48.37641022300005], [-4.764759894999941, 48.37763092700004], [-4.766346808999913, 48.39044830900008], [-4.783355272999927, 48.41738515800006], [-4.784901495999918, 48.43618398600006], [-4.779855923999946, 48.45490143400008], [-4.768055792999917, 48.46865469000005], [-4.7492569649999155, 48.47260163000004], [-4.7492569649999155, 48.47882721600007], [-4.7746475899999155, 48.49127838700008], [-4.764556443999936, 48.52020905200004], [-4.739898240999935, 48.55072663000004], [-4.7219945949999556, 48.56818268400008], [-4.7115779289999296, 48.563666083000044], [-4.700795050999943, 48.56073639500005], [-4.7082413399999155, 48.56818268400008], [-4.692290818999936, 48.575506903000075], [-4.673451300999943, 48.57957591400009], [-4.642486131999931, 48.58185455900008], [-4.623036261999914, 48.578192450000074], [-4.589833136999914, 48.565741278000075], [-4.577259894999941, 48.56818268400008], [-4.600493943999936, 48.58934153900009], [-4.60773678299995, 48.60301341400009], [-4.594634568999936, 48.60911692900004], [-4.548817511999914, 48.601223049000055], [-4.5301407539999445, 48.60171133000006], [-4.5574845039999445, 48.60911692900004], [-4.554432745999918, 48.61322663000004], [-4.552601691999939, 48.616522528000075], [-4.554798956999946, 48.61969635600008], [-4.563628709999932, 48.62343984600005], [-4.563628709999932, 48.62962474200003], [-4.485463019999941, 48.62962474200003], [-4.462880011999914, 48.63231028900009], [-4.429798956999946, 48.64280833500004], [-4.406605597999942, 48.64325592700004], [-4.420399542999917, 48.648871161000045], [-4.426503058999913, 48.650091864000046], [-4.426503058999913, 48.657538153000075], [-4.398060675999943, 48.66095612200007], [-4.370228644999941, 48.67182038000004], [-4.3432511059999115, 48.67885976800005], [-4.317290818999936, 48.67804596600007], [-4.29914303299995, 48.66364166900007], [-4.306507941999939, 48.64154694200005], [-4.283111131999931, 48.64325592700004], [-4.2525935539999296, 48.655462958000044], [-4.242054816999939, 48.657538153000075], [-4.2298070949999556, 48.655951239000046], [-4.207142706999946, 48.64996979400007], [-4.1937556629999335, 48.650091864000046], [-4.1937556629999335, 48.657538153000075], [-4.213002081999946, 48.66120026200008], [-4.207753058999913, 48.67137278900009], [-4.190581834999932, 48.68305084800005], [-4.173898891999954, 48.691107489000046], [-4.154652472999942, 48.69623444200005], [-4.131459113999938, 48.69916413000004], [-4.1087133449999556, 48.698146877000056], [-4.0906876289999445, 48.691107489000046], [-4.084787563999953, 48.69717031500005], [-4.079253709999932, 48.696926174000055], [-4.074330206999946, 48.692287502000056], [-4.070220506999931, 48.684881903000075], [-4.064035610999952, 48.684881903000075], [-4.057362433999913, 48.68960195500006], [-4.053293423999946, 48.69554271000004], [-4.052642381999931, 48.70307038000004], [-4.056548631999931, 48.712144273000035], [-4.042713995999918, 48.71393463700008], [-4.0305069649999155, 48.71702708500004], [-4.009348110999952, 48.725816148000035], [-3.9739884109999366, 48.73281484600005], [-3.967762824999909, 48.72955963700008], [-3.9702856109999516, 48.720038153000075], [-3.9738663399999155, 48.71279531500005], [-3.9727270169999542, 48.70770905200004], [-3.9610082669999542, 48.704738674000055], [-3.9610082669999542, 48.698553778000075], [-3.967762824999909, 48.698553778000075], [-3.967762824999909, 48.691107489000046], [-3.957753058999913, 48.686835028000075], [-3.9510391919999392, 48.679388739000046], [-3.9495336579999503, 48.66933828300006], [-3.954741990999935, 48.657538153000075], [-3.926584438999953, 48.67617422100005], [-3.9119360019999476, 48.68121979400007], [-3.8919978509999282, 48.67804596600007], [-3.901966925999943, 48.67202383000006], [-3.9063207669999542, 48.67059967700004], [-3.9063207669999542, 48.66437409100007], [-3.894195115999935, 48.653550523000035], [-3.8646541009999282, 48.64101797100005], [-3.851714647999927, 48.62962474200003], [-3.8443090489999463, 48.63646067900004], [-3.851714647999927, 48.64325592700004], [-3.8443090489999463, 48.650091864000046], [-3.8489477199999556, 48.656317450000074], [-3.852447068999936, 48.66453685100004], [-3.8578995429999168, 48.684881903000075], [-3.851714647999927, 48.684881903000075], [-3.8485001289999445, 48.679022528000075], [-3.845448370999918, 48.67601146000004], [-3.8374731109999516, 48.67059967700004], [-3.84007727799991, 48.68805573100008], [-3.8371475899999155, 48.70726146000004], [-3.829253709999932, 48.718451239000046], [-3.8169652989999463, 48.712144273000035], [-3.812652147999927, 48.71674225500004], [-3.810454881999931, 48.72150299700007], [-3.8098038399999155, 48.72695547100005], [-3.8101293609999516, 48.73322174700007], [-3.79710852799991, 48.72117747600004], [-3.7784317699999406, 48.71735260600008], [-3.7319229809999115, 48.71898021000004], [-3.720855272999927, 48.716009833000044], [-3.697865363999938, 48.702337958000044], [-3.6866348949999406, 48.698553778000075], [-3.673817511999914, 48.69822825700004], [-3.6381729809999115, 48.704738674000055], [-3.6385391919999392, 48.68781159100007], [-3.614003058999913, 48.68268463700008], [-3.584787563999953, 48.682806708000044], [-3.57054602799991, 48.68797435100004], [-3.5804744129999335, 48.71108633000006], [-3.5845434239999463, 48.72638580900008], [-3.5804744129999335, 48.73322174700007], [-3.528309699999909, 48.739488023000035], [-3.5428360669999392, 48.74567291900007], [-3.5773819649999155, 48.77423737200007], [-3.5815323559999115, 48.79059479400007], [-3.5714005199999406, 48.79905833500004], [-3.542591925999943, 48.807806708000044], [-3.5208634109999366, 48.833644924000055], [-3.515288865999935, 48.84194570500006], [-3.5091853509999282, 48.84194570500006], [-3.4998266269999476, 48.83698151200008], [-3.4681290359999366, 48.83567942900004], [-3.433583136999914, 48.82221100500004], [-3.4197485019999476, 48.82143789300005], [-3.425404425999943, 48.818426825000074], [-3.428089972999942, 48.815741278000075], [-3.42992102799991, 48.81244538000004], [-3.433338995999918, 48.807806708000044], [-3.409901495999918, 48.80654531500005], [-3.397613084999932, 48.80731842700004], [-3.3887426419999542, 48.81118398600006], [-3.378651495999918, 48.81932200700004], [-3.371815558999913, 48.82249583500004], [-3.287464972999942, 48.843451239000046], [-3.2757869129999335, 48.84935130400004], [-3.2689509759999282, 48.84935130400004], [-3.259510870999918, 48.847723700000074], [-3.2297257149999155, 48.872259833000044], [-3.213612433999913, 48.86981842700004], [-3.207142706999946, 48.85541413000004], [-3.207753058999913, 48.835923570000034], [-3.214955206999946, 48.81785716400009], [-3.2278946609999366, 48.807806708000044], [-3.22679602799991, 48.80329010600008], [-3.225575324999909, 48.800482489000046], [-3.2205297519999476, 48.794134833000044], [-3.2168676419999542, 48.80678945500006], [-3.208729620999918, 48.81635163000004], [-3.1788223949999406, 48.841009833000044], [-3.154204881999931, 48.85492584800005], [-3.1453751289999445, 48.86237213700008], [-3.13499915299991, 48.85919830900008], [-3.1164444649999155, 48.87409088700008], [-3.10374915299991, 48.876654364000046], [-3.091460740999935, 48.87128327000005], [-3.084339972999942, 48.862209377000056], [-3.083729620999918, 48.85171133000006], [-3.090728318999936, 48.84194570500006], [-3.090728318999936, 48.83567942900004], [-3.077056443999936, 48.82827383000006], [-3.0846248039999296, 48.82013580900008], [-3.0975235669999392, 48.794134833000044], [-3.1040746739999463, 48.78620026200008], [-3.1254776679999168, 48.76740143400008], [-3.1254776679999168, 48.75995514500005], [-3.1180313789999445, 48.75995514500005], [-3.085031704999949, 48.80499909100007], [-3.065500454999949, 48.82396067900004], [-3.049183722999942, 48.82143789300005], [-3.03929602799991, 48.82697174700007], [-3.0287166009999282, 48.82880280200004], [-3.0182185539999296, 48.82697174700007], [-3.008168097999942, 48.82143789300005], [-3.0156957669999542, 48.81460195500006], [-3.0117895169999542, 48.813666083000044], [-3.009388800999943, 48.813706773000035], [-3.0083715489999463, 48.812486070000034], [-3.008168097999942, 48.807806708000044], [-3.01781165299991, 48.805853583000044], [-3.025502081999946, 48.80292389500005], [-3.0423884759999282, 48.794134833000044], [-3.0423884759999282, 48.78790924700007], [-3.029286261999914, 48.780462958000044], [-3.003651495999918, 48.773871161000045], [-2.9529516269999476, 48.77228424700007], [-2.9330948559999115, 48.76740143400008], [-2.9344376289999445, 48.759100653000075], [-2.934396938999953, 48.75307851800005], [-2.9330948559999115, 48.74632396000004], [-2.9427384109999366, 48.74091217700004], [-2.9466853509999282, 48.739488023000035], [-2.9466853509999282, 48.73322174700007], [-2.9320369129999335, 48.72695547100005], [-2.913970506999931, 48.716498114000046], [-2.89867102799991, 48.704779364000046], [-2.8920792309999115, 48.69476959800005], [-2.826975063999953, 48.657538153000075], [-2.8170466789999296, 48.62767161700003], [-2.8129776679999168, 48.61969635600008], [-2.811431443999936, 48.614569403000075], [-2.814361131999931, 48.60993073100008], [-2.816395636999914, 48.60492584800005], [-2.8129776679999168, 48.59857819200005], [-2.8080134759999282, 48.59560781500005], [-2.795033331999946, 48.59125397300005], [-2.7710668609999516, 48.57916901200008], [-2.714019334999932, 48.56073639500005], [-2.716949022999927, 48.55170319200005], [-2.7210180329999503, 48.544623114000046], [-2.726673956999946, 48.53896719000005], [-2.734486456999946, 48.53400299700007], [-2.7227270169999542, 48.533636786000045], [-2.71312415299991, 48.53009674700007], [-2.704701300999943, 48.52415599200003], [-2.696278449999909, 48.51666901200008], [-2.682362433999913, 48.509019273000035], [-2.679676886999914, 48.51837799700007], [-2.6802465489999463, 48.53278229400007], [-2.676136847999942, 48.540228583000044], [-2.636341925999943, 48.53880442900004], [-2.620025193999936, 48.54360586100006], [-2.6006973949999406, 48.55760325700004], [-2.577056443999936, 48.582464911000045], [-2.569406704999949, 48.58869049700007], [-2.55882727799991, 48.59414297100005], [-2.5410863919999542, 48.598089911000045], [-2.473622199999909, 48.62596263200004], [-2.4595434239999463, 48.63646067900004], [-2.4595434239999463, 48.64325592700004], [-2.4680069649999155, 48.64394765800006], [-2.487456834999932, 48.650091864000046], [-2.4428604809999115, 48.659084377000056], [-2.421050584999932, 48.65696849200003], [-2.412261522999927, 48.64325592700004], [-2.3862198559999115, 48.650091864000046], [-2.356068488999938, 48.663275458000044], [-2.329986131999931, 48.68036530200004], [-2.316070115999935, 48.698553778000075], [-2.312489386999914, 48.68695709800005], [-2.3053279289999296, 48.67963288000004], [-2.2952367829999503, 48.67658112200007], [-2.281971808999913, 48.67804596600007], [-2.281971808999913, 48.67059967700004], [-2.289418097999942, 48.66657135600008], [-2.293771938999953, 48.661363023000035], [-2.297474738999938, 48.65570709800005], [-2.302398240999935, 48.650091864000046], [-2.33031165299991, 48.62962474200003], [-2.312652147999927, 48.62018463700008], [-2.294016079999949, 48.628607489000046], [-2.273589647999927, 48.642645575000074], [-2.250965949999909, 48.650091864000046], [-2.246205206999946, 48.64472077000005], [-2.2407120429999168, 48.62132396000004], [-2.237294074999909, 48.61591217700004], [-2.2259415359999366, 48.61237213700008], [-2.2192276679999168, 48.60366445500006], [-2.2156876289999445, 48.59243398600006], [-2.213693813999953, 48.58185455900008], [-2.202788865999935, 48.58588288000004], [-2.19554602799991, 48.593451239000046], [-2.192128058999913, 48.60374583500004], [-2.1926163399999155, 48.61591217700004], [-2.188384568999936, 48.60130442900004], [-2.1829727859999366, 48.588771877000056], [-2.17406165299991, 48.58295319200005], [-2.159087693999936, 48.58869049700007], [-2.159087693999936, 48.59544505400004], [-2.1631973949999406, 48.59650299700007], [-2.17210852799991, 48.60171133000006], [-2.161040818999936, 48.61302317900004], [-2.149322068999936, 48.61888255400004], [-2.1370336579999503, 48.61798737200007], [-2.1243383449999556, 48.60911692900004], [-2.1312556629999335, 48.615301825000074], [-2.136626756999931, 48.62213776200008], [-2.1448461579999503, 48.63646067900004], [-2.100209113999938, 48.646918036000045], [-2.052357550999943, 48.650091864000046], [-2.049794074999909, 48.64557526200008], [-2.0287166009999282, 48.61969635600008], [-2.027088995999918, 48.60895416900007], [-2.0220434239999463, 48.598944403000075], [-2.0132543609999516, 48.59162018400008], [-2.000884568999936, 48.58869049700007], [-2.0051163399999155, 48.57884349200003], [-2.0082901679999168, 48.57501862200007], [-1.9824926419999542, 48.54897695500006], [-1.9763891269999476, 48.53563060100004], [-1.9802953769999476, 48.51357656500005], [-1.970448370999918, 48.520697333000044], [-1.9393611319999309, 48.53400299700007], [-1.9672745429999168, 48.54706452000005], [-1.9619034499999088, 48.55491771000004], [-1.9766332669999542, 48.572699286000045], [-1.9802953769999476, 48.58869049700007], [-1.9735001289999445, 48.58869049700007], [-1.9693904289999296, 48.58417389500005], [-1.9651586579999503, 48.58120351800005], [-1.9529516269999476, 48.57501862200007], [-1.9603572259999282, 48.58661530200004], [-1.9693904289999296, 48.59275950700004], [-1.9798070949999556, 48.59511953300006], [-1.9911189439999362, 48.59544505400004], [-2.0004776679999168, 48.60130442900004], [-2.0190323559999115, 48.63104889500005], [-2.0287166009999282, 48.64325592700004], [-2.025542772999927, 48.65131256700005], [-2.0181371739999463, 48.66034577000005], [-2.006581183999913, 48.667629299000055], [-1.9911189439999362, 48.67059967700004], [-1.9877009759999282, 48.67377350500004], [-1.9877009759999282, 48.680853583000044], [-1.9859106109999516, 48.68789297100005], [-1.9769587879999335, 48.691107489000046], [-1.9393611319999309, 48.691107489000046], [-1.9456274079999503, 48.698553778000075], [-1.8437393869999141, 48.712144273000035], [-1.8466690749999088, 48.70783112200007], [-1.8469132149999155, 48.70343659100007], [-1.8435766269999476, 48.698146877000056], [-1.8363337879999335, 48.691107489000046], [-1.8611954419999392, 48.66421133000006], [-1.8609513009999432, 48.64085521000004], [-1.8382055329999503, 48.62376536700003], [-1.7960098949999406, 48.61591217700004], [-1.722808397999927, 48.615301825000074], [-1.6439509759999282, 48.62343984600005], [-1.5956925119999141, 48.64093659100007], [-1.5896703769999476, 48.641791083000044], [-1.5797013009999432, 48.64325592700004], [-1.5005590489999463, 48.63646067900004], [-1.3931371739999463, 48.652411200000074], [-1.3565567699999406, 48.64325592700004], [-1.3723038399999155, 48.660589911000045], [-1.3946020169999542, 48.66828034100007], [-1.4328507149999155, 48.67059967700004], [-1.4330134759999282, 48.66828034100007], [-1.4377335279999102, 48.66445547100005], [-1.4432673819999309, 48.66282786700003], [-1.4459529289999296, 48.66746653900009], [-1.4470922519999476, 48.673895575000074], [-1.4505102199999556, 48.67951080900008], [-1.4557999339999128, 48.68341705900008], [-1.4902237619999141, 48.69013092700004], [-1.5026749339999128, 48.69550202000005], [-1.507964647999927, 48.701605536000045], [-1.5164688789999445, 48.72516510600008], [-1.5536189439999362, 48.74713776200008], [-1.5620824859999516, 48.770819403000075], [-1.5625707669999542, 48.798488674000055], [-1.566761847999942, 48.82217031500005], [-1.5788468089999128, 48.83783600500004], [-1.6029353509999282, 48.84194570500006], [-1.6029353509999282, 48.84935130400004], [-1.5891007149999155, 48.853583075000074], [-1.5785212879999335, 48.862616278000075], [-1.5718481109999516, 48.874212958000044], [-1.5637100899999155, 48.92210521000004], [-1.5570369129999335, 48.93231842700004], [-1.5484106109999516, 48.923814195000034], [-1.5427953769999476, 48.935248114000046], [-1.5419815749999088, 48.94407786700003], [-1.547027147999927, 48.94969310100004], [-1.5589900379999335, 48.95180898600006], [-1.5630590489999463, 48.95758698100008], [-1.5522354809999115, 49.01544830900008], [-1.5457657539999445, 49.03034088700008], [-1.5323380199999406, 49.035142320000034], [-1.507964647999927, 49.02753327000005], [-1.507964647999927, 49.03367747600004], [-1.5272517569999309, 49.03978099200003], [-1.5497126939999362, 49.03978099200003], [-1.5684301419999542, 49.03266022300005], [-1.576324022999927, 49.017279364000046], [-1.5794571609999366, 49.01316966400009], [-1.586537238999938, 49.01898834800005], [-1.5935766269999476, 49.028998114000046], [-1.596750454999949, 49.03742096600007], [-1.5959366529999102, 49.06126536700003], [-1.5937393869999141, 49.071966864000046], [-1.5893448559999115, 49.082098700000074], [-1.6034236319999309, 49.083970445000034], [-1.6087540359999366, 49.091498114000046], [-1.6077367829999503, 49.102728583000044], [-1.6029353509999282, 49.11562734600005], [-1.5959366529999102, 49.12848541900007], [-1.5890193349999322, 49.13458893400008], [-1.5694880849999322, 49.14354075700004], [-1.581776495999918, 49.14984772300005], [-1.5842179029999102, 49.148423570000034], [-1.5893448559999115, 49.14354075700004], [-1.5977677069999459, 49.159369208000044], [-1.6044815749999088, 49.17820872600004], [-1.6087947259999282, 49.19782135600008], [-1.610422329999949, 49.21588776200008], [-1.6026505199999406, 49.22540924700007], [-1.5844620429999168, 49.226263739000046], [-1.5484106109999516, 49.21930573100008], [-1.5484106109999516, 49.225490627000056], [-1.5695694649999155, 49.229681708000044], [-1.5952856109999516, 49.23786041900007], [-1.6168513659999348, 49.23822663000004], [-1.6246638659999348, 49.21930573100008], [-1.6405330069999309, 49.23151276200008], [-1.6570938789999445, 49.26837799700007], [-1.6718643869999141, 49.28009674700007], [-1.6653946609999366, 49.28461334800005], [-1.6625870429999168, 49.286037502000056], [-1.6581925119999141, 49.287543036000045], [-1.6869197259999282, 49.302435614000046], [-1.6990860669999392, 49.31354401200008], [-1.7066544259999432, 49.32916901200008], [-1.6861873039999296, 49.32916901200008], [-1.6861873039999296, 49.33535390800006], [-1.6991267569999309, 49.35586172100005], [-1.7066544259999432, 49.35586172100005], [-1.7147517569999309, 49.33852773600006], [-1.7332657539999445, 49.34625885600008], [-1.7557266919999392, 49.36245351800005], [-1.7755020819999459, 49.37010325700004], [-1.7728572259999282, 49.377020575000074], [-1.7711075509999432, 49.37995026200008], [-1.7679744129999335, 49.38373444200005], [-1.7818904289999296, 49.38153717700004], [-1.795074022999927, 49.37763092700004], [-1.806792772999927, 49.37685781500005], [-1.8164770169999542, 49.38373444200005], [-1.8195694649999155, 49.39679596600007], [-1.8157852859999366, 49.430853583000044], [-1.8164770169999542, 49.44521719000005], [-1.819406704999949, 49.452053127000056], [-1.8235977859999366, 49.45848216400009], [-1.8382055329999503, 49.475816148000035], [-1.8395076159999348, 49.48065827000005], [-1.8402400379999335, 49.48582591400009], [-1.8437393869999141, 49.49359772300005], [-1.8535863919999542, 49.50429922100005], [-1.8794652989999463, 49.52496979400007], [-1.8846736319999309, 49.530910549000055], [-1.8784073559999115, 49.54486725500004], [-1.8501684239999463, 49.561712958000044], [-1.8437393869999141, 49.57184479400007], [-1.8392227859999366, 49.603176174000055], [-1.8395076159999348, 49.61977773600006], [-1.8469132149999155, 49.63393789300005], [-1.8550512359999516, 49.64508698100008], [-1.8605850899999155, 49.65477122600004], [-1.869496222999942, 49.66168854400007], [-1.9016007149999155, 49.66583893400008], [-1.9456274079999503, 49.67796458500004], [-1.937652147999927, 49.70156484600005], [-1.9395645819999459, 49.716457424000055], [-1.9352107409999348, 49.72410716400009], [-1.908355272999927, 49.72638580900008], [-1.8989965489999463, 49.724269924000055], [-1.8791397779999102, 49.714829820000034], [-1.8672989569999459, 49.71271393400008], [-1.8394262359999516, 49.71539948100008], [-1.8294571609999366, 49.71271393400008], [-1.8246150379999335, 49.70844147300005], [-1.8209529289999296, 49.69635651200008], [-1.8164770169999542, 49.69163646000004], [-1.8118383449999556, 49.690741278000075], [-1.8008927069999459, 49.69208405200004], [-1.7960098949999406, 49.69163646000004], [-1.7739965489999463, 49.686712958000044], [-1.7077530589999128, 49.68016185100004], [-1.6330460279999102, 49.66351959800005], [-1.6171768869999141, 49.66429271000004], [-1.6166886059999115, 49.66201406500005], [-1.6163630849999322, 49.65704987200007], [-1.6139216789999296, 49.65224844000005], [-1.6066788399999155, 49.650051174000055], [-1.5973201159999348, 49.65228913000004], [-1.583729620999918, 49.66205475500004], [-1.572865363999938, 49.66429271000004], [-1.5611873039999296, 49.66303131700005], [-1.5403946609999366, 49.65778229400007], [-1.5284317699999406, 49.657456773000035], [-1.511463995999918, 49.662543036000045], [-1.4959203769999476, 49.67218659100007], [-1.4701228509999282, 49.69505442900004], [-1.4557185539999296, 49.70221588700008], [-1.4094945949999556, 49.71157461100006], [-1.3912654289999296, 49.71271393400008], [-1.2711482409999348, 49.698431708000044], [-1.2630509109999366, 49.69550202000005], [-1.2591039699999556, 49.68829987200007], [-1.2541397779999102, 49.67177969000005], [-1.2322485019999476, 49.64142487200007], [-1.2277725899999155, 49.62409088700008], [-1.2533259759999282, 49.61225006700005], [-1.257557745999918, 49.602850653000075], [-1.2599991529999102, 49.593451239000046], [-1.264027472999942, 49.58926015800006], [-1.286203579999949, 49.58893463700008], [-1.2949926419999542, 49.586818752000056], [-1.3014216789999296, 49.58177317900004], [-1.3062638009999432, 49.55809153900009], [-1.2936091789999296, 49.538397528000075], [-1.2765193349999322, 49.520738023000035], [-1.2615860669999392, 49.49315013200004], [-1.185292120999918, 49.43036530200004], [-1.1756892569999309, 49.415228583000044], [-1.172230597999942, 49.39337799700007], [-1.1742244129999335, 49.38239166900007], [-1.1787003249999088, 49.37457916900007], [-1.1832576159999348, 49.36945221600007], [-1.1851700509999432, 49.366400458000044], [-1.181996222999942, 49.35618724200003], [-1.1738175119999141, 49.35700104400007], [-1.1630753249999088, 49.36151764500005], [-1.1517227859999366, 49.36269765800006], [-1.1410212879999335, 49.356675523000035], [-1.1334529289999296, 49.34951406500005], [-1.1228735019999476, 49.34544505400004], [-1.1034236319999309, 49.34902578300006], [-1.1034236319999309, 49.35586172100005], [-1.1137589179999168, 49.36579010600008], [-1.1063533189999362, 49.37946198100008], [-1.089588995999918, 49.39154694200005], [-1.0722550119999141, 49.39679596600007], [-0.9404190749999088, 49.392279364000046], [-0.8221329419999392, 49.36269765800006], [-0.6507869129999335, 49.35586172100005], [-0.6079809239999463, 49.34739817900004], [-0.5833634109999366, 49.34589264500005], [-0.5469457669999542, 49.35895416900007], [-0.5225317049999489, 49.35529205900008], [-0.47948157499990884, 49.34275950700004], [-0.41112219999990884, 49.34275950700004], [-0.39362545499994894, 49.33803945500006], [-0.3634333979999269, 49.32501862200007], [-0.3130997389999379, 49.31732819200005], [-0.2194718089999128, 49.28009674700007], [-0.1940811839999128, 49.29523346600007], [-0.033843553999929554, 49.32005442900004], [0.012868686000047092, 49.33462148600006], [0.04029381600008719, 49.35040924700007], [0.06308027400007177, 49.35447825700004], [0.07195071700004974, 49.35927969000005], [0.0959578790000819, 49.38373444200005], [0.1623641290000819, 49.41518789300005], [0.28687584700008983, 49.43362051000008], [0.4113061860000471, 49.452053127000056], [0.4572860040000819, 49.46743398600006], [0.47657311300008587, 49.47866445500006], [0.49317467500009116, 49.49359772300005], [0.4221297540000819, 49.46442291900007], [0.33961022200008983, 49.456732489000046], [0.25684655000009116, 49.464056708000044], [0.18531334700008983, 49.47996653900009], [0.16480553500008455, 49.47996653900009], [0.1473087900000678, 49.48094310100004], [0.12435957100007045, 49.48578522300005], [0.10442142000005106, 49.49359772300005], [0.0959578790000819, 49.503241278000075], [0.09278405000009116, 49.50926341400009], [0.07862389400008851, 49.51552969000005], [0.07536868600004709, 49.52407461100006], [0.07658938900004841, 49.53497955900008], [0.07968183700006648, 49.542181708000044], [0.13086998800008587, 49.603501695000034], [0.17090905000009116, 49.69163646000004], [0.18588300900006516, 49.703192450000074], [0.23585045700008322, 49.72931549700007], [0.24675540500004445, 49.72943756700005], [0.25684655000009116, 49.73590729400007], [0.38746178500008455, 49.775051174000055], [0.3976343110000471, 49.784369208000044], [0.5227970710000704, 49.83295319200005], [0.5573836600000845, 49.83978913000004], [0.5966903000000912, 49.85724518400008], [0.6748153000000912, 49.87579987200007], [0.7609155610000471, 49.875067450000074], [1.1726180350000845, 49.961004950000074], [1.1969507170000497, 49.97357819200005], [1.2212020190000885, 49.97898997600004], [1.2609969410000872, 50.007513739000046], [1.3912866550000444, 50.07518138200004], [1.4441024100000845, 50.117254950000074], [1.4558211600000845, 50.12360260600008], [1.4645288420000497, 50.132147528000075], [1.4868270190000885, 50.18504466400009], [1.5210067070000832, 50.21466705900008], [1.5553491550000444, 50.21771881700005], [1.6543074880000859, 50.18659088700008], [1.6640731130000859, 50.18707916900007], [1.6725366550000444, 50.19253164300005], [1.6725366550000444, 50.19936758000006], [1.661957227000073, 50.198919989000046], [1.6552840500000912, 50.200506903000075], [1.6500757170000497, 50.204779364000046], [1.6445418630000859, 50.21238841400009], [1.6650496750000912, 50.21238841400009], [1.6650496750000912, 50.21979401200008], [1.645681186000047, 50.220038153000075], [1.6254988940000885, 50.224310614000046], [1.6100366550000444, 50.23224518400008], [1.6035262380000859, 50.243475653000075], [1.5939233730000524, 50.256293036000045], [1.5511173840000652, 50.26968008000006], [1.5415145190000885, 50.27789948100008], [1.5431421230000524, 50.31000397300005], [1.5515242850000845, 50.34906647300005], [1.5720320970000898, 50.37567780200004], [1.5949813160000872, 50.37266673400006], [1.6103621750000912, 50.37067291900007], [1.6103621750000912, 50.37689850500004], [1.5551863940000885, 50.40477122600004], [1.5551863940000885, 50.41156647300005], [1.5734969410000872, 50.445379950000074], [1.5742293630000859, 50.49237702000005], [1.579274936000047, 50.53314850500004], [1.6103621750000912, 50.548163153000075], [1.5833439460000704, 50.57469310100004], [1.5778914720000898, 50.58860911700003], [1.5735783210000704, 50.63556549700007], [1.5631616550000444, 50.67829010600008], [1.5626733730000524, 50.69896067900004], [1.5676375660000872, 50.71674225500004], [1.5887150400000678, 50.756293036000045], [1.6001082690000885, 50.77098216400009], [1.6056421230000524, 50.79002513200004], [1.5992944670000497, 50.812933661000045], [1.583181186000047, 50.84979889500005], [1.5808211600000845, 50.863714911000045], [1.5805770190000885, 50.868801174000055], [1.6048283210000704, 50.88104889500005], [1.6134546230000524, 50.88336823100008], [1.6342879570000832, 50.88458893400008], [1.6533309250000912, 50.889105536000045], [1.670176629000082, 50.900091864000046], [1.699066602000073, 50.92560455900008], [1.7298283210000704, 50.94391510600008], [1.9213973320000832, 50.99677155200004], [1.939300977000073, 50.99445221600007], [1.9734806650000678, 51.007147528000075], [2.134043816000087, 51.019964911000045], [2.305511915000068, 51.05540599200003], [2.3160913420000497, 51.059027411000045], [2.324473504000082, 51.059881903000075], [2.3844507170000497, 51.05532461100006], [2.466075066000087, 51.068793036000045], [2.506683790000068, 51.08075592700004], [2.521494988000086, 51.08738841400009], [2.521820509000065, 51.087551174000055], [2.542002800000091, 51.096869208000044], [2.579925977000073, 51.104803778000075], [2.715668165000068, 51.16950104400007], [2.92359459700009, 51.24648672100005], [3.124847852000073, 51.32965729400007], [3.3489689460000704, 51.37514883000006], [3.349457227000073, 51.37523021000004], [3.510915561000047, 51.40794505400004], [3.525726759000065, 51.41559479400007], [3.541351759000065, 51.41673411700003], [3.604665561000047, 51.391058661000045], [3.702159050000091, 51.37360260600008], [3.734222852000073, 51.35578034100007], [3.7555444670000497, 51.35008372600004], [3.795909050000091, 51.35008372600004], [3.833994988000086, 51.34324778900009], [3.8581649100000845, 51.34544505400004], [3.9558211600000845, 51.37177155200004], [3.9692488940000885, 51.38165924700007], [3.974619988000086, 51.401597398000035], [3.98414147200009, 51.41046784100007], [4.005707227000073, 51.409816799000055], [4.02906334700009, 51.40420156500005], [4.0434676440000885, 51.398504950000074], [4.050059441000087, 51.392238674000055], [4.0612899100000845, 51.376654364000046], [4.070160352000073, 51.37055084800005], [4.081309441000087, 51.36815013200004], [4.105479363000086, 51.366115627000056], [4.115489129000082, 51.360988674000055], [4.121918165000068, 51.359361070000034], [4.156504754000082, 51.35757070500006], [4.173675977000073, 51.37372467700004], [4.180023634000065, 51.37742747600004], [4.199554884000065, 51.37604401200008], [4.221527540000068, 51.36798737200007], [4.222178582000083, 51.36774323100008], [4.241058790000068, 51.35659414300005], [4.249034050000091, 51.34666575700004], [4.256114129000082, 51.32843659100007], [4.272634311000047, 51.31582265800006], [4.29078209700009, 51.305894273000035], [4.302989129000082, 51.296087958000044], [4.306651238000086, 51.28974030200004], [4.308116082000083, 51.283636786000045], [4.3054305350000845, 51.276597398000035], [4.298675977000073, 51.269598700000074], [4.296722852000073, 51.267564195000034], [4.30836022200009, 51.27122630400004], [4.316416863000086, 51.27684153900009], [4.3308211600000845, 51.296087958000044], [4.297129754000082, 51.30516185100004], [4.289317254000082, 51.30914948100008], [4.285411004000082, 51.318019924000055], [4.286143425000091, 51.33966705900008], [4.283050977000073, 51.35008372600004], [4.275645379000082, 51.35809967700004], [4.2610783210000704, 51.36937083500004], [4.257090691000087, 51.37250397300005], [4.249034050000091, 51.38422272300005], [4.246348504000082, 51.39642975500004], [4.2468367850000845, 51.40672435100004], [4.2448836600000845, 51.414496161000045], [4.234711134000065, 51.41901276200008], [4.222992384000065, 51.409491278000075], [4.201019727000073, 51.40534088700008], [4.11109459700009, 51.40696849200003], [4.0903426440000885, 51.41128164300005], [4.070160352000073, 51.41901276200008], [4.015147332000083, 51.448919989000046], [3.9987899100000845, 51.453111070000034], [3.957041863000086, 51.45579661700003], [3.94312584700009, 51.450384833000044], [3.9134220710000704, 51.415269273000035], [3.90211022200009, 51.40493398600006], [3.886729363000086, 51.39980703300006], [3.850759311000047, 51.397365627000056], [3.837901238000086, 51.392238674000055], [3.827159050000091, 51.391058661000045], [3.816416863000086, 51.39411041900007], [3.789073113000086, 51.412176825000074], [3.728770379000082, 51.43081289300005], [3.689707879000082, 51.454291083000044], [3.6740014980000524, 51.45538971600007], [3.63257897200009, 51.44570547100005], [3.6100366550000444, 51.44505442900004], [3.5533960300000444, 51.453111070000034], [3.535411004000082, 51.45921458500004], [3.5201929050000444, 51.47337474200003], [3.506846550000091, 51.48932526200008], [3.4948022800000444, 51.50092194200005], [3.461924675000091, 51.51898834800005], [3.451019727000073, 51.529730536000045], [3.44703209700009, 51.54596588700008], [3.4575301440000885, 51.55508047100005], [3.560394727000073, 51.594631252000056], [3.8288680350000845, 51.61273834800005], [3.8510848320000832, 51.61078522300005], [3.866058790000068, 51.60541413000004], [3.8821720710000704, 51.59609609600005], [3.896494988000086, 51.58380768400008], [3.9057723320000832, 51.569240627000056], [3.8952742850000845, 51.56659577000005], [3.8782658210000704, 51.55939362200007], [3.8715926440000885, 51.555568752000056], [3.8715926440000885, 51.54938385600008], [3.9672957690000885, 51.54311758000006], [4.015879754000082, 51.53082916900007], [4.0571395190000885, 51.50836823100008], [4.070323113000086, 51.49274323100008], [4.090017123000052, 51.458238023000035], [4.1048283210000704, 51.44570547100005], [4.128754102000073, 51.44135163000004], [4.180837436000047, 51.44586823100008], [4.200450066000087, 51.439520575000074], [4.220225457000083, 51.44354889500005], [4.252777540000068, 51.44253164300005], [4.263845248000052, 51.44440338700008], [4.283213738000086, 51.447699286000045], [4.296722852000073, 51.47052643400008], [4.288584832000083, 51.49213288000004], [4.267751498000052, 51.50828685100004], [4.239756707000083, 51.51850006700005], [4.230479363000086, 51.51955801000008], [4.1946720710000704, 51.52358633000006], [4.153330925000091, 51.53506094000005], [4.137950066000087, 51.53587474200003], [4.106293165000068, 51.53351471600007], [4.091319207000083, 51.53506094000005], [4.067230665000068, 51.54401276200008], [3.988129102000073, 51.590277411000045], [4.041188998000052, 51.60602448100008], [4.0677189460000704, 51.610663153000075], [4.157237175000091, 51.60789622600004], [4.18336022200009, 51.60293203300006], [4.206879102000073, 51.59052155200004], [4.207286004000082, 51.590277411000045], [4.202647332000083, 51.60911692900004], [4.1899520190000885, 51.61668528900009], [4.186127149000072, 51.61680735900006], [4.146657748000052, 51.61786530200004], [4.135996941000087, 51.620428778000075], [4.125987175000091, 51.624701239000046], [4.118011915000068, 51.63068268400008], [4.11296634200005, 51.63939036700003], [4.1098738940000885, 51.65086497600004], [4.109629754000082, 51.66229889500005], [4.1126408210000704, 51.670803127000056], [4.1256616550000444, 51.67963288000004], [4.142914259000065, 51.68414948100008], [4.176931186000047, 51.68585846600007], [4.166351759000065, 51.692694403000075], [4.1411238940000885, 51.70392487200007], [4.071543816000087, 51.71718984600005], [4.0571395190000885, 51.73029205900008], [4.050791863000086, 51.76349518400008], [4.0339461600000845, 51.78424713700008], [4.009776238000086, 51.79791901200008], [3.981455925000091, 51.81000397300005], [3.9625757170000497, 51.801214911000045], [3.9371850920000497, 51.79633209800005], [3.911387566000087, 51.79637278900009], [3.891856316000087, 51.792954820000034], [3.8881942070000832, 51.78888580900008], [3.881114129000082, 51.78807200700004], [3.8715926440000885, 51.788275458000044], [3.862315300000091, 51.816066799000055], [3.8913680350000845, 51.82827383000006], [3.954112175000091, 51.84015534100007], [3.96265709700009, 51.847357489000046], [3.98218834700009, 51.84829336100006], [4.015635613000086, 51.84357330900008], [4.0434676440000885, 51.83421458500004], [4.0476180350000845, 51.833685614000046], [4.055023634000065, 51.83421458500004], [4.065440300000091, 51.837103583000044], [4.077647332000083, 51.84357330900008], [4.07007897200009, 51.852728583000044], [4.04460696700005, 51.87449778900009], [4.0378524100000845, 51.87791575700004], [4.032074415000068, 51.882025458000044], [4.0297957690000885, 51.88825104400007], [4.0319930350000845, 51.89606354400007], [4.036631707000083, 51.901556708000044], [4.041270379000082, 51.905503648000035], [4.0434676440000885, 51.90867747600004], [4.040212436000047, 51.92405833500004], [4.02116946700005, 51.963324286000045], [4.010020379000082, 51.980129299000055], [4.015635613000086, 51.98769765800006], [4.022471550000091, 51.99437083500004], [4.0690210300000444, 51.987941799000055], [4.107676629000082, 51.991888739000046], [4.141856316000087, 52.00560130400004], [4.284678582000083, 52.112941799000055], [4.4069116550000444, 52.22345612200007], [4.508148634000065, 52.336371161000045], [4.568614129000082, 52.44525788000004], [4.577321811000047, 52.47357819200005], [4.577321811000047, 52.48094310100004], [4.596934441000087, 52.50657786700003], [4.6393335300000444, 52.70066966400003], [4.657074415000068, 52.75018952000005], [4.65984134200005, 52.765285549000055], [4.669444207000083, 52.796576239000046], [4.7116805350000845, 52.86310455900008], [4.7213647800000444, 52.89594147300005], [4.72242272200009, 52.914496161000045], [4.726410352000073, 52.93829987200007], [4.733897332000083, 52.95888906500005], [4.7454533210000704, 52.96759674700007], [4.806976759000065, 52.961818752000056], [4.8169051440000885, 52.96759674700007], [4.824392123000052, 52.960150458000044], [4.809418165000068, 52.92959219000005], [4.8327742850000845, 52.911322333000044], [4.8737899100000845, 52.903957424000055], [4.913096550000091, 52.905585028000075], [4.935801629000082, 52.913397528000075], [4.97828209700009, 52.93569570500006], [4.999034050000091, 52.940334377000056], [5.038910352000073, 52.94350820500006], [5.078135613000086, 52.954006252000056], [5.279470248000052, 53.062933661000045], [5.294200066000087, 53.073431708000044], [5.312754754000082, 53.08283112200007], [5.358897332000083, 53.08934153900003], [5.379242384000065, 53.097357489000046], [5.3997501960000704, 53.12205638200004], [5.4270939460000704, 53.190334377000056], [5.447438998000052, 53.22089264500005], [5.482595248000052, 53.24555084800005], [5.504242384000065, 53.257025458000044], [5.541026238000086, 53.26658763200004], [5.557871941000087, 53.27802155200004], [5.573496941000087, 53.29165273600006], [5.59156334700009, 53.302801825000074], [5.6118270190000885, 53.30711497600004], [5.659678582000083, 53.31195709800005], [5.694590691000087, 53.330064195000034], [5.854746941000087, 53.368801174000055], [5.890798373000052, 53.38426341400003], [5.91374759200005, 53.38540273600006], [5.980804884000065, 53.40607330900008], [6.077321811000047, 53.40892161700003], [6.1860457690000885, 53.410996812000064], [6.2739363940000885, 53.41266510600008], [6.284353061000047, 53.41054922100005], [6.301931186000047, 53.40110911700003], [6.311534050000091, 53.39899323100008], [6.32007897200009, 53.40070221600007], [6.345550977000073, 53.41266510600008], [6.494395379000082, 53.438706773000035], [6.73023522200009, 53.460638739000046], [6.829112175000091, 53.45058828300006], [6.849782748000052, 53.44489166900007], [6.86687259200005, 53.43427155200004], [6.900563998000052, 53.35179271000004], [6.905772332000083, 53.350490627000056], [6.930023634000065, 53.34007396000004], [6.931895379000082, 53.337591864000046], [6.936696811000047, 53.33539459800005], [6.941661004000082, 53.33071523600006], [6.9485783210000704, 53.32607656500005], [6.98015384200005, 53.31976959800005], [7.0200301440000885, 53.30613841400003], [7.0377710300000444, 53.30963776200008], [7.0462345710000704, 53.30385976800005], [7.05827884200005, 53.301947333000044], [7.07007897200009, 53.303941148000035], [7.0786238940000885, 53.30963776200008], [7.085459832000083, 53.30963776200008], [7.085459832000083, 53.302801825000074], [7.0774845710000704, 53.29865143400008], [7.073496941000087, 53.29564036700003], [7.073741082000083, 53.29132721600007], [7.0786238940000885, 53.28294505400004], [7.0807397800000444, 53.266791083000044], [7.11109459700009, 53.25633372600004], [7.18336022200009, 53.24510325700004], [7.194590691000087, 53.245021877000056], [7.2044376960000704, 53.24827708500004], [7.215830925000091, 53.25560130400004], [7.224619988000086, 53.262925523000035], [7.233571811000047, 53.27362702000005], [7.2369897800000444, 53.28554922100005], [7.229502800000091, 53.296576239000046], [7.254730665000068, 53.319525458000044], [7.2683211600000845, 53.32367584800005], [7.2915145190000885, 53.323919989000046], [7.3131616550000444, 53.32050202000005], [7.347666863000086, 53.30735911700003], [7.3665470710000704, 53.302801825000074], [7.3425399100000845, 53.32404205900008], [7.302907748000052, 53.33274974200003], [7.075205925000091, 53.337591864000046], [7.038259311000047, 53.34857819200005], [7.023610873000052, 53.37641022300005], [7.023285352000073, 53.450506903000075], [7.027679884000065, 53.46735260600008], [7.047048373000052, 53.497707424000055], [7.0514429050000444, 53.512600002000056], [7.059743686000047, 53.52171458500004], [7.079356316000087, 53.521551825000074], [7.1196395190000885, 53.51630280200004], [7.125010613000086, 53.52435944200005], [7.13453209700009, 53.527411200000074], [7.141774936000047, 53.537176825000074], [7.1399845710000704, 53.54979075700004], [7.131114129000082, 53.55695221600007], [7.101898634000065, 53.565741278000075], [7.088877800000091, 53.57371653900003], [7.086761915000068, 53.58685944200005], [7.1009220710000704, 53.59788646000004], [7.133148634000065, 53.61127350500004], [7.169444207000083, 53.63548411700003], [7.188975457000083, 53.64350006700005], [7.226084832000083, 53.66648997600004], [7.305023634000065, 53.684800523000035], [7.458832227000073, 53.69513580900008], [7.469574415000068, 53.690741278000075], [7.48023522200009, 53.68203359600005], [7.503916863000086, 53.67865631700005], [7.651377800000091, 53.696966864000046], [7.951426629000082, 53.721909898000035], [8.031423373000052, 53.70807526200008], [8.031423373000052, 53.70062897300005], [8.024912957000083, 53.67255280200004], [8.052907748000052, 53.63629791900007], [8.094086134000065, 53.604722398000035], [8.127614780000044, 53.59076569200005], [8.127614780000044, 53.58462148600006], [8.119151238000086, 53.571926174000055], [8.134613477000073, 53.56745026200008], [8.156748894000089, 53.563666083000044], [8.167979363000086, 53.55320872600004], [8.164886915000068, 53.535223700000074], [8.155446811000047, 53.52602773600006], [8.133799675000091, 53.51630280200004], [8.115733269000089, 53.51072825700004], [8.076345248000052, 53.50861237200007], [8.058767123000052, 53.502020575000074], [8.076996290000068, 53.46869538000004], [8.086192254000082, 53.45612213700008], [8.099782748000052, 53.44741445500006], [8.112478061000047, 53.45107656500005], [8.123871290000068, 53.454006252000056], [8.140635613000086, 53.45359935100004], [8.152354363000086, 53.44977448100008], [8.171397332000083, 53.43659088700008], [8.178558790000068, 53.43374258000006], [8.186696811000047, 53.42951080900008], [8.194834832000083, 53.42011139500005], [8.205332879000082, 53.41071198100008], [8.219737175000091, 53.40643952000005], [8.236501498000052, 53.40672435100004], [8.248708530000044, 53.40839264500005], [8.25945071700005, 53.41229889500005], [8.271739129000082, 53.41950104400007], [8.292816602000073, 53.44049713700008], [8.315114780000044, 53.47492096600007], [8.320485873000052, 53.50922272300005], [8.291514519000089, 53.529364325000074], [8.252207879000082, 53.523098049000055], [8.231211785000085, 53.52521393400008], [8.233164910000085, 53.53986237200007], [8.241709832000083, 53.556301174000055], [8.248871290000068, 53.590277411000045], [8.257334832000083, 53.60443756700005], [8.270681186000047, 53.61286041900007], [8.287608269000089, 53.616888739000046], [8.329356316000087, 53.61810944200005], [8.348480665000068, 53.61286041900007], [8.363291863000086, 53.60057200700004], [8.375498894000089, 53.58690013200004], [8.387705925000091, 53.57713450700004], [8.428070509000065, 53.56476471600007], [8.51343834700009, 53.554754950000074], [8.55209394600007, 53.54360586100006], [8.55209394600007, 53.53620026200008], [8.528168165000068, 53.52391185100004], [8.506195509000065, 53.50796133000006], [8.49000084700009, 53.486395575000074], [8.483897332000083, 53.45734284100007], [8.485036655000044, 53.40119049700007], [8.490896030000044, 53.37645091400003], [8.504405144000089, 53.35805898600006], [8.507334832000083, 53.382798570000034], [8.496755405000044, 53.44525788000004], [8.497569207000083, 53.47475820500006], [8.512868686000047, 53.49648672100005], [8.535817905000044, 53.50617096600007], [8.556651238000086, 53.51821523600006], [8.56576582100007, 53.54669830900008], [8.560801629000082, 53.55170319200005], [8.535166863000086, 53.59076569200005], [8.527517123000052, 53.59662506700005], [8.517100457000083, 53.61017487200007], [8.508311394000089, 53.62514883000006], [8.501231316000087, 53.644191799000055], [8.487071160000085, 53.66693756700005], [8.483897332000083, 53.683579820000034], [8.48609459700009, 53.700425523000035], [8.492198113000086, 53.71515534100007], [8.529633009000065, 53.770697333000044], [8.556162957000083, 53.830959377000056], [8.573252800000091, 53.85765208500004], [8.58757571700005, 53.870428778000075], [8.60710696700005, 53.88153717700004], [8.629242384000065, 53.88939036700003], [8.651866082000083, 53.89248281500005], [8.672699415000068, 53.89158763200004], [8.684580925000091, 53.88849518400008], [8.709157748000052, 53.871975002000056], [8.744639519000089, 53.85415273600006], [8.782481316000087, 53.84247467700004], [8.86068769600007, 53.83100006700005], [8.903575066000087, 53.831732489000046], [8.97624759200005, 53.84243398600006], [9.016286655000044, 53.84052155200004], [9.035004102000073, 53.853583075000074], [9.114512566000087, 53.86513906500005], [9.193614129000082, 53.86469147300005], [9.21070397200009, 53.871975002000056], [9.22429446700005, 53.86591217700004], [9.240733269000089, 53.864162502000056], [9.274668816000087, 53.86513906500005], [9.283376498000052, 53.86163971600007], [9.305349155000044, 53.84454987200007], [9.402679884000065, 53.74241771000004], [9.442881707000083, 53.71430084800005], [9.470957879000082, 53.70062897300005], [9.484711134000065, 53.69009023600006], [9.498383009000065, 53.659857489000046], [9.567067905000044, 53.599595445000034], [9.582367384000065, 53.59129466400003], [9.60092207100007, 53.58633047100005], [9.62476647200009, 53.58462148600006], [9.637217644000089, 53.58100006700005], [9.69662519600007, 53.556626695000034], [9.764008009000065, 53.54767487200007], [9.819021030000044, 53.540350653000075], [9.832041863000086, 53.54360586100006], [9.819590691000087, 53.556626695000034], [9.782074415000068, 53.56972890800006], [9.692393425000091, 53.57591380400004], [9.655772332000083, 53.58462148600006], [9.58366946700005, 53.61245351800005], [9.550791863000086, 53.63458893400008], [9.539073113000086, 53.66648997600004], [9.536143425000091, 53.69375234600005], [9.532237175000091, 53.71116771000004], [9.522227410000085, 53.71662018400008], [9.475271030000044, 53.73216380400004], [9.460215691000087, 53.73541901200008], [9.435801629000082, 53.74868398600006], [9.412445509000065, 53.77875397300005], [9.396657748000052, 53.81102122600004], [9.395192905000044, 53.83100006700005], [9.35873457100007, 53.839544989000046], [9.295583530000044, 53.87189362200007], [9.257823113000086, 53.88556549700007], [9.22046959700009, 53.89077383000006], [9.09343509200005, 53.89248281500005], [9.055430535000085, 53.90289948100008], [9.029958530000044, 53.907131252000056], [9.018321160000085, 53.90273672100005], [9.007823113000086, 53.89248281500005], [8.984629754000082, 53.89704010600008], [8.949473504000082, 53.91290924700007], [8.916026238000086, 53.93740469000005], [8.83334394600007, 54.036444403000075], [8.871836785000085, 54.046942450000074], [8.890635613000086, 54.04779694200005], [8.914561394000089, 54.04389069200005], [8.953868035000085, 54.02830638200004], [8.975352410000085, 54.02407461100006], [8.997243686000047, 54.03021881700005], [9.004893425000091, 54.04116445500006], [9.01303144600007, 54.060980536000045], [9.018565300000091, 54.08242422100005], [9.018321160000085, 54.09788646000004], [9.006683790000068, 54.10814036700003], [8.988129102000073, 54.11786530200004], [8.974457227000073, 54.12807851800005], [8.977305535000085, 54.13947174700007], [8.977305535000085, 54.145697333000044], [8.95289147200009, 54.150091864000046], [8.917979363000086, 54.14630768400008], [8.885427280000044, 54.13703034100007], [8.867442254000082, 54.12518952000005], [8.86068769600007, 54.12518952000005], [8.83334394600007, 54.15314362200007], [8.815684441000087, 54.17560455900008], [8.812836134000065, 54.18048737200007], [8.820974155000044, 54.200506903000075], [8.836273634000065, 54.21775950700004], [8.846690300000091, 54.23354726800005], [8.83961022200009, 54.24872467700004], [8.83961022200009, 54.255560614000046], [8.851898634000065, 54.261053778000075], [8.89421634200005, 54.26821523600006], [8.91146894600007, 54.269191799000055], [8.922048373000052, 54.27423737200007], [8.937510613000086, 54.28668854400007], [8.953135613000086, 54.30255768400008], [8.963145379000082, 54.317613023000035], [8.940277540000068, 54.31500885600008], [8.902598504000082, 54.29584381700005], [8.881114129000082, 54.290269273000035], [8.883067254000082, 54.29360586100006], [8.885915561000047, 54.30072663000004], [8.887950066000087, 54.303941148000035], [8.857595248000052, 54.30182526200008], [8.805430535000085, 54.29242584800005], [8.774668816000087, 54.290269273000035], [8.738942905000044, 54.29389069200005], [8.723480665000068, 54.290269273000035], [8.690196160000085, 54.271470445000034], [8.678477410000085, 54.269191799000055], [8.651866082000083, 54.27484772300005], [8.623383009000065, 54.29010651200008], [8.602712436000047, 54.31207916900007], [8.599864129000082, 54.33808014500005], [8.614024285000085, 54.34837474200003], [8.641368035000085, 54.35565827000005], [8.672048373000052, 54.35927969000005], [8.695567254000082, 54.358587958000044], [8.695567254000082, 54.36542389500005], [8.677582227000073, 54.36790599200003], [8.66382897200009, 54.37555573100008], [8.650645379000082, 54.37799713700008], [8.634776238000086, 54.36542389500005], [8.626231316000087, 54.37641022300005], [8.629161004000082, 54.38768138200004], [8.63843834700009, 54.398138739000046], [8.648448113000086, 54.40639883000006], [8.669769727000073, 54.400824286000045], [8.750824415000068, 54.41380442900004], [8.86068769600007, 54.41380442900004], [8.88607832100007, 54.41779205900008], [8.907237175000091, 54.42552317900004], [8.949473504000082, 54.447333075000074], [8.98804772200009, 54.45844147300005], [9.004730665000068, 54.46588776200008], [9.01148522200009, 54.482123114000046], [9.011566602000073, 54.50633372600004], [8.98609459700009, 54.529282945000034], [8.904470248000052, 54.58063385600008], [8.892832879000082, 54.59125397300005], [8.887950066000087, 54.60187409100007], [8.878754102000073, 54.60651276200008], [8.858164910000085, 54.60614655200004], [8.837087436000047, 54.60268789300005], [8.82585696700005, 54.59813060100004], [8.819021030000044, 54.60561758000006], [8.85328209700009, 54.61928945500006], [8.818369988000086, 54.67365143400008], [8.805430535000085, 54.687567450000074], [8.77670332100007, 54.69798411700003], [8.722666863000086, 54.72553131700005], [8.688731316000087, 54.73529694200005], [8.688731316000087, 54.742173570000034], [8.694346550000091, 54.76023997600004], [8.68132571700005, 54.780585028000075], [8.66187584700009, 54.80060455900008], [8.648448113000086, 54.81785716400003], [8.642751498000052, 54.844183661000045], [8.647227410000085, 54.86737702000005], [8.660817905000044, 54.89630768400008], [8.668793165000068, 54.91351959800005], [8.661387566000087, 54.92031484600005], [8.674815300000091, 54.94794342700004], [8.666351759000065, 54.97333405200004], [8.650401238000086, 54.99799225500004], [8.649654768718408, 55.0]]}, "properties": {}}, {"type": "Feature", "geometry": {"type": "LineString", "coordinates": [[9.720269040200867, 55.0], [9.730967644000089, 54.995428778000075], [9.738617384000065, 54.98086172100005], [9.760752800000091, 54.90497467700004], [9.763194207000083, 54.900458075000074], [9.761566602000073, 54.89740631700005], [9.751963738000086, 54.893011786000045], [9.737071160000085, 54.89276764500005], [9.722992384000065, 54.897650458000044], [9.711436394000089, 54.89858633000006], [9.703461134000065, 54.88617584800005], [9.715993686000047, 54.88377513200004], [9.72787519600007, 54.87946198100008], [9.737803582000083, 54.87352122600004], [9.744476759000065, 54.86627838700008], [9.748301629000082, 54.857855536000045], [9.750254754000082, 54.84625885600008], [9.745941602000073, 54.836004950000074], [9.731211785000085, 54.83152903900003], [9.719574415000068, 54.83584219000005], [9.705332879000082, 54.85455963700008], [9.69662519600007, 54.85887278900003], [9.655039910000085, 54.857082424000055], [9.642100457000083, 54.85887278900003], [9.623301629000082, 54.865301825000074], [9.62468509200005, 54.86928945500006], [9.632823113000086, 54.873114325000074], [9.634613477000073, 54.879339911000045], [9.61695397200009, 54.894232489000046], [9.610362175000091, 54.903225002000056], [9.617523634000065, 54.90729401200008], [9.64421634200005, 54.913275458000044], [9.638845248000052, 54.92475006700005], [9.61500084700009, 54.93268463700008], [9.586761915000068, 54.927720445000034], [9.581228061000047, 54.92177969000005], [9.56804446700005, 54.90143463700008], [9.556813998000052, 54.890326239000046], [9.55054772200009, 54.88271719000005], [9.545909050000091, 54.879339911000045], [9.538340691000087, 54.87791575700004], [9.522146030000044, 54.87929922100005], [9.515147332000083, 54.87592194200005], [9.498057488000086, 54.86432526200008], [9.45639082100007, 54.843817450000074], [9.442881707000083, 54.83152903900003], [9.436289910000085, 54.81045156500005], [9.437510613000086, 54.81041087400007], [9.451426629000082, 54.81037018400008], [9.510996941000087, 54.827826239000046], [9.529958530000044, 54.841498114000046], [9.55437259200005, 54.84711334800005], [9.566905144000089, 54.86017487200007], [9.579925977000073, 54.86627838700008], [9.583181186000047, 54.83026764500005], [9.631602410000085, 54.81989166900007], [9.69304446700005, 54.818019924000055], [9.734629754000082, 54.80731842700004], [9.752126498000052, 54.79962799700007], [9.778086785000085, 54.79315827000005], [9.801768425000091, 54.78339264500005], [9.81218509200005, 54.766058661000045], [9.823741082000083, 54.756740627000056], [9.849864129000082, 54.75934479400007], [9.895355665000068, 54.76947663000004], [9.891449415000068, 54.790269273000035], [9.915049675000091, 54.79120514500005], [9.947520379000082, 54.77952708500004], [9.97046959700009, 54.76264069200005], [9.98414147200009, 54.728501695000034], [9.990489129000082, 54.72052643400008], [9.999522332000083, 54.712958075000074], [10.018239780000044, 54.701239325000074], [10.005381707000083, 54.69550202000005], [9.992198113000086, 54.696478583000044], [9.97982832100007, 54.69977448100008], [9.97046959700009, 54.701239325000074], [9.971039259000065, 54.69904205900008], [9.946299675000091, 54.68764883000006], [9.94312584700009, 54.687567450000074], [9.936696811000047, 54.68500397300005], [9.932383660000085, 54.685248114000046], [9.929942254000082, 54.68309153900003], [9.92945397200009, 54.673895575000074], [9.944102410000085, 54.67332591400003], [9.970225457000083, 54.67792389500005], [9.996348504000082, 54.67877838700008], [10.01140384200005, 54.66705963700008], [10.022146030000044, 54.67243073100008], [10.033539259000065, 54.67291901200008], [10.039073113000086, 54.66681549700007], [10.031911655000044, 54.652777411000045], [10.036957227000073, 54.63890208500004], [10.037608269000089, 54.61908600500004], [10.031911655000044, 54.57770416900007], [10.026866082000083, 54.55996328300006], [10.020030144000089, 54.54584381700005], [10.010427280000044, 54.53432851800005], [9.99781334700009, 54.52366771000004], [9.965586785000085, 54.50617096600007], [9.925303582000083, 54.49310944200005], [9.882009311000047, 54.48484935100004], [9.840098504000082, 54.482123114000046], [9.840098504000082, 54.47528717700004], [9.883311394000089, 54.462103583000044], [10.12468509200005, 54.495754299000055], [10.143402540000068, 54.491848049000055], [10.203868035000085, 54.461004950000074], [10.183929884000065, 54.44936758000006], [10.183848504000082, 54.43842194200005], [10.191742384000065, 54.42617422100005], [10.19703209700009, 54.41010163000004], [10.191254102000073, 54.39671458500004], [10.17709394600007, 54.38426341400003], [10.159027540000068, 54.37531159100007], [10.141774936000047, 54.372259833000044], [10.144379102000073, 54.370021877000056], [10.14779707100007, 54.36831289300005], [10.148285352000073, 54.36517975500004], [10.141774936000047, 54.358587958000044], [10.152517123000052, 54.35179271000004], [10.155528191000087, 54.343410549000055], [10.151621941000087, 54.333970445000034], [10.141774936000047, 54.32440827000005], [10.16374759200005, 54.32916901200008], [10.180349155000044, 54.341131903000075], [10.203868035000085, 54.372259833000044], [10.217133009000065, 54.40542226800005], [10.22437584700009, 54.41380442900004], [10.234385613000086, 54.41771067900004], [10.272146030000044, 54.42007070500006], [10.285817905000044, 54.42475006700005], [10.292491082000083, 54.43016185100004], [10.297618035000085, 54.43573639500005], [10.306895379000082, 54.441107489000046], [10.318369988000086, 54.44330475500004], [10.360850457000083, 54.441107489000046], [10.382823113000086, 54.434759833000044], [10.443369988000086, 54.40639883000006], [10.601084832000083, 54.36542389500005], [10.690196160000085, 54.31622955900008], [10.731293165000068, 54.310207424000055], [10.77711022200009, 54.31513092700004], [10.810801629000082, 54.327378648000035], [10.867930535000085, 54.358587958000044], [10.900889519000089, 54.37103913000004], [10.93531334700009, 54.37954336100006], [11.018809441000087, 54.38589101800005], [11.018809441000087, 54.37909577000005], [11.000824415000068, 54.378566799000055], [10.975840691000087, 54.37840403900003], [10.993174675000091, 54.37384674700007], [11.010508660000085, 54.37718333500004], [11.033946160000085, 54.367621161000045], [11.104177280000044, 54.39288971600007], [11.135508660000085, 54.38589101800005], [11.098399285000085, 54.36151764500005], [11.087738477000073, 54.35175202000005], [11.08179772200009, 54.35464101800005], [11.066579623000052, 54.358587958000044], [11.077403191000087, 54.342230536000045], [11.086599155000044, 54.302435614000046], [11.094493035000085, 54.28351471600007], [11.087087436000047, 54.27090078300006], [11.087738477000073, 54.253892320000034], [11.094493035000085, 54.22508372600004], [11.090179884000065, 54.20799388200004], [11.080577019000089, 54.198879299000055], [11.070974155000044, 54.192572333000044], [11.066579623000052, 54.18390534100007], [10.950450066000087, 54.13947174700007], [10.910329623000052, 54.10919830900008], [10.892832879000082, 54.10252513200004], [10.852386915000068, 54.09430573100008], [10.844574415000068, 54.09446849200003], [10.836110873000052, 54.08999258000006], [10.829356316000087, 54.09284088700008], [10.822276238000086, 54.097357489000046], [10.813324415000068, 54.09788646000004], [10.805430535000085, 54.09487539300005], [10.801442905000044, 54.092230536000045], [10.762868686000047, 54.05683014500005], [10.752614780000044, 54.050116278000075], [10.752614780000044, 54.04389069200005], [10.765879754000082, 54.02435944200005], [10.780446811000047, 54.00995514500005], [10.799652540000068, 54.00055573100008], [10.826914910000085, 53.995428778000075], [10.865570509000065, 53.99778880400004], [10.875498894000089, 53.995428778000075], [10.88257897200009, 53.98505280200004], [10.883555535000085, 53.97313060100004], [10.887380405000044, 53.96393463700008], [10.90211022200009, 53.961371161000045], [10.90601647200009, 53.96120840100008], [10.91765384200005, 53.96076080900008], [10.922618035000085, 53.961371161000045], [10.935394727000073, 53.96727122600004], [10.964691602000073, 53.98541901200008], [10.981211785000085, 53.98924388200004], [11.000254754000082, 53.99160390800006], [11.053477410000085, 54.00849030200004], [11.175059441000087, 54.018011786000045], [11.183848504000082, 54.01601797100005], [11.19076582100007, 54.01032135600008], [11.197276238000086, 53.99624258000006], [11.204356316000087, 53.98924388200004], [11.23991946700005, 53.98346588700008], [11.245371941000087, 53.97842031500005], [11.240733269000089, 53.95563385600008], [11.242930535000085, 53.94521719000005], [11.25562584700009, 53.94086334800005], [11.285411004000082, 53.93968333500004], [11.293711785000085, 53.94086334800005], [11.334157748000052, 53.961371161000045], [11.341807488000086, 53.958319403000075], [11.352061394000089, 53.94415924700007], [11.358246290000068, 53.94086334800005], [11.399912957000083, 53.94086334800005], [11.400401238000086, 53.93773021000004], [11.438731316000087, 53.90912506700005], [11.446299675000091, 53.90615469000005], [11.457692905000044, 53.90615469000005], [11.458994988000086, 53.91669342700004], [11.469086134000065, 53.93276601800005], [11.476817254000082, 53.95270416900007], [11.47242272200009, 53.968817450000074], [11.47982832100007, 53.97614166900007], [11.489512566000087, 53.98061758000006], [11.497894727000073, 53.98183828300006], [11.495941602000073, 53.986314195000034], [11.49350019600007, 53.99762604400007], [11.491709832000083, 54.00234609600005], [11.525889519000089, 54.022772528000075], [11.525889519000089, 54.03021881700005], [11.519053582000083, 54.03021881700005], [11.519053582000083, 54.036444403000075], [11.54460696700005, 54.030178127000056], [11.553233269000089, 54.03021881700005], [11.573496941000087, 54.039048570000034], [11.591319207000083, 54.065619208000044], [11.604746941000087, 54.07123444200005], [11.612803582000083, 54.07290273600006], [11.619395379000082, 54.07729726800005], [11.624522332000083, 54.083644924000055], [11.628916863000086, 54.091050523000035], [11.629567905000044, 54.09601471600007], [11.622080925000091, 54.09955475500004], [11.622080925000091, 54.104681708000044], [11.625254754000082, 54.109808661000045], [11.629405144000089, 54.11322663000004], [11.633148634000065, 54.11591217700004], [11.65788821700005, 54.142238674000055], [11.689707879000082, 54.15521881700005], [11.728770379000082, 54.15851471600007], [11.81226647200009, 54.14980703300006], [12.0, 54.17352209111832]]}, "properties": {}}, {"type": "Feature", "geometry": {"type": "LineString", "coordinates": [[1.52638326400006, 38.67776762400007], [1.4860945970000898, 38.694566148000035], [1.4375106130000859, 38.749253648000035], [1.4365340500000912, 38.751613674000055], [1.4365340500000912, 38.754014390000066], [1.435394727000073, 38.75535716400009], [1.4313257170000497, 38.75486888200004], [1.4279077480000524, 38.73936595300006], [1.4181421230000524, 38.72789134300007], [1.4080292790000613, 38.724485848000086], [1.4010022630000663, 38.73032634600008], [1.3886124360000736, 38.71911491700007], [1.3828231130000859, 38.71157461100006], [1.3864852220000898, 38.70766836100006], [1.393728061000047, 38.70420970300006], [1.3933211600000845, 38.69627513200004], [1.3886824880000859, 38.68711985900006], [1.3834741550000444, 38.68040599200009], [1.3834595490000652, 38.67000002800006], [1.3875505400000634, 38.66237786100004], [1.3829503330000534, 38.64206092500007], [1.3969767000000388, 38.638646307000045], [1.4127916800000548, 38.64644583200004], [1.4290470710000704, 38.664943752000056], [1.4387313160000872, 38.67027415600006], [1.458085631000074, 38.68134073900006], [1.4742228650000584, 38.67459664200004], [1.5234481130000859, 38.64940013200004], [1.557485750000069, 38.64883885900008], [1.5813908210000704, 38.65306224200009], [1.5823673840000652, 38.67491282800006], [1.5656838150000567, 38.69148550500006], [1.52638326400006, 38.67776762400007]]}, "properties": {}}, {"type": "Feature", "geometry": {"type": "LineString", "coordinates": [[8.455902540000068, 39.073553778000075], [8.444590691000087, 39.102728583000044], [8.41765384200005, 39.10659414300005], [8.385915561000047, 39.10504791900007], [8.360362175000091, 39.11815013200004], [8.346039259000065, 39.097723700000074], [8.346039259000065, 39.09088776200008], [8.353526238000086, 39.09088776200008], [8.353526238000086, 39.08344147300005], [8.34929446700005, 39.062160549000055], [8.36491946700005, 39.02948639500005], [8.401377800000091, 38.98102448100008], [8.405039910000085, 38.97402578300006], [8.40601647200009, 38.96694570500006], [8.40984134200005, 38.961818752000056], [8.421885613000086, 38.96051666900007], [8.432465040000068, 38.96283600500004], [8.437022332000083, 38.96718984600005], [8.446543816000087, 38.99433014500005], [8.453949415000068, 39.02814362200007], [8.463389519000089, 39.04246653900009], [8.459320509000065, 39.04979075700004], [8.464040561000047, 39.05654531500005], [8.483897332000083, 39.06976959800005], [8.479177280000044, 39.07221100500004], [8.477305535000085, 39.07070547100005], [8.476410352000073, 39.06976959800005], [8.469899936000047, 39.065659898000035], [8.463145379000082, 39.06525299700007], [8.458018425000091, 39.068060614000046], [8.455902540000068, 39.073553778000075]]}, "properties": {}}, {"type": "Feature", "geometry": {"type": "LineString", "coordinates": [[1.6059676440000885, 39.09129466400009], [1.597911004000082, 39.09813060100004], [1.589691602000073, 39.102769273000035], [1.578379754000082, 39.10488515800006], [1.560394727000073, 39.10582103100006], [1.5535587900000678, 39.10765208500004], [1.5371199880000859, 39.118028062000064], [1.5227156910000872, 39.11888255400004], [1.5086369150000678, 39.11436595300006], [1.4995223320000832, 39.10488515800006], [1.4786889980000524, 39.10773346600007], [1.4506942070000832, 39.10179271000004], [1.4231876960000704, 39.09056224200009], [1.4033309250000912, 39.07762278900009], [1.3919376960000704, 39.083319403000075], [1.372243686000047, 39.07139720300006], [1.3630477220000898, 39.07762278900009], [1.3567814460000704, 39.07762278900009], [1.3325301440000885, 39.05723704600007], [1.317556186000047, 39.04759349200009], [1.3044539720000898, 39.04344310100004], [1.292816602000073, 39.033270575000074], [1.2922469410000872, 39.009873765000066], [1.3009546230000524, 38.96775950700004], [1.2768660820000832, 38.968003648000035], [1.2672632170000497, 38.966050523000035], [1.2599389980000524, 38.960923570000034], [1.2482202480000524, 38.96637604400007], [1.2368270190000885, 38.96515534100007], [1.2267358730000524, 38.960191148000035], [1.2184350920000497, 38.95408763200004], [1.2275496750000912, 38.94200267100007], [1.2242944670000497, 38.92735423400006], [1.2121688160000872, 38.903225002000056], [1.216644727000073, 38.88507721600007], [1.2282007170000497, 38.87461985900006], [1.2599389980000524, 38.85789622600004], [1.2666121750000912, 38.870347398000035], [1.283457879000082, 38.87461985900006], [1.3003035820000832, 38.87046946800007], [1.307790561000047, 38.85789622600004], [1.3177189460000704, 38.85984935100004], [1.318614129000082, 38.85911692900004], [1.3220320970000898, 38.85789622600004], [1.3288680350000845, 38.85789622600004], [1.3435164720000898, 38.86237213700008], [1.3608504570000832, 38.85191478100006], [1.370650433000094, 38.83180940700004], [1.4031049510000457, 38.83227756300005], [1.404144727000073, 38.856756903000075], [1.4147284750000608, 38.89062173700006], [1.4285587900000678, 38.896592515000066], [1.4449975920000497, 38.91315338700008], [1.448415561000047, 38.90879954600007], [1.454925977000073, 38.90403880400004], [1.4586694670000497, 38.90013255400004], [1.4694930350000845, 38.910264390000066], [1.497243686000047, 38.921861070000034], [1.5097762380000859, 38.93016185100004], [1.5411889980000524, 38.96775950700004], [1.5761824880000859, 38.98582591400009], [1.5813908210000704, 38.99192942900004], [1.5846460300000444, 39.00743235900006], [1.5932723320000832, 39.02024974200009], [1.6064559250000912, 39.02838776200008], [1.6230574880000859, 39.02920156500005], [1.6069442070000832, 39.06236399900007], [1.6008406910000872, 39.08238353100006], [1.6059676440000885, 39.09129466400009]]}, "properties": {}}, {"type": "Feature", "geometry": {"type": "LineString", "coordinates": [[8.305837436000047, 39.19330475500004], [8.290293816000087, 39.18842194200005], [8.245290561000047, 39.180975653000075], [8.229991082000083, 39.17279694200005], [8.224619988000086, 39.15704987200007], [8.232676629000082, 39.14411041900007], [8.257334832000083, 39.12441640800006], [8.257334832000083, 39.11815013200004], [8.254730665000068, 39.107123114000046], [8.269379102000073, 39.10016510600008], [8.290049675000091, 39.098822333000044], [8.305837436000047, 39.10455963700008], [8.312022332000083, 39.120306708000044], [8.30632571700005, 39.16079336100006], [8.305837436000047, 39.19330475500004]]}, "properties": {}}, {"type": "Feature", "geometry": {"type": "LineString", "coordinates": [[3.354502800000091, 39.784369208000044], [3.3403426440000885, 39.778998114000046], [3.3099064460000704, 39.755072333000044], [3.2924910820000832, 39.749701239000046], [3.223887566000087, 39.749701239000046], [3.1948348320000832, 39.75499095300006], [3.1626082690000885, 39.76911041900007], [3.13648522200009, 39.788763739000046], [3.124847852000073, 39.81110260600008], [3.1263126960000704, 39.83185455900008], [3.1335555350000845, 39.839544989000046], [3.165212436000047, 39.84589264500005], [3.181488477000073, 39.85138580900008], [3.1871850920000497, 39.854356187000064], [3.19312584700009, 39.85956452000005], [3.196462436000047, 39.86713288000004], [3.195567254000082, 39.87453847900008], [3.1967879570000832, 39.88121165600006], [3.20679772200009, 39.886826890000066], [3.20679772200009, 39.893011786000045], [3.1302189460000704, 39.87641022300005], [3.094737175000091, 39.88121165600006], [3.096934441000087, 39.91351959800005], [3.104340040000068, 39.91351959800005], [3.115489129000082, 39.90875885600008], [3.1274520190000885, 39.91669342700004], [3.140879754000082, 39.92808665600006], [3.1556095710000704, 39.934027411000045], [3.1684676440000885, 39.936387437000064], [3.2036238940000885, 39.94916413000004], [3.2142033210000704, 39.95510488500008], [3.2013452480000524, 39.96051666900007], [3.198415561000047, 39.95929596600007], [3.19312584700009, 39.95510488500008], [3.17945397200009, 39.96877676000008], [3.0756942070000832, 39.93610260600008], [3.0202742850000845, 39.92515696800007], [2.964121941000087, 39.92096588700008], [2.9332788420000497, 39.914496161000045], [2.873057488000086, 39.88349030200004], [2.843597852000073, 39.87258535400008], [2.8341577480000524, 39.871161200000074], [2.8132430350000845, 39.87258535400008], [2.809580925000091, 39.87055084800005], [2.8032332690000885, 39.86159902600008], [2.799652540000068, 39.85956452000005], [2.7848413420000497, 39.856716213000084], [2.77320397200009, 39.84963613500008], [2.761729363000086, 39.84052155200004], [2.7474064460000704, 39.83161041900007], [2.717946811000047, 39.82013580900008], [2.7106225920000497, 39.81854889500005], [2.703949415000068, 39.814154364000046], [2.683604363000086, 39.796210028000075], [2.6792098320000832, 39.79401276200008], [2.676036004000082, 39.78908926000008], [2.6518660820000832, 39.77012767100007], [2.647471550000091, 39.769232489000046], [2.635996941000087, 39.77102285400008], [2.6313582690000885, 39.77012767100007], [2.6290796230000524, 39.766872463000084], [2.621918165000068, 39.75446198100008], [2.6176863940000885, 39.749701239000046], [2.5865991550000444, 39.723822333000044], [2.5696720710000704, 39.71308014500005], [2.5524194670000497, 39.708685614000046], [2.532399936000047, 39.706366278000075], [2.517588738000086, 39.70014069200005], [2.4682723320000832, 39.659369208000044], [2.450450066000087, 39.65033600500004], [2.4293725920000497, 39.64667389500005], [2.357676629000082, 39.61188385600008], [2.3517358730000524, 39.59674713700008], [2.350759311000047, 39.57648346600007], [2.3556421230000524, 39.558661200000074], [2.3737085300000444, 39.54718659100007], [2.382090691000087, 39.52924225500004], [2.391856316000087, 39.52374909100007], [2.398285352000073, 39.52496979400007], [2.4259546230000524, 39.53742096600007], [2.4311629570000832, 39.52769603100006], [2.4381616550000444, 39.52521393400008], [2.4458113940000885, 39.52887604400007], [2.453949415000068, 39.53742096600007], [2.4806421230000524, 39.51622142100007], [2.4721785820000832, 39.512152411000045], [2.469004754000082, 39.50588613500008], [2.471690300000091, 39.49791087400007], [2.4738061870000934, 39.49579498800006], [2.4926863940000885, 39.47024160400008], [2.5201929050000444, 39.47284577000005], [2.544932488000086, 39.49298737200007], [2.555674675000091, 39.520046291000085], [2.5691024100000845, 39.53152090100008], [2.6334741550000444, 39.55927155200004], [2.655284050000091, 39.56472402600008], [2.681651238000086, 39.558661200000074], [2.715098504000082, 39.54352448100008], [2.7435001960000704, 39.52338288000004], [2.754893425000091, 39.50263092700004], [2.739512566000087, 39.47829824400009], [2.736582879000082, 39.462103583000044], [2.751231316000087, 39.454779364000046], [2.761729363000086, 39.40021393400008], [2.7866317070000832, 39.37592194200005], [2.825450066000087, 39.36359284100007], [2.9126082690000885, 39.358669338000084], [2.9223738940000885, 39.35972728100006], [2.9381616550000444, 39.36436595300006], [2.950043165000068, 39.36550527600008], [2.958832227000073, 39.36322663000004], [2.974457227000073, 39.35346100500004], [2.984222852000073, 39.35114166900007], [2.991384311000047, 39.34727610900006], [2.9946395190000885, 39.337958075000074], [2.9967554050000444, 39.32697174700007], [3.0013126960000704, 39.317694403000075], [3.0073348320000832, 39.313747463000084], [3.0229598320000832, 39.30817291900007], [3.029307488000086, 39.30463288000004], [3.056651238000086, 39.27297597900008], [3.060801629000082, 39.26906972900008], [3.0699975920000497, 39.27175527600008], [3.079112175000091, 39.27688222900008], [3.083262566000087, 39.28009674700007], [3.090993686000047, 39.29006582200009], [3.1294051440000885, 39.315741278000075], [3.221039259000065, 39.359890041000085], [3.2526147800000444, 39.38617584800005], [3.268809441000087, 39.42755768400008], [3.272715691000087, 39.42475006700005], [3.282481316000087, 39.42011139500005], [3.2917586600000845, 39.475775458000044], [3.323252800000091, 39.523871161000045], [3.3654077480000524, 39.56305573100008], [3.40601647200009, 39.59198639500005], [3.398692254000082, 39.60773346600007], [3.4018660820000832, 39.62323639500005], [3.413096550000091, 39.63507721600007], [3.429942254000082, 39.639837958000044], [3.443207227000073, 39.645778713000084], [3.4538680350000845, 39.65969472900008], [3.4675399100000845, 39.687567450000074], [3.4614363940000885, 39.700059312000064], [3.4643660820000832, 39.70640696800007], [3.470550977000073, 39.71031321800007], [3.47437584700009, 39.71552155200004], [3.472666863000086, 39.72357819200005], [3.4694116550000444, 39.73106517100007], [3.46851647200009, 39.73932526200008], [3.47437584700009, 39.749701239000046], [3.439789259000065, 39.75197988500008], [3.383148634000065, 39.77794017100007], [3.354502800000091, 39.784369208000044]]}, "properties": {}}, {"type": "Feature", "geometry": {"type": "LineString", "coordinates": [[4.302907748000052, 39.92552317900004], [4.298024936000047, 39.94196198100008], [4.2858992850000845, 39.944606838000084], [4.270111524000072, 39.94375234600005], [4.2545679050000444, 39.94969310100004], [4.272390170000051, 39.95534902600008], [4.273366733000046, 39.969956773000035], [4.264903191000087, 39.986395575000074], [4.2545679050000444, 39.99746328300006], [4.247487826000054, 40.00039297100005], [4.232676629000082, 40.00271230700008], [4.2272241550000444, 40.00490957200009], [4.216888868000069, 40.012600002000056], [4.2124943370000665, 40.017238674000055], [4.20671634200005, 40.02480703300006], [4.178640170000051, 40.03884511900009], [4.1726180350000845, 40.04592519700009], [4.1765242850000845, 40.05923086100006], [4.170502149000072, 40.06460195500006], [4.16382897200009, 40.06057363500008], [4.16578209700009, 40.04592519700009], [4.15593509200005, 40.03465403900009], [4.148529493000069, 40.02781810100004], [4.14226321700005, 40.02480703300006], [4.1354272800000444, 40.028225002000056], [4.134857618000069, 40.03571198100008], [4.136973504000082, 40.043036200000074], [4.139089389000048, 40.04592519700009], [4.1167912120000665, 40.05963776200008], [4.107839389000048, 40.067613023000035], [4.1050724620000665, 40.079413153000075], [4.094330274000072, 40.074733791000085], [4.077565951000054, 40.06427643400008], [4.063405795000051, 40.05955638200004], [4.052012566000087, 40.05817291900007], [4.011892123000052, 40.05955638200004], [3.9154565760000537, 40.051988023000035], [3.891530795000051, 40.05955638200004], [3.8218693370000665, 40.04763418200008], [3.809499545000051, 40.03538646000004], [3.8070581390000484, 40.02326080900008], [3.8031518890000484, 40.01813385600008], [3.8033960300000444, 40.01316966400009], [3.8129175140000484, 40.001206773000035], [3.82203209700009, 39.99514394700009], [3.8423771490000718, 39.98940664300005], [3.850515170000051, 39.98387278900009], [3.839121941000087, 39.97557200700004], [3.83570397200009, 39.96242910400008], [3.834890170000051, 39.94798411700009], [3.8306583990000718, 39.936061916000085], [3.8693139980000524, 39.92552317900004], [3.9413354830000458, 39.936753648000035], [3.981374545000051, 39.936061916000085], [4.015065951000054, 39.925767320000034], [4.177175326000054, 39.84332916900007], [4.248138868000069, 39.816473700000074], [4.300059441000087, 39.82176341400009], [4.302907748000052, 39.887600002000056], [4.311778191000087, 39.88418203300006], [4.319753451000054, 39.87921784100007], [4.326263868000069, 39.87343984600005], [4.330332879000082, 39.867173570000034], [4.337087436000047, 39.867173570000034], [4.3287866550000444, 39.88344961100006], [4.3073022800000444, 39.91054922100005], [4.302907748000052, 39.92552317900004]]}, "properties": {}}, {"type": "Feature", "geometry": {"type": "LineString", "coordinates": [[8.27475019600007, 41.05727773600006], [8.332367384000065, 41.06464264500005], [8.341319207000083, 41.07412344000005], [8.344737175000091, 41.08624909100007], [8.341970248000052, 41.09784577000005], [8.332367384000065, 41.10565827000005], [8.327972852000073, 41.112494208000044], [8.32593834700009, 41.118353583000044], [8.326182488000086, 41.12612539300005], [8.313324415000068, 41.11859772300005], [8.30795332100007, 41.11383698100008], [8.305837436000047, 41.109076239000046], [8.30209394600007, 41.10504791900007], [8.284353061000047, 41.10687897300005], [8.277842644000089, 41.10565827000005], [8.275645379000082, 41.095404364000046], [8.277842644000089, 41.081732489000046], [8.275645379000082, 41.06976959800005], [8.260752800000091, 41.06464264500005], [8.241384311000047, 41.052069403000075], [8.228851759000065, 41.04173411700003], [8.223155144000089, 41.033636786000045], [8.223155144000089, 41.02399323100008], [8.221690300000091, 41.01439036700003], [8.217621290000068, 41.00503164300005], [8.209646030000044, 40.995794989000046], [8.246429884000065, 40.99363841400009], [8.250987175000091, 41.01609935100004], [8.251149936000047, 41.04376862200007], [8.27475019600007, 41.05727773600006]]}, "properties": {}}, {"type": "Feature", "geometry": {"type": "LineString", "coordinates": [[9.792246941000087, 40.55695221600007], [9.78687584700009, 40.56712474200009], [9.785817905000044, 40.575873114000046], [9.781911655000044, 40.58197663000004], [9.768077019000089, 40.58429596600007], [9.761566602000073, 40.58734772300005], [9.756521030000044, 40.59516022300005], [9.753184441000087, 40.60529205900008], [9.748301629000082, 40.667222398000035], [9.744476759000065, 40.68048737200007], [9.71420332100007, 40.72724030200004], [9.71029707100007, 40.74559153900009], [9.703949415000068, 40.759426174000055], [9.675791863000086, 40.78864166900007], [9.669769727000073, 40.80145905200004], [9.668793165000068, 40.790350653000075], [9.65788821700005, 40.79987213700008], [9.66179446700005, 40.809027411000045], [9.674489780000044, 40.81391022300005], [9.689789259000065, 40.81077708500004], [9.689789259000065, 40.81704336100006], [9.68100019600007, 40.829779364000046], [9.69109134200005, 40.83624909100007], [9.72396894600007, 40.844916083000044], [9.710948113000086, 40.846869208000044], [9.699392123000052, 40.850043036000045], [9.689789259000065, 40.85586172100005], [9.683116082000083, 40.86542389500005], [9.671722852000073, 40.858710028000075], [9.663259311000047, 40.85822174700007], [9.657725457000083, 40.86395905200004], [9.655772332000083, 40.87604401200008], [9.65007571700005, 40.87946198100008], [9.614105665000068, 40.89337799700007], [9.614105665000068, 40.899603583000044], [9.623871290000068, 40.90070221600007], [9.631521030000044, 40.90485260600008], [9.637217644000089, 40.91156647300005], [9.642100457000083, 40.92064036700003], [9.622569207000083, 40.92377350500004], [9.607676629000082, 40.91787344000005], [9.592784050000091, 40.90989817900004], [9.573252800000091, 40.90639883000006], [9.567230665000068, 40.90839264500005], [9.549327019000089, 40.917222398000035], [9.539073113000086, 40.92064036700003], [9.52898196700005, 40.919256903000075], [9.520030144000089, 40.91502513200004], [9.511973504000082, 40.91518789300005], [9.504242384000065, 40.92690664300005], [9.512543165000068, 40.92796458500004], [9.511241082000083, 40.929388739000046], [9.511892123000052, 40.93431224200003], [9.557465040000068, 40.93121979400007], [9.571136915000068, 40.934881903000075], [9.566416863000086, 40.94863515800006], [9.578868035000085, 40.96198151200008], [9.582530144000089, 40.97992584800005], [9.58757571700005, 40.995794989000046], [9.604258660000085, 41.00263092700004], [9.619639519000089, 40.99876536700003], [9.635996941000087, 40.99237702000005], [9.651215040000068, 40.991115627000056], [9.662608269000089, 41.00263092700004], [9.64429772200009, 41.01166413000004], [9.615733269000089, 41.019598700000074], [9.588145379000082, 41.020697333000044], [9.573252800000091, 41.009466864000046], [9.568614129000082, 41.00950755400004], [9.565684441000087, 41.010931708000044], [9.559580925000091, 41.01626211100006], [9.55827884200005, 41.01361725500004], [9.558604363000086, 41.011053778000075], [9.557790561000047, 41.009426174000055], [9.552744988000086, 41.009466864000046], [9.557627800000091, 41.025051174000055], [9.554209832000083, 41.03461334800005], [9.543142123000052, 41.03693268400008], [9.52475019600007, 41.030503648000035], [9.532237175000091, 41.01626211100006], [9.511892123000052, 41.01626211100006], [9.52125084700009, 41.031683661000045], [9.539073113000086, 41.09198639500005], [9.54078209700009, 41.08734772300005], [9.543793165000068, 41.08250560100004], [9.545909050000091, 41.07770416900007], [9.55640709700009, 41.08783600500004], [9.56226647200009, 41.09711334800005], [9.565114780000044, 41.107123114000046], [9.566416863000086, 41.11933014500005], [9.562998894000089, 41.12124258000006], [9.561778191000087, 41.121079820000034], [9.561208530000044, 41.12181224200003], [9.559580925000091, 41.12612539300005], [9.552744988000086, 41.12612539300005], [9.546153191000087, 41.12091705900008], [9.54078209700009, 41.12287018400008], [9.534353061000047, 41.128119208000044], [9.52475019600007, 41.13296133000006], [9.532237175000091, 41.14036692900004], [9.523936394000089, 41.149725653000075], [9.518402540000068, 41.14866771000004], [9.513926629000082, 41.14350006700005], [9.508067254000082, 41.14036692900004], [9.494395379000082, 41.14232005400004], [9.481455925000091, 41.14557526200008], [9.469086134000065, 41.146185614000046], [9.456553582000083, 41.14036692900004], [9.462412957000083, 41.137600002000056], [9.465098504000082, 41.134426174000055], [9.466807488000086, 41.13068268400008], [9.47006269600007, 41.12612539300005], [9.460459832000083, 41.12051015800006], [9.454112175000091, 41.11196523600006], [9.442881707000083, 41.09198639500005], [9.436778191000087, 41.11538320500006], [9.437022332000083, 41.125433661000045], [9.442881707000083, 41.13296133000006], [9.432790561000047, 41.14077383000006], [9.426605665000068, 41.14923737200007], [9.420176629000082, 41.15643952000005], [9.408702019000089, 41.16030508000006], [9.412119988000086, 41.16453685100004], [9.414317254000082, 41.16819896000004], [9.417002800000091, 41.17145416900007], [9.422373894000089, 41.17450592700004], [9.422373894000089, 41.18073151200008], [9.412282748000052, 41.18073151200008], [9.40406334700009, 41.181708075000074], [9.396657748000052, 41.18390534100007], [9.388194207000083, 41.187567450000074], [9.388194207000083, 41.18073151200008], [9.352061394000089, 41.20726146000004], [9.335215691000087, 41.21165599200003], [9.333018425000091, 41.187567450000074], [9.316579623000052, 41.196478583000044], [9.312510613000086, 41.201239325000074], [9.305430535000085, 41.19794342700004], [9.299571160000085, 41.196478583000044], [9.285329623000052, 41.195013739000046], [9.285329623000052, 41.201239325000074], [9.288340691000087, 41.20575592700004], [9.289317254000082, 41.20872630400004], [9.285329623000052, 41.22174713700008], [9.278330925000091, 41.22174713700008], [9.274912957000083, 41.21238841400009], [9.273610873000052, 41.205145575000074], [9.274668816000087, 41.19953034100007], [9.278330925000091, 41.195013739000046], [9.267425977000073, 41.20197174700007], [9.268077019000089, 41.23663971600007], [9.257823113000086, 41.249660549000055], [9.246918165000068, 41.247748114000046], [9.238291863000086, 41.24884674700007], [9.232676629000082, 41.253566799000055], [9.230642123000052, 41.26264069200005], [9.212412957000083, 41.25580475500004], [9.189952019000089, 41.25112539300005], [9.171071811000047, 41.24290599200003], [9.162852410000085, 41.22540924700007], [9.16342207100007, 41.18414948100008], [9.15756269600007, 41.16889069200005], [9.141856316000087, 41.152777411000045], [9.135590040000068, 41.16030508000006], [9.107758009000065, 41.13947174700007], [9.093028191000087, 41.135199286000045], [9.02475019600007, 41.12885163000004], [9.00554446700005, 41.12189362200007], [8.990733269000089, 41.097357489000046], [8.975759311000047, 41.08266836100006], [8.95875084700009, 41.070013739000046], [8.946299675000091, 41.06464264500005], [8.940114780000044, 41.06118398600006], [8.92945397200009, 41.04364655200004], [8.922699415000068, 41.036769924000055], [8.913096550000091, 41.03266022300005], [8.881114129000082, 41.02366771000004], [8.885264519000089, 41.02179596600007], [8.885915561000047, 41.02122630400004], [8.885915561000047, 41.02008698100008], [8.887950066000087, 41.01626211100006], [8.875336134000065, 41.00812409100007], [8.83961022200009, 40.96161530200004], [8.822520379000082, 40.947333075000074], [8.764414910000085, 40.91380442900004], [8.751231316000087, 40.919134833000044], [8.733897332000083, 40.92129140800006], [8.709157748000052, 40.92064036700003], [8.640961134000065, 40.896470445000034], [8.634287957000083, 40.88157786700003], [8.618337436000047, 40.86615631700005], [8.598399285000085, 40.85297272300005], [8.520518425000091, 40.82697174700007], [8.500987175000091, 40.82444896000004], [8.47787519600007, 40.826157945000034], [8.421885613000086, 40.838771877000056], [8.31023196700005, 40.85065338700008], [8.277842644000089, 40.86542389500005], [8.233164910000085, 40.91010163000004], [8.229258660000085, 40.921576239000046], [8.231618686000047, 40.93451569200005], [8.235524936000047, 40.946478583000044], [8.236175977000073, 40.954779364000046], [8.229014519000089, 40.962551174000055], [8.219981316000087, 40.96230703300006], [8.21257571700005, 40.96344635600008], [8.209646030000044, 40.97528717700004], [8.202159050000091, 40.97528717700004], [8.19304446700005, 40.963771877000056], [8.182302280000044, 40.945298570000034], [8.178884311000047, 40.928168036000045], [8.192149285000085, 40.92064036700003], [8.209727410000085, 40.91445547100005], [8.216319207000083, 40.899603583000044], [8.215342644000089, 40.88141510600008], [8.209646030000044, 40.86542389500005], [8.133799675000091, 40.72890859600005], [8.14584394600007, 40.72601959800005], [8.153330925000091, 40.71971263200004], [8.167979363000086, 40.701605536000045], [8.173838738000086, 40.696966864000046], [8.178965691000087, 40.69476959800005], [8.192149285000085, 40.69415924700007], [8.197438998000052, 40.69122955900008], [8.195567254000082, 40.68528880400004], [8.19109134200005, 40.68040599200009], [8.188487175000091, 40.68048737200007], [8.18531334700009, 40.65656159100007], [8.173838738000086, 40.64158763200004], [8.157725457000083, 40.63226959800005], [8.140635613000086, 40.62518952000005], [8.140635613000086, 40.61904531500005], [8.147308790000068, 40.59320709800005], [8.153086785000085, 40.577785549000055], [8.16179446700005, 40.563788153000075], [8.166188998000052, 40.58641185100004], [8.176605665000068, 40.60659414300005], [8.193369988000086, 40.61749909100007], [8.216319207000083, 40.612209377000056], [8.205332879000082, 40.59780508000006], [8.195974155000044, 40.57807038000004], [8.216319207000083, 40.57062409100007], [8.26734459700009, 40.59406159100007], [8.291514519000089, 40.595363674000055], [8.312022332000083, 40.57807038000004], [8.319590691000087, 40.55560944200005], [8.32390384200005, 40.53082916900007], [8.33171634200005, 40.51068756700005], [8.349864129000082, 40.50234609600005], [8.365570509000065, 40.49213288000004], [8.379893425000091, 40.46869538000004], [8.390472852000073, 40.44232819200005], [8.394541863000086, 40.423814195000034], [8.383555535000085, 40.37177155200004], [8.385996941000087, 40.35179271000004], [8.408213738000086, 40.33783600500004], [8.41570071700005, 40.34528229400007], [8.441254102000073, 40.33144765800006], [8.462901238000086, 40.314520575000074], [8.476084832000083, 40.29214101800005], [8.476410352000073, 40.262152411000045], [8.459646030000044, 40.216009833000044], [8.463389519000089, 40.16315338700008], [8.467295769000089, 40.14472077000005], [8.485118035000085, 40.11810944200005], [8.49000084700009, 40.10447825700004], [8.487315300000091, 40.089544989000046], [8.479014519000089, 40.07416413000004], [8.468597852000073, 40.062160549000055], [8.459727410000085, 40.05731842700004], [8.452403191000087, 40.05609772300005], [8.434825066000087, 40.05101146000004], [8.404470248000052, 40.04950592700004], [8.401377800000091, 40.04987213700008], [8.38453209700009, 40.04193756700005], [8.377207879000082, 40.03375885600008], [8.380137566000087, 40.03009674700007], [8.394541863000086, 40.03620026200008], [8.407074415000068, 40.02220286700009], [8.406504754000082, 40.009833075000074], [8.394541863000086, 39.98843008000006], [8.393565300000091, 39.97687409100007], [8.401377800000091, 39.94000885600008], [8.399912957000083, 39.93317291900007], [8.396332227000073, 39.926947333000044], [8.393565300000091, 39.92047760600008], [8.394541863000086, 39.91266510600008], [8.398285352000073, 39.90534088700008], [8.400726759000065, 39.903509833000044], [8.403575066000087, 39.90289948100008], [8.418304884000065, 39.892279364000046], [8.43100019600007, 39.885199286000045], [8.437510613000086, 39.87677643400008], [8.428721550000091, 39.86554596600007], [8.435394727000073, 39.85805898600006], [8.44467207100007, 39.88361237200007], [8.451833530000044, 39.89288971600007], [8.463389519000089, 39.89899323100008], [8.455821160000085, 39.898504950000074], [8.449961785000085, 39.89911530200004], [8.445567254000082, 39.898098049000055], [8.442230665000068, 39.89280833500004], [8.435394727000073, 39.89899323100008], [8.463063998000052, 39.914129950000074], [8.494151238000086, 39.91242096600007], [8.523448113000086, 39.898871161000045], [8.545258009000065, 39.878566799000055], [8.553558790000068, 39.86395905200004], [8.555186394000089, 39.85268789300005], [8.55209394600007, 39.82078685100004], [8.548838738000086, 39.80719635600008], [8.54078209700009, 39.78925202000005], [8.529795769000089, 39.77252838700008], [8.518077019000089, 39.76251862200007], [8.524912957000083, 39.76581452000005], [8.530528191000087, 39.770412502000056], [8.535166863000086, 39.77606842700004], [8.538584832000083, 39.78294505400004], [8.545258009000065, 39.78294505400004], [8.535492384000065, 39.770819403000075], [8.519867384000065, 39.75543854400007], [8.506846550000091, 39.73847077000005], [8.504405144000089, 39.72150299700007], [8.514496290000068, 39.71369049700007], [8.56576582100007, 39.70107656500005], [8.538259311000047, 39.69603099200009], [8.51693769600007, 39.70213450700004], [8.49976647200009, 39.71621328300006], [8.468597852000073, 39.75495026200008], [8.459727410000085, 39.76048411700009], [8.446055535000085, 39.76251862200007], [8.444021030000044, 39.757025458000044], [8.446462436000047, 39.73086172100005], [8.442230665000068, 39.72150299700007], [8.442230665000068, 39.71466705900008], [8.446787957000083, 39.70408763200004], [8.449717644000089, 39.65884023600006], [8.462168816000087, 39.61713288000004], [8.463877800000091, 39.59788646000004], [8.455902540000068, 39.58437734600005], [8.463389519000089, 39.57684967700004], [8.451670769000089, 39.558294989000046], [8.43531334700009, 39.52521393400008], [8.421885613000086, 39.50861237200007], [8.394541863000086, 39.481350002000056], [8.386892123000052, 39.46979401200008], [8.385996941000087, 39.46552155200004], [8.389496290000068, 39.46234772300005], [8.403819207000083, 39.43585846600007], [8.405039910000085, 39.42719147300005], [8.401377800000091, 39.41242096600007], [8.395681186000047, 39.40424225500004], [8.378184441000087, 39.387925523000035], [8.374034050000091, 39.37885163000004], [8.382090691000087, 39.35968659100007], [8.417246941000087, 39.33901601800005], [8.41570071700005, 39.32367584800005], [8.432139519000089, 39.30182526200008], [8.426442905000044, 39.283270575000074], [8.37671959700009, 39.23786041900007], [8.371755405000044, 39.23061758000006], [8.37281334700009, 39.22207265800006], [8.380137566000087, 39.20758698100008], [8.385508660000085, 39.204413153000075], [8.392588738000086, 39.20404694200005], [8.398692254000082, 39.201157945000034], [8.401377800000091, 39.19017161700009], [8.402354363000086, 39.181341864000046], [8.405039910000085, 39.17438385600008], [8.40951582100007, 39.16933828300006], [8.41570071700005, 39.16596100500004], [8.412608269000089, 39.17572663000004], [8.418793165000068, 39.17731354400007], [8.428396030000044, 39.173163153000075], [8.435394727000073, 39.16596100500004], [8.438649936000047, 39.15314362200007], [8.437998894000089, 39.12848541900007], [8.442230665000068, 39.11815013200004], [8.454274936000047, 39.12490469000005], [8.465098504000082, 39.11945221600007], [8.473317905000044, 39.10736725500004], [8.477549675000091, 39.09048086100006], [8.48210696700005, 39.08417389500005], [8.482758009000065, 39.08038971600007], [8.504405144000089, 39.09088776200008], [8.518077019000089, 39.08344147300005], [8.509043816000087, 39.06793854400007], [8.504405144000089, 39.062933661000045], [8.52084394600007, 39.06085846600007], [8.54428144600007, 39.05125560100004], [8.55209394600007, 39.056708075000074], [8.559580925000091, 39.056708075000074], [8.572276238000086, 39.01361725500004], [8.580088738000086, 38.96051666900007], [8.60328209700009, 38.964911200000074], [8.615489129000082, 38.94757721600007], [8.61500084700009, 38.92300039300005], [8.599864129000082, 38.905951239000046], [8.599864129000082, 38.89907461100006], [8.615570509000065, 38.89594147300005], [8.633148634000065, 38.89557526200008], [8.642832879000082, 38.889960028000075], [8.634776238000086, 38.871161200000074], [8.640961134000065, 38.86432526200008], [8.655121290000068, 38.871161200000074], [8.651621941000087, 38.89154694200005], [8.668793165000068, 38.910589911000045], [8.694590691000087, 38.92523834800005], [8.71656334700009, 38.93260325700004], [8.739512566000087, 38.93065013200004], [8.766612175000091, 38.92039622600004], [8.791026238000086, 38.90444570500006], [8.805430535000085, 38.88544342700004], [8.805430535000085, 38.905951239000046], [8.82789147200009, 38.88882070500006], [8.84148196700005, 38.880560614000046], [8.85328209700009, 38.87799713700008], [8.861338738000086, 38.882066148000035], [8.87240644600007, 38.89606354400007], [8.877452019000089, 38.89907461100006], [8.887950066000087, 38.89984772300005], [8.894704623000052, 38.90228913000004], [8.996348504000082, 38.98281484600005], [9.004649285000085, 38.995306708000044], [9.012054884000065, 38.990668036000045], [9.015147332000083, 38.98965078300006], [9.025726759000065, 38.995306708000044], [9.018321160000085, 38.995306708000044], [9.029307488000086, 39.03025950700004], [9.044932488000086, 39.05125560100004], [9.043793165000068, 39.05841705900008], [9.037771030000044, 39.063666083000044], [9.031993035000085, 39.06976959800005], [9.024587436000047, 39.08612702000005], [9.018728061000047, 39.103949286000045], [9.015961134000065, 39.12384674700007], [9.018321160000085, 39.146144924000055], [9.026215040000068, 39.165228583000044], [9.038584832000083, 39.179022528000075], [9.078949415000068, 39.21234772300005], [9.07984459700009, 39.21653880400004], [9.07984459700009, 39.224595445000034], [9.074961785000085, 39.22988515800006], [9.050059441000087, 39.22565338700008], [9.03874759200005, 39.22801341400009], [9.037852410000085, 39.22711823100008], [9.035166863000086, 39.23216380400004], [9.026866082000083, 39.23574453300006], [9.021006707000083, 39.24042389500005], [9.025726759000065, 39.24852122600004], [9.025726759000065, 39.25600820500006], [9.012543165000068, 39.26056549700007], [9.013926629000082, 39.26390208500004], [9.024424675000091, 39.264837958000044], [9.03874759200005, 39.26219310100004], [9.047536655000044, 39.25600820500006], [9.055511915000068, 39.24754466400009], [9.063731316000087, 39.243068752000056], [9.073008660000085, 39.24852122600004], [9.113536004000082, 39.21149323100008], [9.136892123000052, 39.19432200700004], [9.166026238000086, 39.18707916900007], [9.16968834700009, 39.193345445000034], [9.180918816000087, 39.20718008000006], [9.197438998000052, 39.221136786000045], [9.216319207000083, 39.22801341400009], [9.252452019000089, 39.22516510600008], [9.27125084700009, 39.22052643400008], [9.285329623000052, 39.21381256700005], [9.292165561000047, 39.22125885600008], [9.299571160000085, 39.214504299000055], [9.31226647200009, 39.207912502000056], [9.326182488000086, 39.202785549000055], [9.336680535000085, 39.20075104400007], [9.34506269600007, 39.19643789300005], [9.367930535000085, 39.17715078300006], [9.377696160000085, 39.17279694200005], [9.383474155000044, 39.169256903000075], [9.408702019000089, 39.146144924000055], [9.428965691000087, 39.13861725500004], [9.437998894000089, 39.13336823100008], [9.442881707000083, 39.12441640800006], [9.450368686000047, 39.12441640800006], [9.465342644000089, 39.13190338700008], [9.480723504000082, 39.13556549700007], [9.496348504000082, 39.13361237200007], [9.511892123000052, 39.12441640800006], [9.50757897200009, 39.11635976800005], [9.507090691000087, 39.111395575000074], [9.510752800000091, 39.10797760600008], [9.518565300000091, 39.10455963700008], [9.522715691000087, 39.12490469000005], [9.539561394000089, 39.134019273000035], [9.557790561000047, 39.13971588700008], [9.566416863000086, 39.14923737200007], [9.568532748000052, 39.159369208000044], [9.57789147200009, 39.179388739000046], [9.579925977000073, 39.18707916900007], [9.576019727000073, 39.19391510600008], [9.568858269000089, 39.199286200000074], [9.565603061000047, 39.205064195000034], [9.573252800000091, 39.21381256700005], [9.567556186000047, 39.23810455900008], [9.581879102000073, 39.26630280200004], [9.607269727000073, 39.28900788000004], [9.634613477000073, 39.296942450000074], [9.634613477000073, 39.303168036000045], [9.611582879000082, 39.31655508000006], [9.603526238000086, 39.326239325000074], [9.600433790000068, 39.341009833000044], [9.602061394000089, 39.35565827000005], [9.614105665000068, 39.39935944200005], [9.639008009000065, 39.452460028000075], [9.644867384000065, 39.48395416900007], [9.628428582000083, 39.50177643400008], [9.653005405000044, 39.566839911000045], [9.655772332000083, 39.59454987200007], [9.648936394000089, 39.63898346600007], [9.651133660000085, 39.65249258000006], [9.655772332000083, 39.66290924700007], [9.660411004000082, 39.67072174700007], [9.662608269000089, 39.67682526200008], [9.664805535000085, 39.691392320000034], [9.674082879000082, 39.70799388200004], [9.676280144000089, 39.718085028000075], [9.675059441000087, 39.732082424000055], [9.669932488000086, 39.75657786700009], [9.668793165000068, 39.76927317900004], [9.670258009000065, 39.79376862200007], [9.67554772200009, 39.81891510600008], [9.684255405000044, 39.839911200000074], [9.69662519600007, 39.85187409100007], [9.69662519600007, 39.85805898600006], [9.691905144000089, 39.86005280200004], [9.687754754000082, 39.86351146000004], [9.683116082000083, 39.86554596600007], [9.683116082000083, 39.87173086100006], [9.689789259000065, 39.87173086100006], [9.683848504000082, 39.882513739000046], [9.684336785000085, 39.894232489000046], [9.689463738000086, 39.90656159100007], [9.69662519600007, 39.91950104400007], [9.701426629000082, 39.92206452000005], [9.708181186000047, 39.92218659100007], [9.71452884200005, 39.92450592700004], [9.717784050000091, 39.93378327000005], [9.715668165000068, 39.94013092700004], [9.709727410000085, 39.940334377000056], [9.70248457100007, 39.937201239000046], [9.69662519600007, 39.93378327000005], [9.68726647200009, 39.96116771000004], [9.693369988000086, 39.99290599200009], [9.730316602000073, 40.06854889500005], [9.732269727000073, 40.08392975500004], [9.710215691000087, 40.09634023600006], [9.687836134000065, 40.12067291900007], [9.679698113000086, 40.126166083000044], [9.665049675000091, 40.13157786700009], [9.654633009000065, 40.144598700000074], [9.631114129000082, 40.196193752000056], [9.629079623000052, 40.20555247600004], [9.624847852000073, 40.247748114000046], [9.626149936000047, 40.26308828300006], [9.634613477000073, 40.28261953300006], [9.645518425000091, 40.296087958000044], [9.670176629000082, 40.31268952000005], [9.683116082000083, 40.324204820000034], [9.70085696700005, 40.35297272300005], [9.712412957000083, 40.366400458000044], [9.727386915000068, 40.37201569200005], [9.74935957100007, 40.37726471600007], [9.761729363000086, 40.390692450000074], [9.778086785000085, 40.42723216400009], [9.800303582000083, 40.455511786000045], [9.808767123000052, 40.470770575000074], [9.81218509200005, 40.49237702000005], [9.815196160000085, 40.50250885600008], [9.826670769000089, 40.519598700000074], [9.826426629000082, 40.52960846600007], [9.820567254000082, 40.536363023000035], [9.792246941000087, 40.55695221600007]]}, "properties": {}}, {"type": "Feature", "geometry": {"type": "LineString", "coordinates": [[10.89584394600007, 42.386704820000034], [10.882985873000052, 42.39215729400007], [10.875824415000068, 42.386786200000074], [10.876368251000088, 42.37443936400007], [10.861827019000089, 42.36627838700008], [10.87170165100008, 42.35405211200003], [10.908946160000085, 42.32526276200008], [10.92333095500004, 42.31872803200008], [10.939764452000077, 42.33065971000008], [10.929557895000073, 42.340560131000075], [10.92730742000009, 42.35330133300005], [10.913460071000088, 42.37524135100006], [10.89584394600007, 42.386704820000034]]}, "properties": {}}, {"type": "Feature", "geometry": {"type": "LineString", "coordinates": [[9.456553582000083, 42.64740631700005], [9.476817254000082, 42.61908600500004], [9.476898634000065, 42.62010325700004], [9.48210696700005, 42.62010325700004], [9.456553582000083, 42.64740631700005]]}, "properties": {}}, {"type": "Feature", "geometry": {"type": "LineString", "coordinates": [[10.443369988000086, 42.84544505400004], [10.438487175000091, 42.855454820000034], [10.43100019600007, 42.864447333000044], [10.422048373000052, 42.87083567900004], [10.412364129000082, 42.87335846600007], [10.399912957000083, 42.868841864000046], [10.392100457000083, 42.85797760600008], [10.381358269000089, 42.83242422100005], [10.37476647200009, 42.82709381700005], [10.365977410000085, 42.82294342700004], [10.358083530000044, 42.81753164300005], [10.354665561000047, 42.80817291900007], [10.34734134200005, 42.805853583000044], [10.332774285000085, 42.805975653000075], [10.322113477000073, 42.811712958000044], [10.326833530000044, 42.826239325000074], [10.289317254000082, 42.82562897300005], [10.272146030000044, 42.827337958000044], [10.272146030000044, 42.826239325000074], [10.272146030000044, 42.81875234600005], [10.259043816000087, 42.81191640800006], [10.262705925000091, 42.810248114000046], [10.264333530000044, 42.81045156500005], [10.264903191000087, 42.80939362200007], [10.265879754000082, 42.80442942900004], [10.242198113000086, 42.803168036000045], [10.22437584700009, 42.80442942900004], [10.212168816000087, 42.807847398000035], [10.189952019000089, 42.81688060100004], [10.179535352000073, 42.81875234600005], [10.158213738000086, 42.817287502000056], [10.132985873000052, 42.81191640800006], [10.111664259000065, 42.80125560100004], [10.101410352000073, 42.78400299700007], [10.10678144600007, 42.75739166900007], [10.124847852000073, 42.74310944200005], [10.147227410000085, 42.73729075700004], [10.229665561000047, 42.73541901200008], [10.235199415000068, 42.73590729400007], [10.24000084700009, 42.741888739000046], [10.245371941000087, 42.75726959800005], [10.26539147200009, 42.744574286000045], [10.304535352000073, 42.759751695000034], [10.313731316000087, 42.74298737200007], [10.325043165000068, 42.764837958000044], [10.337901238000086, 42.764837958000044], [10.35124759200005, 42.75568268400008], [10.364268425000091, 42.74982330900008], [10.367198113000086, 42.74599844000005], [10.377289259000065, 42.72797272300005], [10.381358269000089, 42.72256094000005], [10.393239780000044, 42.71820709800005], [10.403330925000091, 42.71889883000006], [10.410980665000068, 42.717962958000044], [10.415537957000083, 42.70888906500005], [10.430674675000091, 42.72211334800005], [10.42514082100007, 42.74079010600008], [10.40796959700009, 42.75726959800005], [10.388845248000052, 42.76349518400008], [10.406911655000044, 42.76898834800005], [10.420258009000065, 42.77643463700008], [10.430023634000065, 42.78758372600004], [10.436696811000047, 42.80442942900004], [10.430674675000091, 42.81614817900004], [10.431162957000083, 42.82786692900004], [10.436045769000089, 42.83812083500004], [10.443369988000086, 42.84544505400004]]}, "properties": {}}, {"type": "Feature", "geometry": {"type": "LineString", "coordinates": [[8.56576582100007, 42.20856354400007], [8.57781009200005, 42.204413153000075], [8.58179772200009, 42.194525458000044], [8.577647332000083, 42.184881903000075], [8.56576582100007, 42.181301174000055], [8.56576582100007, 42.17450592700004], [8.593760613000086, 42.17450592700004], [8.593760613000086, 42.16705963700008], [8.57789147200009, 42.15875885600008], [8.56967207100007, 42.155585028000075], [8.559580925000091, 42.153998114000046], [8.569102410000085, 42.15497467700004], [8.578135613000086, 42.15420156500005], [8.586273634000065, 42.15143463700008], [8.593760613000086, 42.146551825000074], [8.591075066000087, 42.14288971600007], [8.586273634000065, 42.13349030200004], [8.606700066000087, 42.13373444200005], [8.629567905000044, 42.130072333000044], [8.647715691000087, 42.12201569200005], [8.655121290000068, 42.10932038000004], [8.660899285000085, 42.105454820000034], [8.68881269600007, 42.11115143400008], [8.699229363000086, 42.10932038000004], [8.706228061000047, 42.100490627000056], [8.723480665000068, 42.07208893400008], [8.739105665000068, 42.06342194200005], [8.744965040000068, 42.05658600500004], [8.743418816000087, 42.044134833000044], [8.73804772200009, 42.04393138200004], [8.711273634000065, 42.033270575000074], [8.706065300000091, 42.030462958000044], [8.684336785000085, 42.02558014500005], [8.664561394000089, 42.01447174700007], [8.656097852000073, 42.00287506700005], [8.668793165000068, 41.99632396000004], [8.655039910000085, 41.97870514500005], [8.635508660000085, 41.972642320000034], [8.586273634000065, 41.96898021000004], [8.614431186000047, 41.94407786700003], [8.618662957000083, 41.93048737200007], [8.607269727000073, 41.913763739000046], [8.614268425000091, 41.90078359600005], [8.629893425000091, 41.908636786000045], [8.647634311000047, 41.911810614000046], [8.688731316000087, 41.913763739000046], [8.71029707100007, 41.91876862200007], [8.744395379000082, 41.932806708000044], [8.764414910000085, 41.93427155200004], [8.77507571700005, 41.93231842700004], [8.781423373000052, 41.92877838700008], [8.785980665000068, 41.92283763200004], [8.791758660000085, 41.913763739000046], [8.803070509000065, 41.907456773000035], [8.805430535000085, 41.90692780200004], [8.803396030000044, 41.90053945500006], [8.79460696700005, 41.89215729400007], [8.791758660000085, 41.88711172100005], [8.790049675000091, 41.88694896000004], [8.778086785000085, 41.87278880400004], [8.781748894000089, 41.87368398600006], [8.785817905000044, 41.86798737200007], [8.789317254000082, 41.861314195000034], [8.791758660000085, 41.85911692900004], [8.783702019000089, 41.853583075000074], [8.750824415000068, 41.84552643400008], [8.762380405000044, 41.84414297100005], [8.772308790000068, 41.84039948100008], [8.780039910000085, 41.83392975500004], [8.78492272200009, 41.82440827000005], [8.752289259000065, 41.809800523000035], [8.731944207000083, 41.80459219000005], [8.709157748000052, 41.80451080900008], [8.709157748000052, 41.79706452000005], [8.720225457000083, 41.79169342700004], [8.72201582100007, 41.782416083000044], [8.717539910000085, 41.77204010600008], [8.709157748000052, 41.76357656500005], [8.696299675000091, 41.75820547100005], [8.668223504000082, 41.75486888200004], [8.655121290000068, 41.74990469000005], [8.667979363000086, 41.74750397300005], [8.677989129000082, 41.74408600500004], [8.688731316000087, 41.74176666900007], [8.702972852000073, 41.74249909100007], [8.698090040000068, 41.73305898600006], [8.695567254000082, 41.72943756700005], [8.719086134000065, 41.73069896000004], [8.760101759000065, 41.74266185100004], [8.78492272200009, 41.74249909100007], [8.776133660000085, 41.72239817900004], [8.78882897200009, 41.712551174000055], [8.812347852000073, 41.70929596600007], [8.836436394000089, 41.70892975500004], [8.899180535000085, 41.69546133000006], [8.922699415000068, 41.694647528000075], [8.910655144000089, 41.68382396000004], [8.896983269000089, 41.67792389500005], [8.885752800000091, 41.67088450700004], [8.881114129000082, 41.657131252000056], [8.872569207000083, 41.65106842700004], [8.819021030000044, 41.63263580900008], [8.801768425000091, 41.63906484600005], [8.792002800000091, 41.62514883000006], [8.785411004000082, 41.604681708000044], [8.778086785000085, 41.59162018400008], [8.793223504000082, 41.58730703300006], [8.796397332000083, 41.58055247600004], [8.791758660000085, 41.56122467700004], [8.797211134000065, 41.557074286000045], [8.80990644600007, 41.55267975500004], [8.82390384200005, 41.54995351800005], [8.83334394600007, 41.55072663000004], [8.840586785000085, 41.54726797100005], [8.85328209700009, 41.543850002000056], [8.85328209700009, 41.53766510600008], [8.83961022200009, 41.53082916900007], [8.848399285000085, 41.52610911700003], [8.856293165000068, 41.52533600500004], [8.864268425000091, 41.52533600500004], [8.873708530000044, 41.52338288000004], [8.879161004000082, 41.51935455900008], [8.881114129000082, 41.514837958000044], [8.883636915000068, 41.51117584800005], [8.906911655000044, 41.50731028900009], [8.916758660000085, 41.501654364000046], [8.924815300000091, 41.49494049700007], [8.935720248000052, 41.48920319200005], [8.951019727000073, 41.491888739000046], [8.975596550000091, 41.48908112200007], [9.000987175000091, 41.48305898600006], [9.01148522200009, 41.47614166900007], [9.018321160000085, 41.468736070000034], [9.024099155000044, 41.47211334800005], [9.028086785000085, 41.473822333000044], [9.03874759200005, 41.47614166900007], [9.036631707000083, 41.47284577000005], [9.035411004000082, 41.47162506700005], [9.034190300000091, 41.47089264500005], [9.031993035000085, 41.468736070000034], [9.03874759200005, 41.46190013200004], [9.068207227000073, 41.47947825700004], [9.07984459700009, 41.48236725500004], [9.07984459700009, 41.47614166900007], [9.066579623000052, 41.46190013200004], [9.080902540000068, 41.453192450000074], [9.10515384200005, 41.44550202000005], [9.121348504000082, 41.43463776200008], [9.112152540000068, 41.43256256700005], [9.107269727000073, 41.42926666900007], [9.096446160000085, 41.403509833000044], [9.122243686000047, 41.394964911000045], [9.153330925000091, 41.39134349200003], [9.169118686000047, 41.38617584800005], [9.193858269000089, 41.369126695000034], [9.20671634200005, 41.36591217700004], [9.223155144000089, 41.37250397300005], [9.23015384200005, 41.380926825000074], [9.238780144000089, 41.39590078300006], [9.246592644000089, 41.41290924700007], [9.250336134000065, 41.427801825000074], [9.23796634200005, 41.42226797100005], [9.22201582100007, 41.41095612200007], [9.21070397200009, 41.40729401200008], [9.21070397200009, 41.41351959800005], [9.219981316000087, 41.419623114000046], [9.223317905000044, 41.42731354400007], [9.22006269600007, 41.43504466400009], [9.21070397200009, 41.44086334800005], [9.21070397200009, 41.44822825700004], [9.228037957000083, 41.45001862200007], [9.25521894600007, 41.46360911700003], [9.27084394600007, 41.468736070000034], [9.264659050000091, 41.47614166900007], [9.27475019600007, 41.482855536000045], [9.279144727000073, 41.49164459800005], [9.276215040000068, 41.49941640800006], [9.264659050000091, 41.50287506700005], [9.268728061000047, 41.50995514500005], [9.269867384000065, 41.516791083000044], [9.268728061000047, 41.52374909100007], [9.264659050000091, 41.53082916900007], [9.281993035000085, 41.533270575000074], [9.292165561000047, 41.54291413000004], [9.299652540000068, 41.55329010600008], [9.309092644000089, 41.55817291900007], [9.326670769000089, 41.56110260600008], [9.341075066000087, 41.56928131700005], [9.350596550000091, 41.58120351800005], [9.354177280000044, 41.595404364000046], [9.34506269600007, 41.60447825700004], [9.325043165000068, 41.60195547100005], [9.292165561000047, 41.59162018400008], [9.278575066000087, 41.59837474200003], [9.284434441000087, 41.60765208500004], [9.293955925000091, 41.617621161000045], [9.292165561000047, 41.62641022300005], [9.303721550000091, 41.627834377000056], [9.318207227000073, 41.62714264500005], [9.333262566000087, 41.62445709800005], [9.346690300000091, 41.619574286000045], [9.342133009000065, 41.63467031500005], [9.345225457000083, 41.640326239000046], [9.35320071700005, 41.64081452000005], [9.363617384000065, 41.64004140800006], [9.373057488000086, 41.64516836100006], [9.377940300000091, 41.65643952000005], [9.380707227000073, 41.67422109600005], [9.367035352000073, 41.67422109600005], [9.372243686000047, 41.68390534100007], [9.381195509000065, 41.692694403000075], [9.391123894000089, 41.69904205900008], [9.398610873000052, 41.70148346600007], [9.401621941000087, 41.70644765800006], [9.403005405000044, 41.779730536000045], [9.39429772200009, 41.84796784100007], [9.402842644000089, 41.91742584800005], [9.403168165000068, 41.95294830900008], [9.408702019000089, 41.962225653000075], [9.423838738000086, 41.973537502000056], [9.492442254000082, 42.047756252000056], [9.507823113000086, 42.07221100500004], [9.518565300000091, 42.08510976800005], [9.545583530000044, 42.10398997600004], [9.552744988000086, 42.11302317900004], [9.554942254000082, 42.12083567900004], [9.556895379000082, 42.13825104400007], [9.559580925000091, 42.146551825000074], [9.552256707000083, 42.17015208500004], [9.559580925000091, 42.294582424000055], [9.555430535000085, 42.31427643400008], [9.536957227000073, 42.353176174000055], [9.532237175000091, 42.37372467700004], [9.532725457000083, 42.39252350500004], [9.535411004000082, 42.408189195000034], [9.539886915000068, 42.42206452000005], [9.545909050000091, 42.43512604400007], [9.533376498000052, 42.456244208000044], [9.530039910000085, 42.486314195000034], [9.532237175000091, 42.54437897300005], [9.528086785000085, 42.56354401200008], [9.518565300000091, 42.580959377000056], [9.48959394600007, 42.612616278000075], [9.504730665000068, 42.58661530200004], [9.50912519600007, 42.57998281500005], [9.511892123000052, 42.56549713700008], [9.484873894000089, 42.57444896000004], [9.476898634000065, 42.57916901200008], [9.470713738000086, 42.587225653000075], [9.468028191000087, 42.594956773000035], [9.46461022200009, 42.601629950000074], [9.456553582000083, 42.60643138200004], [9.461436394000089, 42.614569403000075], [9.461680535000085, 42.61981842700004], [9.459239129000082, 42.625433661000045], [9.456553582000083, 42.634426174000055], [9.454600457000083, 42.63458893400008], [9.449961785000085, 42.63572825700004], [9.445323113000086, 42.637884833000044], [9.442881707000083, 42.64057038000004], [9.443369988000086, 42.64524974200003], [9.446055535000085, 42.64858633000006], [9.449066602000073, 42.65106842700004], [9.450368686000047, 42.653631903000075], [9.449392123000052, 42.68260325700004], [9.451426629000082, 42.69672272300005], [9.450368686000047, 42.70888906500005], [9.482758009000065, 42.80231354400007], [9.484385613000086, 42.83242422100005], [9.465505405000044, 42.923529364000046], [9.47006269600007, 42.942287502000056], [9.45875084700009, 42.952337958000044], [9.453868035000085, 42.96381256700005], [9.455577019000089, 42.97455475500004], [9.464040561000047, 42.98261139500005], [9.464040561000047, 42.99005768400008], [9.444509311000047, 42.99799225500004], [9.435557488000086, 43.00372955900008], [9.422373894000089, 43.01740143400008], [9.404307488000086, 43.01166413000004], [9.36304772200009, 43.01154205900008], [9.346690300000091, 43.00372955900008], [9.341807488000086, 42.990668036000045], [9.34343509200005, 42.973089911000045], [9.349945509000065, 42.95722077000005], [9.360199415000068, 42.94912344000005], [9.356944207000083, 42.940659898000035], [9.355723504000082, 42.93650950700004], [9.35678144600007, 42.93353913000004], [9.360199415000068, 42.928615627000056], [9.336924675000091, 42.91038646000004], [9.330251498000052, 42.903550523000035], [9.326182488000086, 42.893784898000035], [9.326345248000052, 42.88532135600008], [9.332855665000068, 42.87579987200007], [9.333018425000091, 42.86713288000004], [9.305674675000091, 42.83926015800006], [9.321787957000083, 42.823919989000046], [9.335459832000083, 42.80760325700004], [9.340993686000047, 42.79010651200008], [9.333018425000091, 42.77094147300005], [9.342539910000085, 42.74909088700008], [9.32789147200009, 42.720038153000075], [9.292165561000047, 42.67475006700005], [9.285329623000052, 42.67475006700005], [9.276133660000085, 42.69415924700007], [9.27084394600007, 42.70221588700008], [9.264659050000091, 42.70888906500005], [9.257823113000086, 42.71393463700008], [9.236827019000089, 42.72256094000005], [9.185069207000083, 42.73338450700004], [9.176036004000082, 42.73281484600005], [9.165212436000047, 42.73517487200007], [9.141449415000068, 42.73501211100006], [9.117849155000044, 42.73200104400007], [9.10710696700005, 42.725897528000075], [9.052989129000082, 42.68158600500004], [9.049978061000047, 42.662176825000074], [9.018321160000085, 42.65013255400004], [8.906504754000082, 42.632473049000055], [8.843028191000087, 42.60805898600006], [8.805430535000085, 42.60643138200004], [8.812836134000065, 42.599595445000034], [8.807465040000068, 42.58510976800005], [8.798838738000086, 42.57176341400009], [8.786957227000073, 42.56199778900009], [8.77125084700009, 42.55805084800005], [8.759613477000073, 42.561753648000035], [8.750661655000044, 42.568793036000045], [8.74000084700009, 42.572333075000074], [8.723480665000068, 42.56549713700008], [8.720876498000052, 42.57412344000005], [8.719737175000091, 42.57599518400008], [8.716970248000052, 42.57611725500004], [8.709157748000052, 42.57916901200008], [8.709157748000052, 42.57172272300005], [8.716319207000083, 42.56199778900009], [8.710785352000073, 42.54010651200008], [8.71656334700009, 42.53070709800005], [8.697601759000065, 42.527004299000055], [8.680430535000085, 42.52106354400007], [8.667491082000083, 42.50971100500004], [8.659353061000047, 42.484361070000034], [8.657074415000068, 42.48004791900007], [8.659678582000083, 42.47711823100008], [8.672048373000052, 42.47614166900007], [8.676768425000091, 42.47247955900008], [8.672373894000089, 42.46442291900007], [8.661387566000087, 42.45189036700003], [8.661631707000083, 42.43976471600007], [8.65951582100007, 42.42987702000005], [8.650889519000089, 42.42328522300005], [8.618662957000083, 42.419582424000055], [8.614024285000085, 42.41624583500004], [8.612071160000085, 42.411810614000046], [8.607269727000073, 42.40721263200004], [8.603526238000086, 42.40033600500004], [8.602386915000068, 42.391913153000075], [8.598643425000091, 42.387600002000056], [8.586273634000065, 42.39297109600005], [8.579600457000083, 42.385931708000044], [8.570485873000052, 42.38178131700005], [8.560801629000082, 42.38165924700007], [8.55209394600007, 42.386704820000034], [8.549082879000082, 42.37710195500006], [8.549652540000068, 42.36579010600008], [8.553477410000085, 42.35488515800006], [8.559580925000091, 42.34638092700004], [8.55209394600007, 42.33893463700008], [8.59156334700009, 42.35114166900007], [8.612803582000083, 42.352443752000056], [8.634776238000086, 42.33893463700008], [8.604746941000087, 42.32558828300006], [8.599864129000082, 42.321926174000055], [8.601410352000073, 42.31476471600007], [8.605316602000073, 42.31045156500005], [8.61109459700009, 42.31004466400009], [8.625173373000052, 42.31915924700007], [8.629649285000085, 42.31525299700007], [8.632334832000083, 42.308661200000074], [8.634776238000086, 42.30483633000006], [8.672048373000052, 42.29116445500006], [8.674001498000052, 42.289496161000045], [8.688731316000087, 42.280951239000046], [8.687754754000082, 42.27293528900009], [8.68523196700005, 42.271918036000045], [8.680837436000047, 42.272772528000075], [8.675059441000087, 42.27065664300005], [8.664724155000044, 42.264878648000035], [8.651133660000085, 42.26040273600006], [8.610850457000083, 42.25462474200003], [8.60132897200009, 42.25067780200004], [8.593760613000086, 42.24628327000005], [8.586273634000065, 42.243353583000044], [8.55990644600007, 42.24433014500005], [8.549489780000044, 42.242254950000074], [8.545258009000065, 42.232855536000045], [8.55241946700005, 42.22898997600004], [8.56576582100007, 42.22573476800005], [8.574066602000073, 42.219916083000044], [8.56576582100007, 42.20856354400007]]}, "properties": {}}, {"type": "Feature", "geometry": {"type": "LineString", "coordinates": [[9.840098504000082, 43.06517161700003], [9.825776759000064, 43.07462970800009], [9.806944043000044, 43.06640771800005], [9.78459484800004, 43.028441834000034], [9.801498481000067, 43.007805218000044], [9.822953622000057, 43.00845909000009], [9.842127292000043, 43.024955918000046], [9.854810932000078, 43.04427469700005], [9.847504102000073, 43.058579820000034], [9.843923373000052, 43.06069570500006], [9.841807488000086, 43.06342194200005], [9.840098504000082, 43.06517161700003]]}, "properties": {}}, {"type": "Feature", "geometry": {"type": "LineString", "coordinates": [[-1.2193904289999296, 45.94391510600008], [-1.2193904289999296, 45.95075104400007], [-1.2304581369999141, 45.958197333000044], [-1.2311905589999128, 45.96792226800005], [-1.229562954999949, 45.97923411700003], [-1.2336319649999155, 45.99168528900009], [-1.2476293609999516, 46.00177643400008], [-1.2612198559999115, 46.00067780200004], [-1.2738337879999335, 45.99762604400007], [-1.2851456369999141, 46.001654364000046], [-1.3087052069999459, 46.02024974200003], [-1.3399145169999542, 46.03782786700003], [-1.3738907539999445, 46.05023834800005], [-1.4049373039999296, 46.053168036000045], [-1.3829239569999459, 46.01850006700005], [-1.3716527989999463, 45.995306708000044], [-1.3738907539999445, 45.98493073100008], [-1.3783259759999282, 45.97597890800006], [-1.3617244129999335, 45.956732489000046], [-1.3401586579999503, 45.938666083000044], [-1.3189998039999296, 45.92812734600005], [-1.260365363999938, 45.88182200700004], [-1.2494197259999282, 45.86774323100008], [-1.2412003249999088, 45.85455963700008], [-1.2268774079999503, 45.81976959800005], [-1.2092179029999102, 45.814154364000046], [-1.1945694649999155, 45.830064195000034], [-1.184193488999938, 45.856350002000056], [-1.1760961579999503, 45.89874909100007], [-1.1777237619999141, 45.90692780200004], [-1.1851700509999432, 45.91596100500004], [-1.213937954999949, 45.92804596600007], [-1.224354620999918, 45.93504466400009], [-1.2193904289999296, 45.94391510600008]]}, "properties": {}}, {"type": "Feature", "geometry": {"type": "LineString", "coordinates": [[-1.281402147999927, 46.15619538000004], [-1.2708634109999366, 46.160223700000074], [-1.263417120999918, 46.16185130400004], [-1.2541397779999102, 46.16242096600007], [-1.2657364569999459, 46.180975653000075], [-1.2847387359999516, 46.19643789300005], [-1.3080948559999115, 46.20693594000005], [-1.4087621739999463, 46.21824778900009], [-1.4253637359999516, 46.223822333000044], [-1.4253637359999516, 46.23126862200007], [-1.4111221999999088, 46.23126862200007], [-1.4111221999999088, 46.23810455900008], [-1.4354548819999309, 46.23383209800005], [-1.4641820949999556, 46.22492096600007], [-1.4905492829999503, 46.22443268400008], [-1.507964647999927, 46.24555084800005], [-1.4977107409999348, 46.24518463700008], [-1.4738663399999155, 46.23810455900008], [-1.4674373039999296, 46.24396393400008], [-1.4678848949999406, 46.24990469000005], [-1.4727270169999542, 46.25527578300006], [-1.4800919259999432, 46.25922272300005], [-1.4981176419999542, 46.26190827000005], [-1.5558162099999322, 46.25177643400008], [-1.5558162099999322, 46.24555084800005], [-1.5448298819999309, 46.239894924000055], [-1.504261847999942, 46.20766836100006], [-1.4889216789999296, 46.20335521000004], [-1.4328507149999155, 46.21084219000005], [-1.336089647999927, 46.167222398000035], [-1.2906794909999348, 46.161322333000044], [-1.2862849599999322, 46.16010163000004], [-1.281402147999927, 46.15619538000004]]}, "properties": {}}, {"type": "Feature", "geometry": {"type": "LineString", "coordinates": [[-2.3372289699999556, 46.73159414300005], [-2.3568009109999366, 46.73379140800006], [-2.375152147999927, 46.731634833000044], [-2.382923956999946, 46.722642320000034], [-2.3714086579999503, 46.704291083000044], [-2.291371222999942, 46.70359935100004], [-2.2689509759999282, 46.69741445500006], [-2.2796931629999335, 46.710272528000075], [-2.2982071609999366, 46.72016022300005], [-2.3372289699999556, 46.73159414300005]]}, "properties": {}}, {"type": "Feature", "geometry": {"type": "LineString", "coordinates": [[-2.200103318999936, 46.98541901200008], [-2.201324022999927, 46.99974192900004], [-2.197417772999927, 47.013006903000075], [-2.200021938999953, 47.02435944200005], [-2.220448370999918, 47.033189195000034], [-2.2385961579999503, 47.03534577000005], [-2.295643683999913, 47.033189195000034], [-2.2786759109999366, 47.01813385600008], [-2.2631729809999115, 46.979803778000075], [-2.2473038399999155, 46.96430084800005], [-2.2202042309999115, 46.973863023000035], [-2.1948136059999115, 46.96185944200005], [-2.1736954419999392, 46.939154364000046], [-2.159087693999936, 46.91648997600004], [-2.142567511999914, 46.909857489000046], [-2.137684699999909, 46.923163153000075], [-2.1400447259999282, 46.943426825000074], [-2.1448461579999503, 46.957464911000045], [-2.1557511059999115, 46.964911200000074], [-2.189808722999942, 46.97724030200004], [-2.200103318999936, 46.98541901200008]]}, "properties": {}}, {"type": "Feature", "geometry": {"type": "LineString", "coordinates": [[-3.1146541009999282, 47.33148834800005], [-3.148793097999942, 47.35537344000005], [-3.1516007149999155, 47.35814036700003], [-3.176503058999913, 47.37148672100005], [-3.221506313999953, 47.38751862200007], [-3.234120245999918, 47.389553127000056], [-3.242990688999953, 47.39533112200007], [-3.249623175999943, 47.39520905200004], [-3.253651495999918, 47.38886139500005], [-3.262074347999942, 47.383246161000045], [-3.2561742829999503, 47.368801174000055], [-3.2453507149999155, 47.352850653000075], [-3.2376195949999556, 47.336371161000045], [-3.240956183999913, 47.32062409100007], [-3.223459438999953, 47.312160549000055], [-3.1717016269999476, 47.30158112200007], [-3.0936173169999392, 47.29661692900004], [-3.067005988999938, 47.301947333000044], [-3.0628149079999503, 47.32062409100007], [-3.0727432929999168, 47.32831452000005], [-3.102691209999932, 47.327337958000044], [-3.1146541009999282, 47.33148834800005]]}, "properties": {}}, {"type": "Feature", "geometry": {"type": "LineString", "coordinates": [[-5.0502823559999115, 48.47882721600007], [-5.0689998039999296, 48.48505280200004], [-5.091786261999914, 48.48078034100007], [-5.132801886999914, 48.46515534100007], [-5.132801886999914, 48.458319403000075], [-5.107411261999914, 48.46336497600004], [-5.097767706999946, 48.46133047100005], [-5.091867641999954, 48.45148346600007], [-5.095122850999928, 48.45111725500004], [-5.102162238999938, 48.45184967700004], [-5.105539516999954, 48.45148346600007], [-5.105539516999954, 48.444647528000075], [-5.087961391999954, 48.44721100500004], [-5.0366104809999115, 48.46515534100007], [-5.0366104809999115, 48.47260163000004], [-5.042958136999914, 48.471991278000075], [-5.046254035999937, 48.473822333000044], [-5.0481664699999556, 48.47650788000004], [-5.0502823559999115, 48.47882721600007]]}, "properties": {}}, {"type": "Feature", "geometry": {"type": "LineString", "coordinates": [[-2.0826716789999296, 49.26023997600004], [-2.097564256999931, 49.25967031500005], [-2.103871222999942, 49.25820547100005], [-2.1106664699999556, 49.25340403900009], [-2.121978318999936, 49.25828685100004], [-2.1437882149999155, 49.26186758000006], [-2.1516820949999556, 49.26703522300005], [-2.162709113999938, 49.26040273600006], [-2.1723526679999168, 49.25625234600005], [-2.1827286449999406, 49.25405508000006], [-2.196278449999909, 49.25340403900009], [-2.215199347999942, 49.26023997600004], [-2.2293595039999445, 49.263006903000075], [-2.241118943999936, 49.26023997600004], [-2.2420141269999476, 49.24795156500005], [-2.233225063999953, 49.228501695000034], [-2.226470506999931, 49.20600006700005], [-2.2336319649999155, 49.18451569200005], [-2.223378058999913, 49.18471914300005], [-2.2029516269999476, 49.19041575700004], [-2.200103318999936, 49.19196198100008], [-2.18968665299991, 49.189113674000055], [-2.1771541009999282, 49.18016185100004], [-2.168690558999913, 49.17829010600008], [-2.1606339179999168, 49.190741278000075], [-2.152943488999938, 49.19993724200003], [-2.1448461579999503, 49.20563385600008], [-2.1379288399999155, 49.20563385600008], [-2.128895636999914, 49.20307038000004], [-2.1202286449999406, 49.19916413000004], [-2.0969945949999556, 49.183661200000074], [-2.079986131999931, 49.17869700700004], [-2.0492244129999335, 49.17829010600008], [-2.040028449999909, 49.17572663000004], [-2.031158006999931, 49.17145416900007], [-2.0245255199999406, 49.17133209800005], [-2.0219620429999168, 49.18138255400004], [-2.0220434239999463, 49.19245026200008], [-2.0209854809999115, 49.20075104400007], [-2.0169978509999282, 49.20722077000005], [-2.0082901679999168, 49.21246979400007], [-2.011870897999927, 49.215277411000045], [-2.017323370999918, 49.22138092700004], [-2.0219620429999168, 49.225490627000056], [-2.020659959999932, 49.235256252000056], [-2.0678604809999115, 49.25067780200004], [-2.0826716789999296, 49.26023997600004]]}, "properties": {}}, {"type": "Feature", "geometry": {"type": "LineString", "coordinates": [[-2.580230272999927, 49.49359772300005], [-2.624623175999943, 49.465725002000056], [-2.6379288399999155, 49.46385325700004], [-2.6502579419999392, 49.46369049700007], [-2.6565649079999503, 49.459418036000045], [-2.6518448559999115, 49.44521719000005], [-2.6629532539999445, 49.443793036000045], [-2.6707657539999445, 49.438788153000075], [-2.673451300999943, 49.43349844000005], [-2.6693416009999282, 49.430894273000035], [-2.5731095039999445, 49.430894273000035], [-2.5648494129999335, 49.42951080900008], [-2.558705206999946, 49.42719147300005], [-2.5520727199999556, 49.42670319200005], [-2.541981574999909, 49.430894273000035], [-2.534087693999936, 49.43622467700004], [-2.5327856109999516, 49.43891022300005], [-2.532948370999918, 49.44285716400009], [-2.5267227859999366, 49.45848216400009], [-2.5221248039999296, 49.47996653900009], [-2.505767381999931, 49.49799225500004], [-2.501698370999918, 49.50665924700007], [-2.5182185539999296, 49.51552969000005], [-2.5381973949999406, 49.509833075000074], [-2.559559699999909, 49.499335028000075], [-2.580230272999927, 49.49359772300005]]}, "properties": {}}, {"type": "Feature", "geometry": {"type": "LineString", "coordinates": [[-1.0827530589999128, 50.713324286000045], [-1.0855606759999432, 50.71401601800005], [-1.0942276679999168, 50.71263255400004], [-1.0970352859999366, 50.713324286000045], [-1.0976456369999141, 50.716009833000044], [-1.0964249339999128, 50.72443268400008], [-1.0970352859999366, 50.72695547100005], [-1.109120245999918, 50.732855536000045], [-1.1195369129999335, 50.73419830900008], [-1.144276495999918, 50.73379140800006], [-1.2957657539999445, 50.77317942900004], [-1.318511522999927, 50.77216217700004], [-1.343495245999918, 50.761053778000075], [-1.377552863999938, 50.73419830900008], [-1.4008682929999168, 50.721991278000075], [-1.4253637359999516, 50.72011953300006], [-1.4234513009999432, 50.72370026200008], [-1.4208878249999088, 50.730454820000034], [-1.4186905589999128, 50.73379140800006], [-1.5059301419999542, 50.70770905200004], [-1.5453181629999335, 50.68610260600008], [-1.5694880849999322, 50.65802643400008], [-1.5515030589999128, 50.66510651200008], [-1.5351456369999141, 50.66937897300005], [-1.4974259109999366, 50.672308661000045], [-1.4859513009999432, 50.66933828300006], [-1.4527888659999348, 50.654282945000034], [-1.4459529289999296, 50.648138739000046], [-1.3155411449999406, 50.589178778000075], [-1.2792048819999309, 50.58250560100004], [-1.1684464179999168, 50.60346100500004], [-1.1650284499999088, 50.60822174700007], [-1.1641332669999542, 50.61937083500004], [-1.1647029289999296, 50.64093659100007], [-1.1622208319999459, 50.64598216400009], [-1.1563614569999459, 50.65078359600005], [-1.128651495999918, 50.666449286000045], [-1.1127009759999282, 50.67145416900007], [-1.0753067699999406, 50.67853424700007], [-1.0718888009999432, 50.680975653000075], [-1.0696508449999556, 50.68349844000005], [-1.0669652989999463, 50.685248114000046], [-1.0623266269999476, 50.68528880400004], [-1.0623266269999476, 50.69281647300005], [-1.0827530589999128, 50.713324286000045]]}, "properties": {}}, {"type": "Feature", "geometry": {"type": "LineString", "coordinates": [[-0.9598689439999362, 50.808254299000055], [-0.9514054029999102, 50.81244538000004], [-0.9478246739999463, 50.81781647300005], [-0.9503067699999406, 50.82379791900007], [-0.9598689439999362, 50.829331773000035], [-0.9725642569999309, 50.829779364000046], [-0.9986873039999296, 50.80101146000004], [-1.0207413399999155, 50.79515208500004], [-1.0207413399999155, 50.788397528000075], [-0.9388321609999366, 50.780951239000046], [-0.9388321609999366, 50.788397528000075], [-0.9456274079999503, 50.79181549700007], [-0.9545792309999115, 50.798814195000034], [-0.9598689439999362, 50.802069403000075], [-0.9598689439999362, 50.808254299000055]]}, "properties": {}}, {"type": "Feature", "geometry": {"type": "LineString", "coordinates": [[0.9114689460000704, 51.412176825000074], [0.9005639980000524, 51.41754791900007], [0.8907983730000524, 51.42104726800005], [0.7669376960000704, 51.44794342700004], [0.7539168630000859, 51.44570547100005], [0.7468367850000845, 51.43964264500005], [0.7338973320000832, 51.412176825000074], [0.7435001960000704, 51.400091864000046], [0.7575789720000898, 51.386419989000046], [0.7750757170000497, 51.37531159100007], [0.7947697270000731, 51.37055084800005], [0.9114689460000704, 51.36440664300005], [0.9363712900000678, 51.37103913000004], [0.9421492850000845, 51.38300202000005], [0.9324650400000678, 51.397691148000035], [0.9114689460000704, 51.412176825000074]]}, "properties": {}}, {"type": "Feature", "geometry": {"type": "LineString", "coordinates": [[4.036631707000083, 51.68585846600007], [4.026621941000087, 51.691107489000046], [4.0202742850000845, 51.696478583000044], [4.01539147200009, 51.70172760600008], [3.9780379570000832, 51.73029205900008], [3.961761915000068, 51.73810455900008], [3.9396264980000524, 51.74115631700005], [3.843760613000086, 51.74282461100006], [3.8305770190000885, 51.747300523000035], [3.81421959700009, 51.74823639500005], [3.8100692070000832, 51.747300523000035], [3.725840691000087, 51.73973216400009], [3.689463738000086, 51.725043036000045], [3.686696811000047, 51.692694403000075], [3.700043165000068, 51.68060944200005], [3.720550977000073, 51.67682526200008], [3.76539147200009, 51.67841217700004], [3.77125084700009, 51.68183014500005], [3.795909050000091, 51.70014069200005], [3.8092554050000444, 51.69953034100007], [3.817637566000087, 51.69525788000004], [3.8239038420000497, 51.689886786000045], [3.8305770190000885, 51.68585846600007], [3.8698022800000444, 51.67609284100007], [3.885590040000068, 51.66836172100005], [3.8919376960000704, 51.655503648000035], [3.901540561000047, 51.64199453300006], [3.923106316000087, 51.632473049000055], [3.9602970710000704, 51.62384674700007], [3.9780379570000832, 51.62327708500004], [4.054860873000052, 51.63263580900008], [4.072601759000065, 51.63690827000005], [4.089040561000047, 51.64402903900009], [4.09937584700009, 51.65412018400008], [4.09734134200005, 51.67023346600007], [4.078379754000082, 51.678615627000056], [4.036631707000083, 51.68585846600007]]}, "properties": {}}, {"type": "Feature", "geometry": {"type": "LineString", "coordinates": [[4.892588738000086, 53.111029364000046], [4.90992272200009, 53.118841864000046], [4.910166863000086, 53.13458893400008], [4.899912957000083, 53.152329820000034], [4.885752800000091, 53.16620514500005], [4.8913680350000845, 53.17096588700008], [4.892100457000083, 53.17572663000004], [4.889821811000047, 53.180853583000044], [4.885752800000091, 53.186712958000044], [4.854340040000068, 53.18773021000004], [4.829274936000047, 53.162990627000056], [4.805674675000091, 53.13300202000005], [4.7584741550000444, 53.10846588700008], [4.733653191000087, 53.08421458500004], [4.713877800000091, 53.05463288000004], [4.7076929050000444, 53.02846914300005], [4.726817254000082, 53.00307851800005], [4.761973504000082, 52.99433014500005], [4.7956649100000845, 53.00031159100007], [4.81812584700009, 53.02676015800006], [4.865244988000086, 53.05019765800006], [4.8930770190000885, 53.07611725500004], [4.906097852000073, 53.09170156500005], [4.913096550000091, 53.104803778000075], [4.892588738000086, 53.104803778000075], [4.892588738000086, 53.111029364000046]]}, "properties": {}}, {"type": "Feature", "geometry": {"type": "LineString", "coordinates": [[-9.662668423999946, 53.275458075000074], [-9.671457485999952, 53.28074778900003], [-9.684722459999932, 53.282416083000044], [-9.698882615999935, 53.28066640800006], [-9.710357225999928, 53.275458075000074], [-9.720082160999937, 53.266058661000045], [-9.71898352799991, 53.26044342700004], [-9.713612433999913, 53.253119208000044], [-9.710357225999928, 53.23859284100007], [-9.692372199999909, 53.22638580900008], [-9.658314581999946, 53.23265208500004], [-9.638335740999935, 53.25104401200008], [-9.662668423999946, 53.275458075000074]]}, "properties": {}}, {"type": "Feature", "geometry": {"type": "LineString", "coordinates": [[4.878916863000086, 53.22089264500005], [4.910166863000086, 53.21246979400007], [4.935720248000052, 53.22597890800006], [4.9575301440000885, 53.24555084800005], [5.0364689460000704, 53.29181549700007], [5.065603061000047, 53.298488674000055], [5.078135613000086, 53.302801825000074], [5.1048283210000704, 53.302801825000074], [5.1048283210000704, 53.30963776200008], [5.05445397200009, 53.313788153000075], [4.986501498000052, 53.28998444200005], [4.9212345710000704, 53.25372955900008], [4.878916863000086, 53.22089264500005]]}, "properties": {}}, {"type": "Feature", "geometry": {"type": "LineString", "coordinates": [[-4.577259894999941, 53.27204010600008], [-4.5809220039999445, 53.28546784100007], [-4.590443488999938, 53.29755280200004], [-4.60383053299995, 53.30817291900007], [-4.618885870999918, 53.31708405200004], [-4.6262914699999556, 53.32086823100008], [-4.644195115999935, 53.319525458000044], [-4.655669725999928, 53.31976959800005], [-4.6673070949999556, 53.323919989000046], [-4.693959113999938, 53.30963776200008], [-4.693959113999938, 53.302801825000074], [-4.676665818999936, 53.28510163000004], [-4.670399542999917, 53.28294505400004], [-4.641346808999913, 53.284369208000044], [-4.632557745999918, 53.28294505400004], [-4.622792120999918, 53.27594635600008], [-4.6024063789999445, 53.25307851800005], [-4.581898566999939, 53.24201080900008], [-4.571888800999943, 53.239488023000035], [-4.563628709999932, 53.24192942900004], [-4.558461066999939, 53.25275299700007], [-4.5639542309999115, 53.26044342700004], [-4.572743292999917, 53.266506252000056], [-4.577259894999941, 53.27204010600008]]}, "properties": {}}, {"type": "Feature", "geometry": {"type": "LineString", "coordinates": [[-4.098133917999917, 53.30963776200008], [-4.102528449999909, 53.31077708500004], [-4.115142381999931, 53.31590403900003], [-4.121978318999936, 53.31708405200004], [-4.1277970039999445, 53.31484609600005], [-4.136626756999931, 53.30508047100005], [-4.142486131999931, 53.302801825000074], [-4.154896613999938, 53.30182526200008], [-4.177805141999954, 53.29755280200004], [-4.190581834999932, 53.296576239000046], [-4.203236456999946, 53.298488674000055], [-4.2074275379999335, 53.303900458000044], [-4.209339972999942, 53.31240469000005], [-4.214833136999914, 53.323919989000046], [-4.230620897999927, 53.335272528000075], [-4.231556769999941, 53.337591864000046], [-4.235178188999953, 53.34007396000004], [-4.234852667999917, 53.346136786000045], [-4.2337133449999556, 53.35297272300005], [-4.234730597999942, 53.35805898600006], [-4.240061001999948, 53.35834381700005], [-4.254505988999938, 53.36322663000004], [-4.2669164699999556, 53.36896393400008], [-4.2660212879999335, 53.37164948100008], [-4.269357876999948, 53.37710195500006], [-4.2718806629999335, 53.38906484600005], [-4.276722785999937, 53.40102773600006], [-4.286529100999928, 53.40643952000005], [-4.324696417999917, 53.41950104400007], [-4.343495245999918, 53.42007070500006], [-4.412831183999913, 53.426947333000044], [-4.425363735999952, 53.42670319200005], [-4.553456183999913, 53.40058014500005], [-4.571034308999913, 53.39276764500005], [-4.56086178299995, 53.377834377000056], [-4.558664516999954, 53.363348700000074], [-4.563628709999932, 53.330064195000034], [-4.563221808999913, 53.308254299000055], [-4.565256313999953, 53.293036200000074], [-4.571034308999913, 53.28294505400004], [-4.571034308999913, 53.275458075000074], [-4.553089972999942, 53.26194896000004], [-4.519886847999942, 53.22284577000005], [-4.499623175999943, 53.21124909100007], [-4.49632727799991, 53.20380280200004], [-4.495106574999909, 53.196478583000044], [-4.4953507149999155, 53.19354889500005], [-4.494699673999946, 53.19086334800005], [-4.496001756999931, 53.18256256700005], [-4.4953507149999155, 53.17987702000005], [-4.49250240799995, 53.179348049000055], [-4.484486456999946, 53.18060944200005], [-4.4816788399999155, 53.17987702000005], [-4.4485570949999556, 53.162543036000045], [-4.44758053299995, 53.159409898000035], [-4.4328507149999155, 53.16290924700007], [-4.410878058999913, 53.18219635600008], [-4.3957413399999155, 53.186712958000044], [-4.385121222999942, 53.18244049700007], [-4.390370245999918, 53.173081773000035], [-4.401926235999952, 53.163723049000055], [-4.409738735999952, 53.159409898000035], [-4.411976691999939, 53.155585028000075], [-4.413685675999943, 53.14712148600006], [-4.41429602799991, 53.13784414300005], [-4.412831183999913, 53.132066148000035], [-4.406605597999942, 53.13060130400004], [-4.39867102799991, 53.13275788000004], [-4.392689581999946, 53.136053778000075], [-4.392404751999948, 53.138332424000055], [-4.3666886059999115, 53.13141510600008], [-4.3543595039999445, 53.12995026200008], [-4.343861456999946, 53.132066148000035], [-4.2801407539999445, 53.15497467700004], [-4.264556443999936, 53.16693756700005], [-4.2293595039999445, 53.18219635600008], [-4.2250056629999335, 53.18121979400007], [-4.222035285999937, 53.18211497600004], [-4.22101803299995, 53.19013092700004], [-4.22101803299995, 53.19745514500005], [-4.220366990999935, 53.20148346600007], [-4.218495245999918, 53.20404694200005], [-4.214833136999914, 53.20722077000005], [-4.19554602799991, 53.22028229400007], [-4.171986456999946, 53.23139069200005], [-4.14671790299991, 53.23908112200007], [-4.121978318999936, 53.24192942900004], [-4.0980525379999335, 53.25014883000006], [-4.063384568999936, 53.28929271000004], [-4.042876756999931, 53.302801825000074], [-4.055043097999942, 53.30853913000004], [-4.068918423999946, 53.31037018400008], [-4.098133917999917, 53.30963776200008]]}, "properties": {}}, {"type": "Feature", "geometry": {"type": "LineString", "coordinates": [[5.42359459700009, 53.43036530200004], [5.407237175000091, 53.42255280200004], [5.272959832000083, 53.40607330900008], [5.250173373000052, 53.40643952000005], [5.232432488000086, 53.39671458500004], [5.178884311000047, 53.38544342700004], [5.16765384200005, 53.36823151200008], [5.179860873000052, 53.35309479400007], [5.2083439460000704, 53.35268789300005], [5.346934441000087, 53.38922760600008], [5.38249759200005, 53.39468008000006], [5.427012566000087, 53.40643952000005], [5.468597852000073, 53.40851471600007], [5.481700066000087, 53.41266510600008], [5.479746941000087, 53.41620514500005], [5.477386915000068, 53.423529364000046], [5.475433790000068, 53.426947333000044], [5.5337020190000885, 53.42837148600006], [5.562022332000083, 53.43431224200003], [5.5852970710000704, 53.45359935100004], [5.437022332000083, 53.43646881700005], [5.42359459700009, 53.43036530200004]]}, "properties": {}}, {"type": "Feature", "geometry": {"type": "LineString", "coordinates": [[5.674001498000052, 53.46792226800005], [5.6588647800000444, 53.471869208000044], [5.6419376960000704, 53.46336497600004], [5.6360783210000704, 53.44867584800005], [5.653575066000087, 53.43374258000006], [5.678965691000087, 53.430121161000045], [5.7270613940000885, 53.443345445000034], [5.752777540000068, 53.44741445500006], [5.855642123000052, 53.44741445500006], [5.954600457000083, 53.46108633000006], [5.91382897200009, 53.473863023000035], [5.674001498000052, 53.46792226800005]]}, "properties": {}}, {"type": "Feature", "geometry": {"type": "LineString", "coordinates": [[6.211761915000068, 53.50885651200008], [6.185394727000073, 53.50486888200004], [6.147959832000083, 53.49485911700003], [6.12281334700009, 53.481634833000044], [6.1333113940000885, 53.46792226800005], [6.127126498000052, 53.46308014500005], [6.1274520190000885, 53.45990631700005], [6.1333113940000885, 53.45359935100004], [6.153168165000068, 53.468817450000074], [6.325043165000068, 53.502020575000074], [6.338715040000068, 53.502020575000074], [6.338715040000068, 53.50885651200008], [6.310801629000082, 53.51414622600004], [6.211761915000068, 53.50885651200008]]}, "properties": {}}, {"type": "Feature", "geometry": {"type": "LineString", "coordinates": [[6.44117272200009, 53.556626695000034], [6.44304446700005, 53.549994208000044], [6.46070397200009, 53.54336172100005], [6.496429884000065, 53.53620026200008], [6.498871290000068, 53.53998444200005], [6.501963738000086, 53.54254791900007], [6.50562584700009, 53.54376862200007], [6.510101759000065, 53.54360586100006], [6.455088738000086, 53.55809153900003], [6.44117272200009, 53.556626695000034]]}, "properties": {}}, {"type": "Feature", "geometry": {"type": "LineString", "coordinates": [[6.798106316000087, 53.60443756700005], [6.784678582000083, 53.62006256700005], [6.747325066000087, 53.618353583000044], [6.671153191000087, 53.60443756700005], [6.6595158210000704, 53.59910716400003], [6.663340691000087, 53.58734772300005], [6.6770939460000704, 53.57562897300005], [6.69507897200009, 53.570298570000034], [6.701182488000086, 53.57143789300005], [6.715993686000047, 53.57607656500005], [6.726084832000083, 53.57713450700004], [6.734629754000082, 53.57518138200004], [6.747569207000083, 53.56598541900007], [6.7565210300000444, 53.56289297100005], [6.749522332000083, 53.57241445500006], [6.742198113000086, 53.57835521000004], [6.733571811000047, 53.582017320000034], [6.72242272200009, 53.58462148600006], [6.72242272200009, 53.59076569200005], [6.7408960300000444, 53.593451239000046], [6.775645379000082, 53.60248444200005], [6.798106316000087, 53.60443756700005]]}, "properties": {}}, {"type": "Feature", "geometry": {"type": "LineString", "coordinates": [[6.8737899100000845, 53.672756252000056], [7.085459832000083, 53.68699778900003], [7.047048373000052, 53.69415924700007], [6.9108179050000444, 53.683661200000074], [6.8737899100000845, 53.672756252000056]]}, "properties": {}}, {"type": "Feature", "geometry": {"type": "LineString", "coordinates": [[7.133148634000065, 53.70807526200008], [7.17359459700009, 53.70140208500004], [7.295746290000068, 53.711004950000074], [7.3422957690000885, 53.72211334800005], [7.3450626960000704, 53.72207265800006], [7.346690300000091, 53.72321198100008], [7.3462020190000885, 53.72797272300005], [7.2329207690000885, 53.72943756700005], [7.178965691000087, 53.72406647300005], [7.133148634000065, 53.70807526200008]]}, "properties": {}}, {"type": "Feature", "geometry": {"type": "LineString", "coordinates": [[7.3665470710000704, 53.72797272300005], [7.381195509000065, 53.728501695000034], [7.4212345710000704, 53.721136786000045], [7.4290470710000704, 53.72247955900008], [7.4323836600000845, 53.72406647300005], [7.435557488000086, 53.72797272300005], [7.4226180350000845, 53.73419830900008], [7.403493686000047, 53.73672109600005], [7.383067254000082, 53.73484935100004], [7.3665470710000704, 53.72797272300005]]}, "properties": {}}, {"type": "Feature", "geometry": {"type": "LineString", "coordinates": [[8.120127800000091, 53.721136786000045], [8.120127800000091, 53.71430084800005], [8.130707227000073, 53.718451239000046], [8.136729363000086, 53.717962958000044], [8.14226321700005, 53.71564362200007], [8.150889519000089, 53.71430084800005], [8.155772332000083, 53.71637604400007], [8.171722852000073, 53.72557200700004], [8.181651238000086, 53.72797272300005], [8.195974155000044, 53.72797272300005], [8.174815300000091, 53.73700592700004], [8.152354363000086, 53.739162502000056], [8.132660352000073, 53.734035549000055], [8.120127800000091, 53.721136786000045]]}, "properties": {}}, {"type": "Feature", "geometry": {"type": "LineString", "coordinates": [[7.517425977000073, 53.76211172100005], [7.4869897800000444, 53.761419989000046], [7.474619988000086, 53.75682200700004], [7.469574415000068, 53.745347398000035], [7.472992384000065, 53.73187897300005], [7.481944207000083, 53.72711823100008], [7.511241082000083, 53.72797272300005], [7.513926629000082, 53.74551015800006], [7.547699415000068, 53.750433661000045], [7.620616082000083, 53.74909088700008], [7.623301629000082, 53.749986070000034], [7.6257430350000845, 53.74994538000004], [7.627207879000082, 53.75092194200005], [7.62671959700009, 53.75527578300006], [7.606618686000047, 53.762600002000056], [7.517425977000073, 53.76211172100005]]}, "properties": {}}, {"type": "Feature", "geometry": {"type": "LineString", "coordinates": [[7.6608992850000845, 53.76211172100005], [7.6686304050000444, 53.757879950000074], [7.6770939460000704, 53.757798570000034], [7.685883009000065, 53.761786200000074], [7.69499759200005, 53.769517320000034], [7.7194930350000845, 53.75991445500006], [7.748220248000052, 53.760931708000044], [7.776215040000068, 53.76797109600005], [7.79859459700009, 53.77635325700004], [7.812836134000065, 53.77635325700004], [7.812836134000065, 53.78314850500004], [7.72828209700009, 53.78656647300005], [7.6862899100000845, 53.78099192900004], [7.6608992850000845, 53.76211172100005]]}, "properties": {}}, {"type": "Feature", "geometry": {"type": "LineString", "coordinates": [[7.8737899100000845, 53.77635325700004], [7.875254754000082, 53.788397528000075], [7.8932397800000444, 53.78896719000005], [7.93531334700009, 53.78314850500004], [7.9460555350000845, 53.78400299700007], [7.9555770190000885, 53.782904364000046], [7.928965691000087, 53.79254791900007], [7.914073113000086, 53.795355536000045], [7.897634311000047, 53.79629140800006], [7.87671959700009, 53.79486725500004], [7.858897332000083, 53.79092031500005], [7.854502800000091, 53.78457265800006], [7.8737899100000845, 53.77635325700004]]}, "properties": {}}, {"type": "Feature", "geometry": {"type": "LineString", "coordinates": [[-9.963612433999913, 53.95384349200003], [-9.963612433999913, 53.961371161000045], [-9.957834438999953, 53.966498114000046], [-9.954660610999952, 53.97333405200004], [-9.954253709999932, 53.98110586100006], [-9.956857876999948, 53.98924388200004], [-9.936350063999953, 53.98924388200004], [-9.956857876999948, 54.01601797100005], [-9.975900844999956, 54.021144924000055], [-10.0, 54.021594116029995]]}, "properties": {}}, {"type": "Feature", "geometry": {"type": "LineString", "coordinates": [[-10.0, 53.90322884687077], [-9.995838995999918, 53.90102773600006], [-9.97679602799991, 53.88686758000006], [-9.957997199999909, 53.88060130400004], [-9.936350063999953, 53.89248281500005], [-9.940174933999913, 53.905951239000046], [-9.93736731699994, 53.923529364000046], [-9.930734829999949, 53.93927643400008], [-9.922678188999953, 53.94708893400008], [-9.922678188999953, 53.95384349200003], [-9.930653449999909, 53.959051825000074], [-9.94054114499994, 53.95994700700004], [-9.95181230399993, 53.95783112200007], [-9.963612433999913, 53.95384349200003]]}, "properties": {}}, {"type": "Feature", "geometry": {"type": "LineString", "coordinates": [[11.375661655000044, 53.98183828300006], [11.390961134000065, 53.973944403000075], [11.407074415000068, 53.96820709800005], [11.423106316000087, 53.96771881700005], [11.437754754000082, 53.97500234600005], [11.43327884200005, 53.98875560100004], [11.438731316000087, 53.997259833000044], [11.44703209700009, 53.99713776200008], [11.451426629000082, 53.985541083000044], [11.444509311000047, 53.968085028000075], [11.445323113000086, 53.96112702000005], [11.457692905000044, 53.961371161000045], [11.468272332000083, 53.970689195000034], [11.497894727000073, 54.022772528000075], [11.468028191000087, 54.030951239000046], [11.426605665000068, 54.02293528900003], [11.39039147200009, 54.00458405200004], [11.375661655000044, 53.98183828300006]]}, "properties": {}}, {"type": "Feature", "geometry": {"type": "LineString", "coordinates": [[11.528493686000047, 54.075100002000056], [11.533946160000085, 54.05695221600007], [11.539561394000089, 54.05695221600007], [11.552744988000086, 54.07306549700007], [11.59896894600007, 54.09804922100005], [11.615896030000044, 54.11212799700007], [11.601898634000065, 54.10415273600006], [11.533946160000085, 54.084865627000056], [11.528575066000087, 54.077460028000075], [11.528493686000047, 54.075100002000056]]}, "properties": {}}, {"type": "Feature", "geometry": {"type": "LineString", "coordinates": [[-4.612131313999953, 54.05695221600007], [-4.5989477199999556, 54.08388906500005], [-4.590931769999941, 54.091050523000035], [-4.5795792309999115, 54.09442780200004], [-4.563832160999937, 54.09682851800005], [-4.549794074999909, 54.10065338700008], [-4.543771938999953, 54.10846588700008], [-4.529286261999914, 54.11908600500004], [-4.474598761999914, 54.14081452000005], [-4.475493943999936, 54.15314362200007], [-4.446888800999943, 54.169134833000044], [-4.412587042999917, 54.18008047100005], [-4.390777147999927, 54.19472890800006], [-4.399159308999913, 54.22207265800006], [-4.371815558999913, 54.23126862200007], [-4.3656306629999335, 54.23505280200004], [-4.3597712879999335, 54.242254950000074], [-4.3543595039999445, 54.25153229400007], [-4.348255988999938, 54.25950755400004], [-4.340809699999909, 54.263006903000075], [-4.326730923999946, 54.28034088700008], [-4.3209529289999296, 54.28351471600007], [-4.311919725999928, 54.287176825000074], [-4.313221808999913, 54.29559967700004], [-4.319406704999949, 54.30459219000005], [-4.324696417999917, 54.310207424000055], [-4.332183397999927, 54.31342194200005], [-4.350493943999936, 54.31476471600007], [-4.358225063999953, 54.317613023000035], [-4.363758917999917, 54.324286200000074], [-4.370228644999941, 54.34088776200008], [-4.375599738999938, 54.34833405200004], [-4.377552863999938, 54.36188385600008], [-4.357085740999935, 54.39940013200004], [-4.351307745999918, 54.41380442900004], [-4.367787238999938, 54.41901276200008], [-4.385731574999909, 54.415716864000046], [-4.404449022999927, 54.40965403900003], [-4.442005988999938, 54.404364325000074], [-4.4953507149999155, 54.38589101800005], [-4.530995245999918, 54.366115627000056], [-4.554595506999931, 54.339178778000075], [-4.598378058999913, 54.276597398000035], [-4.612456834999932, 54.26544830900008], [-4.643055792999917, 54.24941640800006], [-4.663970506999931, 54.23354726800005], [-4.6881404289999296, 54.22378164300005], [-4.7102758449999556, 54.22064850500004], [-4.712269660999937, 54.21662018400008], [-4.711089647999927, 54.20990631700005], [-4.714466925999943, 54.20034414300005], [-4.723784959999932, 54.18545156500005], [-4.727650519999941, 54.17259349200003], [-4.728138800999943, 54.142564195000034], [-4.7371720039999445, 54.12490469000005], [-4.770863410999937, 54.09682851800005], [-4.769683397999927, 54.077460028000075], [-4.777088995999918, 54.076239325000074], [-4.781320766999954, 54.07477448100008], [-4.784820115999935, 54.07306549700007], [-4.790150519999941, 54.07123444200005], [-4.790150519999941, 54.063788153000075], [-4.766224738999938, 54.05923086100006], [-4.7455948559999115, 54.06736888200004], [-4.725982225999928, 54.079006252000056], [-4.704497850999928, 54.084865627000056], [-4.68968665299991, 54.08152903900003], [-4.671009894999941, 54.06704336100006], [-4.656402147999927, 54.063788153000075], [-4.6432185539999296, 54.06659577000005], [-4.6312556629999335, 54.07062409100007], [-4.620757615999935, 54.069647528000075], [-4.612131313999953, 54.05695221600007]]}, "properties": {}}, {"type": "Feature", "geometry": {"type": "LineString", "coordinates": [[8.963145379000082, 54.52366771000004], [8.919200066000087, 54.530462958000044], [8.879649285000085, 54.52912018400008], [8.844493035000085, 54.51972077000005], [8.812836134000065, 54.501939195000034], [8.820974155000044, 54.497259833000044], [8.82553144600007, 54.49119700700004], [8.823741082000083, 54.485541083000044], [8.812836134000065, 54.482123114000046], [8.82390384200005, 54.47085195500006], [8.844493035000085, 54.466498114000046], [8.887950066000087, 54.468451239000046], [8.911306186000047, 54.475490627000056], [8.925791863000086, 54.486761786000045], [8.938487175000091, 54.49909088700008], [8.956879102000073, 54.509426174000055], [8.955821160000085, 54.514960028000075], [8.956309441000087, 54.51943594000005], [8.958506707000083, 54.52244700700004], [8.963145379000082, 54.52366771000004]]}, "properties": {}}, {"type": "Feature", "geometry": {"type": "LineString", "coordinates": [[11.25562584700009, 54.47870514500005], [11.24000084700009, 54.49555084800005], [11.23210696700005, 54.501654364000046], [11.206553582000083, 54.51447174700007], [11.121267123000052, 54.53595612200007], [11.072927280000044, 54.53119538000004], [11.033702019000089, 54.50885651200008], [11.005707227000073, 54.468451239000046], [11.008474155000044, 54.45465729400007], [11.020355665000068, 54.458970445000034], [11.025726759000065, 54.45880768400008], [11.029144727000073, 54.45465729400007], [11.032481316000087, 54.447333075000074], [11.039886915000068, 54.447333075000074], [11.047373894000089, 54.45327383000006], [11.058116082000083, 54.45526764500005], [11.084320509000065, 54.454779364000046], [11.098643425000091, 54.45164622600004], [11.10328209700009, 54.44383372600004], [11.10132897200009, 54.423488674000055], [11.11264082100007, 54.415228583000044], [11.138845248000052, 54.41266510600008], [11.17904707100007, 54.41421133000006], [11.174652540000068, 54.416001695000034], [11.170176629000082, 54.42007070500006], [11.188487175000091, 54.42617422100005], [11.31421959700009, 54.41380442900004], [11.25562584700009, 54.47870514500005]]}, "properties": {}}, {"type": "Feature", "geometry": {"type": "LineString", "coordinates": [[8.332367384000065, 54.693793036000045], [8.342458530000044, 54.70140208500004], [8.353526238000086, 54.70799388200004], [8.356293165000068, 54.70917389500005], [8.35914147200009, 54.70892975500004], [8.36068769600007, 54.71002838700008], [8.360362175000091, 54.714829820000034], [8.338389519000089, 54.710150458000044], [8.320485873000052, 54.69871653900003], [8.291514519000089, 54.66705963700008], [8.311371290000068, 54.65135325700004], [8.330251498000052, 54.63141510600008], [8.353688998000052, 54.61896393400008], [8.387705925000091, 54.62612539300005], [8.401377800000091, 54.63296133000006], [8.382334832000083, 54.63914622600004], [8.332367384000065, 54.693793036000045]]}, "properties": {}}, {"type": "Feature", "geometry": {"type": "LineString", "coordinates": [[8.497569207000083, 54.75641510600008], [8.464121941000087, 54.754787502000056], [8.436778191000087, 54.748480536000045], [8.414235873000052, 54.73578522300005], [8.394541863000086, 54.714829820000034], [8.45281009200005, 54.69383372600004], [8.485199415000068, 54.68805573100008], [8.511241082000083, 54.693793036000045], [8.519867384000065, 54.68960195500006], [8.535166863000086, 54.68618398600006], [8.55209394600007, 54.68500397300005], [8.56576582100007, 54.687567450000074], [8.574066602000073, 54.69440338700008], [8.585459832000083, 54.71360911700003], [8.593760613000086, 54.72166575700004], [8.593760613000086, 54.728501695000034], [8.57593834700009, 54.74640534100007], [8.553233269000089, 54.75446198100008], [8.497569207000083, 54.75641510600008]]}, "properties": {}}, {"type": "Feature", "geometry": {"type": "LineString", "coordinates": [[11.845225457000083, 54.73191966400003], [11.855479363000086, 54.74359772300005], [11.855479363000086, 54.74945709800005], [11.85132897200009, 54.75682200700004], [11.848643425000091, 54.77317942900004], [11.837738477000073, 54.78278229400007], [11.787608269000089, 54.80687083500004], [11.772959832000083, 54.82469310100004], [11.777191602000073, 54.82599518400008], [11.787282748000052, 54.83152903900003], [11.770681186000047, 54.83429596600007], [11.75562584700009, 54.841131903000075], [11.731944207000083, 54.85887278900003], [11.725759311000047, 54.87335846600007], [11.649424675000091, 54.91351959800005], [11.646332227000073, 54.90228913000004], [11.644786004000082, 54.88963450700004], [11.647227410000085, 54.87714264500005], [11.656260613000086, 54.86627838700008], [11.646332227000073, 54.86538320500006], [11.622080925000091, 54.85887278900003], [11.594737175000091, 54.85887278900003], [11.572764519000089, 54.84796784100007], [11.57357832100007, 54.83934153900003], [11.585134311000047, 54.82851797100005], [11.594737175000091, 54.81110260600008], [11.416758660000085, 54.86933014500005], [11.392751498000052, 54.87250397300005], [11.36890709700009, 54.88108958500004], [11.338877800000091, 54.919134833000044], [11.321055535000085, 54.927720445000034], [11.303477410000085, 54.93244049700007], [11.256032748000052, 54.95457591400003], [11.231700066000087, 54.96124909100007], [11.088145379000082, 54.94415924700007], [11.07398522200009, 54.94818756700005], [11.032399936000047, 54.919256903000075], [11.018809441000087, 54.90338776200008], [11.018809441000087, 54.88617584800005], [11.025238477000073, 54.87946198100008], [11.078379754000082, 54.841131903000075], [11.091970248000052, 54.83502838700008], [11.108164910000085, 54.83152903900003], [11.089691602000073, 54.810614325000074], [11.061289910000085, 54.80931224200003], [11.030772332000083, 54.812160549000055], [11.005707227000073, 54.80365631700005], [10.999196811000047, 54.786769924000055], [11.009287957000083, 54.77163320500006], [11.030528191000087, 54.760646877000056], [11.084646030000044, 54.753119208000044], [11.138194207000083, 54.73859284100007], [11.187754754000082, 54.73224518400008], [11.297699415000068, 54.69155508000006], [11.35873457100007, 54.66054922100005], [11.451833530000044, 54.62836334800005], [11.47437584700009, 54.62612539300005], [11.512217644000089, 54.646551825000074], [11.560069207000083, 54.65961334800005], [11.610524936000047, 54.66640859600005], [11.766123894000089, 54.646551825000074], [11.810720248000052, 54.65509674700007], [11.842621290000068, 54.676214911000045], [11.846446160000085, 54.69782135600008], [11.806976759000065, 54.70799388200004], [11.814707879000082, 54.71869538000004], [11.82357832100007, 54.72211334800005], [11.833832227000073, 54.72455475500004], [11.845225457000083, 54.73191966400003]]}, "properties": {}}, {"type": "Feature", "geometry": {"type": "LineString", "coordinates": [[10.450205925000091, 54.89980703300006], [10.463633660000085, 54.882473049000055], [10.460948113000086, 54.87449778900003], [10.446787957000083, 54.872381903000075], [10.426036004000082, 54.87250397300005], [10.415212436000047, 54.87848541900007], [10.403086785000085, 54.90839264500005], [10.388845248000052, 54.92031484600005], [10.39584394600007, 54.90346914300005], [10.391368035000085, 54.89545319200005], [10.379405144000089, 54.89305247600004], [10.364268425000091, 54.893011786000045], [10.349619988000086, 54.89671458500004], [10.33725019600007, 54.905910549000055], [10.313731316000087, 54.927720445000034], [10.28874759200005, 54.940741278000075], [10.203868035000085, 54.968085028000075], [10.18921959700009, 54.97748444200005], [10.195160352000073, 54.96185944200005], [10.211436394000089, 54.93935781500005], [10.383474155000044, 54.83075592700004], [10.406260613000086, 54.82469310100004], [10.418630405000044, 54.827826239000046], [10.440114780000044, 54.841498114000046], [10.518565300000091, 54.851996161000045], [10.508148634000065, 54.85492584800005], [10.498708530000044, 54.85887278900003], [10.499196811000047, 54.87457916900007], [10.48568769600007, 54.883693752000056], [10.466644727000073, 54.89057038000004], [10.450205925000091, 54.89980703300006]]}, "properties": {}}, {"type": "Feature", "geometry": {"type": "LineString", "coordinates": [[-8.55467219509901, 55.0], [-8.565825975999928, 54.995428778000075], [-8.56358801999994, 54.98773834800005], [-8.56273352799991, 54.986395575000074], [-8.563384568999936, 54.98615143400008], [-8.565825975999928, 54.981756903000075], [-8.565825975999928, 54.97553131700005], [-8.549305792999917, 54.968410549000055], [-8.527414516999954, 54.96751536700003], [-8.483957485999952, 54.97553131700005], [-8.48818925699993, 54.99176666900007], [-8.495933850870072, 55.0]]}, "properties": {}}, {"type": "Feature", "geometry": {"type": "LineString", "coordinates": [[8.360362175000091, 54.94818756700005], [8.351573113000086, 54.96674225500004], [8.361989780000044, 54.98680247600004], [8.377298907256204, 55.0]]}, "properties": {}}, {"type": "Feature", "geometry": {"type": "LineString", "coordinates": [[8.352086070648923, 55.0], [8.298024936000047, 54.912543036000045], [8.288584832000083, 54.89130280200004], [8.27702884200005, 54.78278229400007], [8.277842644000089, 54.75641510600008], [8.284434441000087, 54.74237702000005], [8.29070071700005, 54.745306708000044], [8.295746290000068, 54.759100653000075], [8.298350457000083, 54.77692291900007], [8.294932488000086, 54.83152903900003], [8.297862175000091, 54.835598049000055], [8.299327019000089, 54.85529205900008], [8.302012566000087, 54.862616278000075], [8.307139519000089, 54.86538320500006], [8.337412957000083, 54.87759023600006], [8.343923373000052, 54.87909577000005], [8.353526238000086, 54.879339911000045], [8.361989780000044, 54.876939195000034], [8.370616082000083, 54.86823151200008], [8.377126498000052, 54.86627838700008], [8.446055535000085, 54.86627838700008], [8.461192254000082, 54.868801174000055], [8.488780144000089, 54.881293036000045], [8.504405144000089, 54.88617584800005], [8.629405144000089, 54.882147528000075], [8.654470248000052, 54.89362213700008], [8.436534050000091, 54.88727448100008], [8.38835696700005, 54.894232489000046], [8.354502800000091, 54.91274648600006], [8.360362175000091, 54.94818756700005]]}, "properties": {}}, {"type": "Feature", "geometry": {"type": "LineString", "coordinates": [[10.01140384200005, 54.97553131700005], [9.986582879000082, 54.997748114000046], [9.98324478906375, 55.0]]}, "properties": {}}, {"type": "Feature", "geometry": {"type": "LineString", "coordinates": [[9.786923554257184, 55.0], [9.793711785000085, 54.992173570000034], [9.835215691000087, 54.97516510600008], [9.842133009000065, 54.97028229400007], [9.836680535000085, 54.968085028000075], [9.832774285000085, 54.96515534100007], [9.836680535000085, 54.95856354400007], [9.843272332000083, 54.95172760600008], [9.847504102000073, 54.94818756700005], [9.827403191000087, 54.94546133000006], [9.80404707100007, 54.95718008000006], [9.780284050000091, 54.97284577000005], [9.758148634000065, 54.981756903000075], [9.758148634000065, 54.97553131700005], [9.764414910000085, 54.97553131700005], [9.761241082000083, 54.943060614000046], [9.78093509200005, 54.91681549700007], [9.814707879000082, 54.90106842700004], [9.853770379000082, 54.89980703300006], [9.863536004000082, 54.90306224200003], [9.877940300000091, 54.911322333000044], [9.887950066000087, 54.91351959800005], [9.898285352000073, 54.912990627000056], [9.943695509000065, 54.903631903000075], [9.99154707100007, 54.879339911000045], [9.99154707100007, 54.87250397300005], [9.963877800000091, 54.87995026200008], [9.932302280000044, 54.89280833500004], [9.900889519000089, 54.90070221600007], [9.874278191000087, 54.893011786000045], [9.874278191000087, 54.88617584800005], [9.891123894000089, 54.87929922100005], [9.93718509200005, 54.87091705900008], [9.953623894000089, 54.862616278000075], [9.968028191000087, 54.85952383000006], [9.987559441000087, 54.86591217700004], [10.007090691000087, 54.87482330900008], [10.021983269000089, 54.879339911000045], [10.05046634200005, 54.87885163000004], [10.064463738000086, 54.88100820500006], [10.065114780000044, 54.89081452000005], [10.025889519000089, 54.95978424700007], [10.01140384200005, 54.97553131700005]]}, "properties": {}}, {"type": "Feature", "geometry": {"type": "LineString", "coordinates": [[10.802310700352368, 55.0], [10.79818769600007, 54.99656810100004], [10.774099155000044, 54.98655833500004], [10.718272332000083, 54.94916413000004], [10.69703209700009, 54.931341864000046], [10.68295332100007, 54.90729401200008], [10.691905144000089, 54.90298086100006], [10.700368686000047, 54.901556708000044], [10.708994988000086, 54.90298086100006], [10.717784050000091, 54.90729401200008], [10.722178582000083, 54.89606354400007], [10.724457227000073, 54.88617584800005], [10.69890384200005, 54.88117096600007], [10.693858269000089, 54.88275788000004], [10.684418165000068, 54.88784414300005], [10.678558790000068, 54.88304271000004], [10.66928144600007, 54.86627838700008], [10.653493686000047, 54.851629950000074], [10.640879754000082, 54.84320709800005], [10.625336134000065, 54.83930084800005], [10.601084832000083, 54.838324286000045], [10.632090691000087, 54.823431708000044], [10.645518425000091, 54.81460195500006], [10.656423373000052, 54.80365631700005], [10.681895379000082, 54.74481842700004], [10.693858269000089, 54.73529694200005], [10.717539910000085, 54.73578522300005], [10.731293165000068, 54.74005768400008], [10.741058790000068, 54.752386786000045], [10.837738477000073, 54.93724192900004], [10.889903191000087, 54.997381903000075], [10.891421492628815, 55.0]]}, "properties": {}}, {"type": "Feature", "geometry": {"type": "LineString", "coordinates": [[12.0, 54.911514635685585], [11.991465691000087, 54.91632721600007], [11.98218834700009, 54.92031484600005], [11.98023522200009, 54.924261786000045], [11.965993686000047, 54.942613023000035], [11.957855665000068, 54.94818756700005], [11.932383660000085, 54.941473700000074], [11.923675977000073, 54.94082265800006], [11.928558790000068, 54.93138255400004], [11.931162957000083, 54.927720445000034], [11.918467644000089, 54.921942450000074], [11.903330925000091, 54.92300039300005], [11.890147332000083, 54.92963288000004], [11.882823113000086, 54.94082265800006], [11.885020379000082, 54.955145575000074], [11.894379102000073, 54.96499258000006], [11.901540561000047, 54.97638580900008], [11.897146030000044, 54.995428778000075], [11.904633009000065, 54.99656810100004], [11.908376498000052, 54.99860260600008], [11.910190658758417, 55.0]]}, "properties": {}}, {"type": "Feature", "geometry": {"type": "LineString", "coordinates": [[11.955015528226232, 55.0], [11.998057488000086, 54.97650788000004], [12.0, 54.97603923197069]]}, "properties": {}}, {"type": "Feature", "geometry": {"type": "LineString", "coordinates": [[11.86589981826454, 55.0], [11.872325066000087, 54.989569403000075], [11.882823113000086, 54.981756903000075], [11.882823113000086, 54.97553131700005], [11.862478061000047, 54.96369049700007], [11.848317905000044, 54.95913320500006], [11.841807488000086, 54.96466705900008], [11.83757571700005, 54.966131903000075], [11.814789259000065, 54.95209381700005], [11.803965691000087, 54.94818756700005], [11.792979363000086, 54.95132070500006], [11.773610873000052, 54.96503327000005], [11.759287957000083, 54.968085028000075], [11.74976647200009, 54.965725002000056], [11.711436394000089, 54.94818756700005], [11.711436394000089, 54.94082265800006], [11.731944207000083, 54.93528880400004], [11.742035352000073, 54.925441799000055], [11.745371941000087, 54.911322333000044], [11.745616082000083, 54.893011786000045], [11.74968509200005, 54.873114325000074], [11.760590040000068, 54.86322663000004], [11.776052280000044, 54.85614655200004], [11.793467644000089, 54.84454987200007], [11.799815300000091, 54.83657461100006], [11.800059441000087, 54.83120351800005], [11.798838738000086, 54.825873114000046], [11.800954623000052, 54.81785716400003], [11.805430535000085, 54.80951569200005], [11.809092644000089, 54.80491771000004], [11.855479363000086, 54.77692291900007], [11.865244988000086, 54.76544830900008], [11.871429884000065, 54.76032135600008], [11.882823113000086, 54.75641510600008], [11.872325066000087, 54.739935614000046], [11.875824415000068, 54.729722398000035], [11.889903191000087, 54.72418854400007], [11.910166863000086, 54.72166575700004], [11.882660352000073, 54.69643789300005], [11.870616082000083, 54.68036530200004], [11.869151238000086, 54.65961334800005], [11.87663821700005, 54.64695872600004], [11.909353061000047, 54.60952383000006], [11.923675977000073, 54.59813060100004], [11.928233269000089, 54.583970445000034], [11.949066602000073, 54.56858958500004], [11.969004754000082, 54.56976959800005], [11.971446160000085, 54.60561758000006], [11.960215691000087, 54.66233958500004], [11.96070397200009, 54.69407786700003], [11.975271030000044, 54.70799388200004], [11.985850457000083, 54.71230703300006], [12.0, 54.72221171331075]]}, "properties": {}}, {"type": "Feature", "geometry": {"type": "LineString", "coordinates": [[-2.3637589179999168, 49.44684479400007], [-2.366118943999936, 49.445746161000045], [-2.369862433999913, 49.44208405200004], [-2.3726293609999516, 49.43805573100008], [-2.3754776679999168, 49.43545156500005], [-2.375884568999936, 49.43040599200003], [-2.3731176419999542, 49.424261786000045], [-2.3748266269999476, 49.419175523000035], [-2.378081834999932, 49.41274648600006], [-2.3735245429999168, 49.41156647300005], [-2.3646541009999282, 49.41787344000005], [-2.354400193999936, 49.427801825000074], [-2.356353318999936, 49.44037506700005], [-2.3637589179999168, 49.44684479400007]]}, "properties": {}}, {"type": "Feature", "geometry": {"type": "LineString", "coordinates": [[-2.1744685539999296, 49.73139069200005], [-2.178618943999936, 49.730902411000045], [-2.1948136059999115, 49.72479889500005], [-2.204701300999943, 49.72410716400009], [-2.218495245999918, 49.71869538000004], [-2.226226365999935, 49.70783112200007], [-2.2168676419999542, 49.70302969000005], [-2.200835740999935, 49.70571523600006], [-2.1878962879999335, 49.710638739000046], [-2.1703181629999335, 49.72321198100008], [-2.1703181629999335, 49.72874583500004], [-2.1744685539999296, 49.73139069200005]]}, "properties": {}}, {"type": "Feature", "geometry": {"type": "LineString", "coordinates": [[-6.298817511999914, 49.93549225500004], [-6.307443813999953, 49.927435614000046], [-6.309152798999946, 49.91364166900007], [-6.2972712879999335, 49.90961334800005], [-6.2875056629999335, 49.91400788000004], [-6.284169074999909, 49.922756252000056], [-6.2922257149999155, 49.932074286000045], [-6.298817511999914, 49.93549225500004]]}, "properties": {}}, {"type": "Feature", "geometry": {"type": "LineString", "coordinates": [[-6.333648240999935, 49.95970286700003], [-6.336822068999936, 49.960923570000034], [-6.341786261999914, 49.96360911700003], [-6.3489477199999556, 49.96434153900009], [-6.3480525379999335, 49.95620351800005], [-6.341216600999928, 49.94476959800005], [-6.332508917999917, 49.94171784100007], [-6.32648678299995, 49.949204820000034], [-6.328033006999931, 49.95661041900007], [-6.333648240999935, 49.95970286700003]]}, "properties": {}}, {"type": "Feature", "geometry": {"type": "LineString", "coordinates": [[-4.665435350999928, 51.183579820000034], [-4.666981574999909, 51.18768952000005], [-4.6712133449999556, 51.19505442900004], [-4.6764216789999296, 51.19310130400004], [-4.679798956999946, 51.180568752000056], [-4.678537563999953, 51.16705963700008], [-4.670480923999946, 51.16010163000004], [-4.663482225999928, 51.16486237200007], [-4.663970506999931, 51.177069403000075], [-4.665435350999928, 51.183579820000034]]}, "properties": {}}, {"type": "Feature", "geometry": {"type": "LineString", "coordinates": [[-9.816965298999946, 51.63886139500005], [-9.82408606699994, 51.63890208500004], [-9.858265753999945, 51.64240143400008], [-9.881662563999953, 51.641058661000045], [-9.900990363999938, 51.63666413000004], [-9.915516730999911, 51.62905508000006], [-9.91787675699993, 51.61937083500004], [-9.902699347999942, 51.61432526200008], [-9.892160610999952, 51.61127350500004], [-9.813547329999949, 51.62763092700004], [-9.807362433999913, 51.62970612200007], [-9.799305792999917, 51.636786200000074], [-9.807199673999946, 51.640285549000055], [-9.816965298999946, 51.63886139500005]]}, "properties": {}}, {"type": "Feature", "geometry": {"type": "LineString", "coordinates": [[-9.64834550699993, 53.10171133000006], [-9.671538865999935, 53.10919830900008], [-9.672230597999942, 53.11591217700004], [-9.663441535999937, 53.12319570500006], [-9.671050584999932, 53.130519924000055], [-9.696685350999928, 53.13654205900008], [-9.715687628999945, 53.13825104400007], [-9.740061001999948, 53.135199286000045], [-9.75218665299991, 53.13540273600006], [-9.777495897999927, 53.14679596600007], [-9.801177537999934, 53.146470445000034], [-9.811431443999936, 53.137600002000056], [-9.778716600999928, 53.123480536000045], [-9.660511847999942, 53.09064362200007], [-9.64244544199994, 53.093817450000074], [-9.64093990799995, 53.101548570000034], [-9.645090298999946, 53.10260651200008], [-9.64834550699993, 53.10171133000006]]}, "properties": {}}, {"type": "Feature", "geometry": {"type": "LineString", "coordinates": [[8.63453209700009, 54.542629299000055], [8.627452019000089, 54.539943752000056], [8.620127800000091, 54.53790924700007], [8.602061394000089, 54.52977122600004], [8.595876498000052, 54.513657945000034], [8.606130405000044, 54.499212958000044], [8.61882571700005, 54.492621161000045], [8.641286655000044, 54.49237702000005], [8.669769727000073, 54.50189850500004], [8.692881707000083, 54.52326080900008], [8.70093834700009, 54.547756252000056], [8.69890384200005, 54.558579820000034], [8.63453209700009, 54.542629299000055]]}, "properties": {}}, {"type": "Feature", "geometry": {"type": "LineString", "coordinates": [[-9.041127081999946, 38.867621161000045], [-9.043934699999909, 38.86579010600008], [-9.050119594999956, 38.86172109600005], [-9.061390753999945, 38.85224030200004], [-9.07140051999994, 38.837591864000046], [-9.079660610999952, 38.82013580900008], [-9.073150193999936, 38.81818268400008], [-9.05455481699994, 38.83299388200004], [-9.041411912999934, 38.84918854400007], [-9.034575975999928, 38.86420319200005], [-9.035267706999946, 38.87055084800005], [-9.041127081999946, 38.867621161000045]]}, "properties": {}}, {"type": "Feature", "geometry": {"type": "LineString", "coordinates": [[2.9853665330000467, 39.16617614000006], [2.9823079660000644, 39.13918350800009], [2.962154470000087, 39.11606223500007], [2.9308667600000717, 39.11817588900004], [2.9136141930000576, 39.15196267500005], [2.9404242310000654, 39.17193037800007], [2.980582428000048, 39.185560431000056], [2.9853665330000467, 39.16617614000006]]}, "properties": {}}, {"type": "Feature", "geometry": {"type": "LineString", "coordinates": [[9.474782748000052, 41.23607005400004], [9.468028191000087, 41.241115627000056], [9.459971550000091, 41.24237702000005], [9.453868035000085, 41.23395416900007], [9.446462436000047, 41.220404364000046], [9.443532748000052, 41.21149323100008], [9.447764519000089, 41.205064195000034], [9.437022332000083, 41.18593984600005], [9.441661004000082, 41.18305084800005], [9.448741082000083, 41.185532945000034], [9.45639082100007, 41.18065013200004], [9.464366082000083, 41.17267487200007], [9.47038821700005, 41.17210521000004], [9.474864129000082, 41.17926666900007], [9.47437584700009, 41.18427155200004], [9.471039259000065, 41.18960195500006], [9.479258660000085, 41.21694570500006], [9.479502800000091, 41.22418854400007], [9.478363477000073, 41.22846100500004], [9.474782748000052, 41.23607005400004]]}, "properties": {}}, {"type": "Feature", "geometry": {"type": "LineString", "coordinates": [[9.430918816000087, 41.22479889500005], [9.42904707100007, 41.229396877000056], [9.430430535000085, 41.23777903900009], [9.430511915000068, 41.24628327000005], [9.42741946700005, 41.25409577000005], [9.421885613000086, 41.26089101800005], [9.414235873000052, 41.26243724200003], [9.40796959700009, 41.25812409100007], [9.402191602000073, 41.257513739000046], [9.397959832000083, 41.25604889500005], [9.39625084700009, 41.247748114000046], [9.391856316000087, 41.24070872600004], [9.384938998000052, 41.23651764500005], [9.377614780000044, 41.23383209800005], [9.373057488000086, 41.22988515800006], [9.373057488000086, 41.221909898000035], [9.376963738000086, 41.213324286000045], [9.395274285000085, 41.210598049000055], [9.43531334700009, 41.21702708500004], [9.434255405000044, 41.22060781500005], [9.430918816000087, 41.22479889500005]]}, "properties": {}}, {"type": "Feature", "geometry": {"type": "LineString", "coordinates": [[10.297048373000052, 42.34487539300005], [10.294444207000083, 42.32802969000005], [10.313243035000085, 42.323919989000046], [10.315928582000083, 42.34076569200005], [10.30640709700009, 42.351548570000034], [10.297048373000052, 42.34487539300005]]}, "properties": {}}, {"type": "Feature", "geometry": {"type": "LineString", "coordinates": [[10.091644727000073, 42.595770575000074], [10.08765709700009, 42.60398997600004], [10.084320509000065, 42.61469147300005], [10.07943769600007, 42.61391836100006], [10.072601759000065, 42.60040924700007], [10.062754754000082, 42.59202708500004], [10.052582227000073, 42.58901601800005], [10.050303582000083, 42.58193594000005], [10.058604363000086, 42.57599518400008], [10.071787957000083, 42.57273997600004], [10.085785352000073, 42.57245514500005], [10.09538821700005, 42.57697174700007], [10.097911004000082, 42.58388906500005], [10.097911004000082, 42.587958075000074], [10.096039259000065, 42.590725002000056], [10.091644727000073, 42.595770575000074]]}, "properties": {}}, {"type": "Feature", "geometry": {"type": "LineString", "coordinates": [[6.2350366550000444, 43.02240631700005], [6.233393453000076, 43.01558154300005], [6.221039259000065, 43.014960028000075], [6.218272332000083, 43.01544830900008], [6.215017123000052, 43.01471588700008], [6.2115991550000444, 43.01162344000005], [6.202972852000073, 43.00800202000005], [6.1751408210000704, 43.008978583000044], [6.1647241550000444, 43.005072333000044], [6.166188998000052, 42.999660549000055], [6.1901147800000444, 42.99017975500004], [6.2024845710000704, 42.98712799700007], [6.21648196700005, 42.99038320500006], [6.23023522200009, 42.995347398000035], [6.252208826000071, 43.00263219800007], [6.251004127000044, 43.017296825000074], [6.241884786000071, 43.02564971800007], [6.2350366550000444, 43.02240631700005]]}, "properties": {}}, {"type": "Feature", "geometry": {"type": "LineString", "coordinates": [[7.904144727000073, 54.18040599200003], [7.8991805350000845, 54.178168036000045], [7.897715691000087, 54.18231842700004], [7.893565300000091, 54.18309153900003], [7.89039147200009, 54.187567450000074], [7.885915561000047, 54.190659898000035], [7.879893425000091, 54.19391510600008], [7.894541863000086, 54.194647528000075], [7.900645379000082, 54.190659898000035], [7.904144727000073, 54.18040599200003]]}, "properties": {}}, {"type": "Feature", "geometry": {"type": "LineString", "coordinates": [[7.912364129000082, 54.192287502000056], [7.91765384200005, 54.18699778900003], [7.933441602000073, 54.189886786000045], [7.929860873000052, 54.195298570000034], [7.912364129000082, 54.192287502000056]]}, "properties": {}}, {"type": "Feature", "geometry": {"type": "LineString", "coordinates": [[-4.810373501999948, 54.05975983300016], [-4.80101477799991, 54.057928778000075], [-4.8080948559999115, 54.04621002800019], [-4.8122045559999265, 54.04043203300006], [-4.816558397999927, 54.04368724200003], [-4.823841925999943, 54.0426699890001], [-4.830596482999908, 54.04962799700013], [-4.827788865999935, 54.05475495000002], [-4.810373501999948, 54.05975983300016]]}, "properties": {}}]}