{"type": "FeatureCollection", "features": [{"type": "Feature", "geometry": {"type": "LineString", "coordinates": [[8.480558408705424, 55.0], [8.487109416000067, 54.993285217000036], [8.487832886000149, 54.99318186400011], [8.48855635600006, 54.993026836000055], [8.489279826000143, 54.99271677600008], [8.489899943000125, 54.99225168900004], [8.52834720800007, 54.98274322600007], [8.542506551000116, 54.97344146800005], [8.547777547000067, 54.95499298100002], [8.549121134000103, 54.932772116000095], [8.555425659000122, 54.9195946250001], [8.568861532000085, 54.91287668900007], [8.660775934000071, 54.89631115600007], [8.660816132506028, 54.89630391111005]]}, "properties": {}}, {"type": "Feature", "geometry": {"type": "LineString", "coordinates": [[9.437503027053964, 54.81041112738269], [9.437535782000083, 54.81042619600005], [9.585647013000141, 54.87856353800005], [9.592054891000089, 54.87448109900005], [9.595362183000077, 54.86507598900009], [9.604663941000098, 54.85422393900005], [9.638667033000047, 54.8378425100001], [9.67907800200004, 54.82750722300007], [9.760416707000047, 54.81939402300007], [9.88547367400011, 54.830814515000085], [9.923817586000041, 54.824096578000066], [10.038745972000072, 54.76802764900002]]}, "properties": {}}, {"type": "Feature", "geometry": {"type": "LineString", "coordinates": [[6.101156861000078, 50.063405254000045], [6.099399861000109, 50.06412872300005], [6.105704386000127, 50.09224070200007], [6.110561971000038, 50.10598663400002], [6.11748661300004, 50.12045603500006]]}, "properties": {}}, {"type": "Feature", "geometry": {"type": "LineString", "coordinates": [[6.161928345000092, 49.942482402000095], [6.153970174000051, 49.951215719000075], [6.138777303000097, 49.97932769800009], [6.12151737500011, 49.996277568000025], [6.117176554000139, 50.00439076800011], [6.119967081000084, 50.01550120000003], [6.113765910000012, 50.03637848000001], [6.10725467900005, 50.04459503200003], [6.096402629000096, 50.04862579400013], [6.105704386000127, 50.060304668000086], [6.10942509000003, 50.063560283000086], [6.1071513270001105, 50.06376698800004]]}, "properties": {}}, {"type": "Feature", "geometry": {"type": "LineString", "coordinates": [[6.1071513270001105, 50.06376698800004], [6.101156861000078, 50.063405254000045]]}, "properties": {}}, {"type": "Feature", "geometry": {"type": "LineString", "coordinates": [[6.310653116000111, 49.834478659000055], [6.30259159400012, 49.83494374700008], [6.301558065000052, 49.83830271400008], [6.2955678920000935, 49.84861569200011], [6.291532837000119, 49.855562643000084], [6.286778605000109, 49.86104034500006], [6.27220585200007, 49.867138164000025], [6.238306111000043, 49.87690500900008], [6.222699829000106, 49.887136943000044], [6.18983361800008, 49.93829661100004], [6.172677043000107, 49.95622833300003]]}, "properties": {}}, {"type": "Feature", "geometry": {"type": "LineString", "coordinates": [[6.172677043000107, 49.95622833300003], [6.161928345000092, 49.942482402000095]]}, "properties": {}}, {"type": "Feature", "geometry": {"type": "LineString", "coordinates": [[6.414522746000046, 49.80548818000007], [6.397056111000097, 49.80858876600011], [6.380106242000068, 49.81556508400011], [6.351374145000079, 49.83329010000001], [6.33442427500006, 49.8402147420001], [6.325639282000083, 49.840369772000045]]}, "properties": {}}, {"type": "Feature", "geometry": {"type": "LineString", "coordinates": [[6.325639282000083, 49.840369772000045], [6.310653116000111, 49.834478659000055]]}, "properties": {}}, {"type": "Feature", "geometry": {"type": "LineString", "coordinates": [[6.502579387000139, 49.79566965800011], [6.4972050370001, 49.79944203800004], [6.493277629000119, 49.79959706600006], [6.462478475000069, 49.80548818000007]]}, "properties": {}}, {"type": "Feature", "geometry": {"type": "LineString", "coordinates": [[6.462478475000069, 49.80548818000007], [6.414522746000046, 49.80548818000007]]}, "properties": {}}, {"type": "Feature", "geometry": {"type": "LineString", "coordinates": [[6.502269327000079, 49.79587636300006], [6.502579387000139, 49.79566965800011]]}, "properties": {}}, {"type": "Feature", "geometry": {"type": "LineString", "coordinates": [[6.499685506000077, 49.71221221900002], [6.492554158000132, 49.71841339100011], [6.487799926000122, 49.72559641600007], [6.485526163000117, 49.73376129200007], [6.486249634000018, 49.74270131500002], [6.495964803000049, 49.748230693000025], [6.49637821400006, 49.752106425000065], [6.493691040000044, 49.75655059800006], [6.493794392000069, 49.76363026899999], [6.498548624000051, 49.78538604800009], [6.499995564000045, 49.78605784100007], [6.500098918000077, 49.794481100000084], [6.502269327000079, 49.79587636300006]]}, "properties": {}}, {"type": "Feature", "geometry": {"type": "LineString", "coordinates": [[6.49100386500001, 49.71443430600003], [6.499685506000077, 49.71221221900002]]}, "properties": {}}, {"type": "Feature", "geometry": {"type": "LineString", "coordinates": [[6.345307071000093, 49.4553486520001], [6.345379679000132, 49.46271840400003], [6.342279094000105, 49.493000794000054], [6.348808550000058, 49.52528975500012], [6.350754028000097, 49.534910381000046], [6.350754028000097, 49.56658803400005], [6.356438435000143, 49.577595113000044], [6.371527954000044, 49.592994690000026], [6.397572876000112, 49.6138719690001], [6.407701457000087, 49.62741119400009], [6.415246216000128, 49.63464589400006], [6.417933390000144, 49.63914174500006], [6.417003215000108, 49.64575632700006], [6.410905396000146, 49.64963206000003], [6.404497518000113, 49.65247426399999], [6.402740519000133, 49.65578155499999], [6.418243449000045, 49.66988922200004], [6.49172733600011, 49.70079172800003], [6.4897636310000735, 49.70296213800002], [6.482942342000115, 49.7080781050001], [6.486352986000043, 49.71293569000004], [6.49100386500001, 49.71443430600003]]}, "properties": {}}, {"type": "Feature", "geometry": {"type": "LineString", "coordinates": [[2.521799927545686, 51.08754088371883], [2.5370333250000954, 51.06461029100008], [2.547058553000113, 51.0204786180001], [2.5569804280001165, 51.00117747000006], [2.592740519000131, 50.97611440000013], [2.6084501540000815, 50.96112823500006], [2.6116540930000554, 50.941232809000056], [2.6057629800000655, 50.93523834300002], [2.582715291000113, 50.92066558900008], [2.5769275310001376, 50.91151886000007], [2.5966679280001017, 50.86764556900006], [2.595531046000076, 50.861134339], [2.5877795820000813, 50.85002390600006], [2.5867460530000983, 50.845424704000024], [2.589949992000072, 50.84201405900011], [2.6020422770000664, 50.83808664900003], [2.6065898030000767, 50.83483103400006], [2.6151680910000152, 50.822170309000015], [2.620439087000136, 50.81648590200005], [2.6277771400001484, 50.814418844], [2.6424532470000486, 50.81245513900008], [2.6506181230000436, 50.8122484340001]]}, "properties": {}}, {"type": "Feature", "geometry": {"type": "LineString", "coordinates": [[2.6692216390001136, 50.81390207900007], [2.678730102000088, 50.81323028600006], [2.6918559160000655, 50.808837789000094], [2.696920207000119, 50.8030500280001], [2.700020792000089, 50.79628041600007], [2.706635376000065, 50.78878733400005], [2.7438424070000735, 50.766204732000105], [2.7495268150001095, 50.75959014900009], [2.7629626870000834, 50.73938466500003], [2.768233683000119, 50.733235169000054], [2.7867338460000326, 50.72336497000005], [2.8667258840000898, 50.700091003000026], [2.8712764890001097, 50.69876698900008], [2.886882772000149, 50.696648255000085]]}, "properties": {}}, {"type": "Feature", "geometry": {"type": "LineString", "coordinates": [[2.6506181230000436, 50.8122484340001], [2.6692216390001136, 50.81390207900007]]}, "properties": {}}, {"type": "Feature", "geometry": {"type": "LineString", "coordinates": [[3.103303671000049, 50.784084778000064], [3.1292452390000847, 50.7790721650001], [3.1461951090001037, 50.768891907000025], [3.162810519000061, 50.74993907500003], [3.162822752000096, 50.74992512100003], [3.1766842040000824, 50.73411366800009], [3.1889831950000485, 50.715096742000114], [3.1969413650001, 50.70920562800002], [3.210997355000103, 50.707965394000084], [3.224433227000077, 50.705174866000036], [3.232391398000118, 50.695924785], [3.2437602130001153, 50.67210195000003], [3.2298075760000415, 50.65541046200009], [3.237869100000097, 50.626471660000036], [3.2643274330000907, 50.570196025000044], [3.265877726000042, 50.53831166600007], [3.2710453700001096, 50.5269428510001], [3.2867550050000887, 50.51407542], [3.299880819000066, 50.50746083600011], [3.343599080000047, 50.492939759000066], [3.361065714000091, 50.48978749700008]]}, "properties": {}}, {"type": "Feature", "geometry": {"type": "LineString", "coordinates": [[2.886882772000149, 50.696648255000085], [2.9001119380000375, 50.70310780900006], [2.930187622000119, 50.736232402000056], [2.9483777260000466, 50.748686422000034], [2.9714254150001125, 50.757833150000025], [3.023816593000049, 50.76826211600006], [3.103303671000049, 50.784084778000064]]}, "properties": {}}, {"type": "Feature", "geometry": {"type": "LineString", "coordinates": [[3.4771309820001193, 50.51986318000006], [3.4914970290001293, 50.517072652000095], [3.4980082600000912, 50.511853332], [3.496457967000083, 50.50379181000001], [3.4867427980001366, 50.49268137600008], [3.4991451420000885, 50.48679026300009], [3.56374068100007, 50.48653188100012], [3.5863749590000964, 50.48348297100007], [3.6082857660000514, 50.47650665300007], [3.6281295170000476, 50.46436269200008], [3.644355916000052, 50.44550079300005], [3.6528308510001466, 50.40684682200005], [3.6529342040000756, 50.36018300400009], [3.661719198000071, 50.31930694600008], [3.6968591720001314, 50.298222962000054]]}, "properties": {}}, {"type": "Feature", "geometry": {"type": "LineString", "coordinates": [[3.361065714000091, 50.48978749700008], [3.385353637000094, 50.491647848000085], [3.4291752520000784, 50.50182810500006], [3.4427144770000666, 50.50849436500009], [3.45263635200007, 50.514850566000106], [3.4628682860000595, 50.51913971000006], [3.4771309820001193, 50.51986318000006]]}, "properties": {}}, {"type": "Feature", "geometry": {"type": "LineString", "coordinates": [[3.798661743000082, 50.348452454], [3.8402095950000614, 50.345196839000025], [3.8608801680000795, 50.33847890200009], [3.8780367430000524, 50.330779114000094], [3.895916789000097, 50.32530141300002]]}, "properties": {}}, {"type": "Feature", "geometry": {"type": "LineString", "coordinates": [[3.7038871670001186, 50.30432078000011], [3.7084346920000826, 50.30633616200005], [3.711121867000088, 50.30933339500005], [3.7154626870000698, 50.31765330000003], [3.733446085000054, 50.33723866800004], [3.7415076090000525, 50.34312978100006], [3.7550468340000407, 50.34633372100002], [3.798661743000082, 50.348452454]]}, "properties": {}}, {"type": "Feature", "geometry": {"type": "LineString", "coordinates": [[4.003300415000098, 50.344059957000084], [4.022730753000076, 50.33811716700008], [4.055907023000088, 50.31455271500009], [4.077197713000146, 50.30664622000005], [4.097868286000079, 50.29481231700002], [4.125256795000041, 50.25714019800007], [4.143653605000111, 50.25161082000007]]}, "properties": {}}, {"type": "Feature", "geometry": {"type": "LineString", "coordinates": [[3.895916789000097, 50.32530141300002], [3.918551066000049, 50.32545644100004], [3.982113077000122, 50.34261301700009], [4.003300415000098, 50.344059957000084]]}, "properties": {}}, {"type": "Feature", "geometry": {"type": "LineString", "coordinates": [[3.702233520000078, 50.30525095600005], [3.7038871670001186, 50.30432078000011]]}, "properties": {}}, {"type": "Feature", "geometry": {"type": "LineString", "coordinates": [[3.6968591720001314, 50.298222962000054], [3.7007865800000843, 50.304682516000085], [3.702233520000078, 50.30525095600005]]}, "properties": {}}, {"type": "Feature", "geometry": {"type": "LineString", "coordinates": [[4.162773885000121, 50.272953187000084], [4.17176558500006, 50.27088612900012], [4.185201457000119, 50.26546010400004], [4.197603800000081, 50.25848378500005], [4.203701619000128, 50.25197255400009], [4.20132450300008, 50.24153391600005], [4.19150598100012, 50.234299215000064], [4.167941528000114, 50.22246531200007], [4.157296183000113, 50.212698466000106], [4.152748657000103, 50.20453359], [4.147374308000025, 50.18634348600004], [4.128150675000114, 50.146242575000045], [4.125773559000066, 50.12815582300003], [4.139932902000112, 50.12355662000009]]}, "properties": {}}, {"type": "Feature", "geometry": {"type": "LineString", "coordinates": [[4.143653605000111, 50.25161082000007], [4.150991658000123, 50.256261698000046], [4.149751424000073, 50.26313466500001], [4.150268189000116, 50.26954254200005], [4.162773885000121, 50.272953187000084]]}, "properties": {}}, {"type": "Feature", "geometry": {"type": "LineString", "coordinates": [[4.815550578000085, 50.16133209200005], [4.820098103000106, 50.14644928000011], [4.831363566000078, 50.143400371000084]]}, "properties": {}}, {"type": "Feature", "geometry": {"type": "LineString", "coordinates": [[4.435108683000095, 49.932250468000106], [4.464770956000081, 49.935609436000036], [4.60419396900005, 49.98020619800003], [4.645845174000073, 49.9844953420001], [4.6566972250001015, 49.989094544000054], [4.665895629000119, 50.00051503500005], [4.672923624000134, 50.01637970000006], [4.680571737000093, 50.04831573500006], [4.6795382080001104, 50.0551887000001], [4.675817505000111, 50.06020131500007], [4.6734403890000635, 50.06619578100002], [4.676127563000108, 50.07606598000008], [4.681915324000073, 50.08392079700012], [4.788575480000134, 50.153373922000085], [4.815550578000085, 50.16133209200005]]}, "properties": {}}, {"type": "Feature", "geometry": {"type": "LineString", "coordinates": [[4.862679484000097, 50.147586162000025], [4.871877889000075, 50.139783019999996], [4.870534302000124, 50.12226471000004], [4.865159953000074, 50.10159413700002], [4.86288619000004, 50.08407582700006]]}, "properties": {}}, {"type": "Feature", "geometry": {"type": "LineString", "coordinates": [[4.831363566000078, 50.143400371000084], [4.862679484000097, 50.147586162000025]]}, "properties": {}}, {"type": "Feature", "geometry": {"type": "LineString", "coordinates": [[4.170628703000148, 50.13048126200006], [4.180550578000037, 50.12722564700009], [4.197397095000042, 50.08407582700006], [4.203391561000046, 50.074670716000114], [4.210316203000048, 50.066712545000044], [4.210006144000147, 50.060149638000055], [4.186028279000141, 50.05244984900007], [4.162877238000135, 50.04180450500009], [4.14458378100008, 50.030797425000074], [4.137349080000092, 50.025061341000125], [4.132284790000114, 50.017568258], [4.128150675000114, 50.005786031000085], [4.132904907000096, 50.004494121000036], [4.138382609000075, 49.98919789700007], [4.139622843000041, 49.97452179]]}, "properties": {}}, {"type": "Feature", "geometry": {"type": "LineString", "coordinates": [[4.139932902000112, 50.12355662000009], [4.159880005000048, 50.12939605800007], [4.170628703000148, 50.13048126200006]]}, "properties": {}}, {"type": "Feature", "geometry": {"type": "LineString", "coordinates": [[4.86288619000004, 50.08407582700006], [4.852137492000111, 50.09162058600002]]}, "properties": {}}, {"type": "Feature", "geometry": {"type": "LineString", "coordinates": [[4.852137492000111, 50.09162058600002], [4.846039673000064, 50.09069041000005], [4.827229451000051, 50.064077047000026], [4.826092570000128, 50.05503367200008], [4.827642863000079, 50.046713766000025], [4.826712687000111, 50.03601674400001], [4.78826542200008, 49.97426340800003], [4.783924601000081, 49.95829539000009], [4.797257120000097, 49.944291077000074], [4.84459273300007, 49.93173370400008], [4.860199016000109, 49.91333689400007], [4.8619560140001, 49.90031443300005], [4.85937219200008, 49.891684469], [4.854307902000102, 49.88331288700003], [4.848933553000052, 49.87106557200009], [4.8456262610000636, 49.86584625300007], [4.836737915000128, 49.85912831700004], [4.834877564000124, 49.85303049800008], [4.836944620000082, 49.848017884000015], [4.846763142000071, 49.837527568000084], [4.849243611000134, 49.83158477800005], [4.849036906000066, 49.7941710410001], [4.858028605000129, 49.78657460500004], [4.884176879000023, 49.78414581300008]]}, "properties": {}}, {"type": "Feature", "geometry": {"type": "LineString", "coordinates": [[4.139622843000041, 49.97452179], [4.132364978000112, 49.97494595100001], [4.131664672000056, 49.974986878000024]]}, "properties": {}}, {"type": "Feature", "geometry": {"type": "LineString", "coordinates": [[4.131664672000056, 49.974986878000024], [4.187681925000078, 49.95550486300003], [4.201117798000041, 49.95302439400005]]}, "properties": {}}, {"type": "Feature", "geometry": {"type": "LineString", "coordinates": [[4.27759891700012, 49.960155742], [4.427651209000089, 49.93357167400008], [4.435108683000095, 49.932250468000106]]}, "properties": {}}, {"type": "Feature", "geometry": {"type": "LineString", "coordinates": [[4.201117798000041, 49.95302439400005], [4.215952935000132, 49.95440767000012], [4.27759891700012, 49.960155742]]}, "properties": {}}, {"type": "Feature", "geometry": {"type": "LineString", "coordinates": [[4.970993286000123, 49.797064922000075], [4.989080037000122, 49.79055369100011], [5.026287068000045, 49.76673085600005], [5.0462341720001405, 49.75939280200005], [5.0818909090000375, 49.75272654300004], [5.093776489000078, 49.74533681200002], [5.13635787000004, 49.705339254000066], [5.151240682000093, 49.69598582000002], [5.1694307860001345, 49.687200827000126], [5.192478475000087, 49.682808329000025]]}, "properties": {}}, {"type": "Feature", "geometry": {"type": "LineString", "coordinates": [[4.884176879000023, 49.78414581300008], [4.906604451000106, 49.786471252000084], [4.950012654000119, 49.79639312799999], [4.968370957000019, 49.79698095600007], [4.970993286000123, 49.797064922000075]]}, "properties": {}}, {"type": "Feature", "geometry": {"type": "LineString", "coordinates": [[5.259244425000134, 49.69133494100005], [5.280121704000095, 49.67789906900002], [5.299448690000048, 49.66249949200001], [5.306373332000135, 49.647513327000055], [5.301825806000096, 49.64389597600005], [5.293764282000012, 49.64053700800004], [5.29066369700007, 49.62637766600001], [5.2930408120001005, 49.617179261000004], [5.29789839700004, 49.61325185200003], [5.314538208000073, 49.61113311800007]]}, "properties": {}}, {"type": "Feature", "geometry": {"type": "LineString", "coordinates": [[5.192478475000087, 49.682808329000025], [5.237643677000079, 49.690973206000066], [5.259244425000134, 49.69133494100005]]}, "properties": {}}, {"type": "Feature", "geometry": {"type": "LineString", "coordinates": [[5.3348987220000765, 49.625809225000054], [5.341099894000081, 49.62513743200007], [5.352468709000078, 49.62069325800006], [5.3834745690001, 49.61330352800006], [5.391165749000066, 49.608817005999995], [5.402078084000038, 49.602451477], [5.450240519000118, 49.545762431000085], [5.454374633000043, 49.53661570300001], [5.454167928000089, 49.52617706300008], [5.450963989000115, 49.51677195200001], [5.4499304610000365, 49.50783193000008], [5.456131633000041, 49.49894358400009], [5.477732381000095, 49.49522288100006]]}, "properties": {}}, {"type": "Feature", "geometry": {"type": "LineString", "coordinates": [[5.314538208000073, 49.61113311800007], [5.321669555000085, 49.61258005800006], [5.326940552000025, 49.61764434900003], [5.3311780190000775, 49.62312205000002], [5.3348987220000765, 49.625809225000054]]}, "properties": {}}, {"type": "Feature", "geometry": {"type": "LineString", "coordinates": [[5.74634647600007, 49.549431458000086], [5.7570951740001135, 49.54839792900002], [5.779005982000058, 49.539612936000125], [5.790684855000023, 49.53775258500012]]}, "properties": {}}, {"type": "Feature", "geometry": {"type": "LineString", "coordinates": [[5.710276327000088, 49.531086325000004], [5.72267867000005, 49.53460032200006], [5.735597779000074, 49.54571075500009], [5.74634647600007, 49.549431458000086]]}, "properties": {}}, {"type": "Feature", "geometry": {"type": "LineString", "coordinates": [[5.644647257000145, 49.543798727000066], [5.667178182000072, 49.54043975900005], [5.688675578000101, 49.53351511700008], [5.710276327000088, 49.531086325000004]]}, "properties": {}}, {"type": "Feature", "geometry": {"type": "LineString", "coordinates": [[5.587493124000019, 49.51243113300005], [5.60227258300003, 49.5137230430001], [5.605579875000046, 49.517753805], [5.607853638000051, 49.524936829000055], [5.619739217000074, 49.535530497000124], [5.644647257000145, 49.543798727000066]]}, "properties": {}}, {"type": "Feature", "geometry": {"type": "LineString", "coordinates": [[5.547598918000091, 49.52343821200013], [5.578914836000081, 49.51392974900004], [5.587493124000019, 49.51243113300005]]}, "properties": {}}, {"type": "Feature", "geometry": {"type": "LineString", "coordinates": [[5.477732381000095, 49.49522288100006], [5.5036739500000635, 49.50509307900005], [5.528788696000078, 49.517960511000055], [5.547598918000091, 49.52343821200013]]}, "properties": {}}, {"type": "Feature", "geometry": {"type": "LineString", "coordinates": [[6.038628377000094, 50.148412985000036], [6.02736291500014, 50.14944651300003], [6.022966606000097, 50.15082036000011], [6.014133749000052, 50.15358062800006], [6.008035929000073, 50.16091868100004], [6.004728638000074, 50.17047882100003], [5.998320760000041, 50.17497467100007]]}, "properties": {}}, {"type": "Feature", "geometry": {"type": "LineString", "coordinates": [[5.998320760000041, 50.17497467100007], [5.982921183000144, 50.16706817700002], [5.9616304930000865, 50.165621236000035], [5.953155558000077, 50.156371155], [5.949021444000067, 50.14267690000007], [5.941063273000083, 50.12831085200007], [5.926180461000058, 50.11833730100007], [5.888973429000117, 50.106606751000086], [5.872436971000127, 50.09689158100004], [5.868819621000057, 50.09053538100001], [5.866855916000134, 50.074308981000016], [5.864375447000043, 50.06748769100007], [5.8582776280000814, 50.061803284000106], [5.843704874000139, 50.053638408], [5.837710408000106, 50.04743723600011], [5.838847290000103, 50.03586171500005], [5.838847290000103, 50.02645660400002], [5.8363668210001265, 50.01855011000005], [5.829132121000072, 50.01358917300011], [5.808874959000065, 50.007801412000035], [5.802673787000089, 50.002478740000086], [5.801536906000081, 49.98868113300004], [5.808564901000096, 49.98310007800002], [5.812595662000092, 49.977570700000015], [5.801640258000106, 49.963824768000094], [5.793372029000068, 49.95881215500002], [5.7785925700000575, 49.95659006700002], [5.771564575000127, 49.95354115800008], [5.7637097570001, 49.94682322200008], [5.759989054000101, 49.94160390200004], [5.757611939000128, 49.93653961200006], [5.75358117600004, 49.930183411000044], [5.718957967000051, 49.8913744100001], [5.714927205000038, 49.88186594600002], [5.726709432000064, 49.878196920000036], [5.748826945000047, 49.867293193000066], [5.758128702000079, 49.858198141000074]]}, "properties": {}}, {"type": "Feature", "geometry": {"type": "LineString", "coordinates": [[6.11748661300004, 50.12045603500006], [6.102603800000082, 50.124745179000016], [6.100330037000077, 50.13265167300007], [6.1014669190000745, 50.14210846000013], [6.097126098000103, 50.15130686500002], [6.084206991000087, 50.15931671200009]]}, "properties": {}}, {"type": "Feature", "geometry": {"type": "LineString", "coordinates": [[6.084206991000087, 50.15931671200009], [6.076455525000085, 50.158644918000036], [6.070047648000127, 50.1542007450001], [6.061366008000078, 50.15073842400007], [6.038628377000094, 50.148412985000036]]}, "properties": {}}, {"type": "Feature", "geometry": {"type": "LineString", "coordinates": [[5.758128702000079, 49.858198141000074], [5.731877075000057, 49.859955139000064]]}, "properties": {}}, {"type": "Feature", "geometry": {"type": "LineString", "coordinates": [[5.731877075000057, 49.859955139000064], [5.731980428000071, 49.85416737999999], [5.730533488000077, 49.851170146000086], [5.728673136000083, 49.848844707000055], [5.726916137000103, 49.84522735700007], [5.73652795400011, 49.83943959599999], [5.724642374000098, 49.834271953], [5.720198202000091, 49.82471181300009], [5.721645142000085, 49.812774557000054], [5.727742960000114, 49.80021718400003], [5.73828495300009, 49.788848368000046], [5.748413533000132, 49.78564443000006], [5.759162231000062, 49.784455872000066], [5.771874634000113, 49.77939158200009], [5.7784892170001, 49.77303538000005], [5.802053670000106, 49.74285634400006], [5.803603963000057, 49.738153789000066], [5.805774373000133, 49.72420115199999], [5.805360961000105, 49.721875713000045], [5.81176884000007, 49.71851674500003], [5.825721476000041, 49.715777894], [5.8317159420000735, 49.71360748300002], [5.837296997000095, 49.71293569000004]]}, "properties": {}}, {"type": "Feature", "geometry": {"type": "LineString", "coordinates": [[5.843704874000139, 49.714330954000005], [5.850216105000101, 49.71402089400003], [5.856003865000076, 49.7080781050001], [5.856402764000052, 49.70580745000008], [5.857347453000045, 49.700429993000014], [5.853626749000028, 49.6962958780001], [5.848769165000107, 49.692730205000046], [5.847218872000099, 49.687200827000126], [5.846702108000045, 49.68068959600005], [5.843704874000139, 49.67748565699999], [5.842257934000145, 49.67391998300012], [5.845771932000105, 49.66658193000002], [5.852593221000063, 49.66322296200012], [5.872643676000109, 49.661724345000025], [5.879878377000068, 49.65774526000003], [5.88545943200009, 49.64353424100007], [5.879878377000068, 49.63485260100002], [5.86995650200015, 49.62885813500007], [5.861998331000109, 49.622760316000026], [5.849182577000107, 49.599712626000056], [5.841224406000066, 49.58968739800004], [5.829958944000111, 49.582762756000065], [5.846908813000113, 49.57671661400009], [5.8374003500001095, 49.56111033200007], [5.814456014000086, 49.54514231400013], [5.790684855000023, 49.53775258500012]]}, "properties": {}}, {"type": "Feature", "geometry": {"type": "LineString", "coordinates": [[5.837296997000095, 49.71293569000004], [5.843704874000139, 49.714330954000005]]}, "properties": {}}, {"type": "Feature", "geometry": {"type": "LineString", "coordinates": [[6.353854614000056, 49.45476023400006], [6.345307071000093, 49.4553486520001]]}, "properties": {}}, {"type": "Feature", "geometry": {"type": "LineString", "coordinates": [[5.960700317000118, 49.44132436200003], [5.946954386000101, 49.4699531050001], [5.928144165000077, 49.482303772000066], [5.864685506000029, 49.49217397100004], [5.8395707600001, 49.49987376000003], [5.822104126000056, 49.51051910500003], [5.790684855000023, 49.53775258500012]]}, "properties": {}}, {"type": "Feature", "geometry": {"type": "LineString", "coordinates": [[6.345307071000093, 49.4553486520001], [6.325329224000086, 49.456723938000025], [6.298767538000078, 49.466232402000074], [6.251116525000043, 49.489459778000096], [6.249364868000072, 49.49031361900005], [6.221976359000109, 49.49744496700008], [6.193554321000079, 49.49940867200009]]}, "properties": {}}, {"type": "Feature", "geometry": {"type": "LineString", "coordinates": [[6.193554321000079, 49.49940867200009], [6.136090129000081, 49.49527455600007], [6.142601359000139, 49.48607615200008], [6.11438602700008, 49.48437083000003], [6.10725467900005, 49.48251047800001], [6.1019836830001, 49.47641265900005], [6.102087036000057, 49.470004781000014], [6.099813273000109, 49.46463043200005], [6.087720988000029, 49.46163319900005], [6.078005819000083, 49.45202138300003], [6.063329711000108, 49.44845571000006], [5.978063599000052, 49.44509674100006], [5.960700317000118, 49.44132436200003]]}, "properties": {}}, {"type": "Feature", "geometry": {"type": "LineString", "coordinates": [[8.82424645900008, 54.90590037000008], [8.904138224000064, 54.89794220000003], [8.982686401000109, 54.879338684000075], [9.194766480000055, 54.85039988200002], [9.211509644000103, 54.84182159400008], [9.216057169000123, 54.831744690000036], [9.219054403000143, 54.81779205400004], [9.226392456000042, 54.805906474000025], [9.244065796000143, 54.8017723600001], [9.317032918000052, 54.80161733000004]]}, "properties": {}}, {"type": "Feature", "geometry": {"type": "LineString", "coordinates": [[8.732779175000104, 54.88905385400001], [8.80088871200013, 54.90383331400004], [8.82424645900008, 54.90590037000008]]}, "properties": {}}, {"type": "Feature", "geometry": {"type": "LineString", "coordinates": [[8.660816132506028, 54.89630391111005], [8.695882202000092, 54.88998402900005], [8.732779175000104, 54.88905385400001]]}, "properties": {}}, {"type": "Feature", "geometry": {"type": "LineString", "coordinates": [[9.385039103000054, 54.81939402300007], [9.405192911000114, 54.80838694300009], [9.42214278100002, 54.80725006100009]]}, "properties": {}}, {"type": "Feature", "geometry": {"type": "LineString", "coordinates": [[9.317032918000052, 54.80161733000004], [9.332019084000137, 54.803219300000094], [9.341734253000084, 54.80905873600007], [9.35599694800004, 54.81133249900007], [9.366952352000112, 54.817016907000024], [9.385039103000054, 54.81939402300007]]}, "properties": {}}, {"type": "Feature", "geometry": {"type": "LineString", "coordinates": [[9.42214278100002, 54.80725006100009], [9.436922241000048, 54.81014394200007], [9.437503027053964, 54.81041112738269]]}, "properties": {}}, {"type": "Feature", "geometry": {"type": "LineString", "coordinates": [[-7.403564480062978, 55.0], [-7.401119750999953, 54.99483551100006], [-7.403755248999886, 54.99313018900007], [-7.409077921999938, 54.9920449830001], [-7.413108682999848, 54.98496531200006], [-7.407424275999887, 54.95943715500003], [-7.408664510999927, 54.951117248000074], [-7.415755225999874, 54.94437242200003], [-7.417139444999918, 54.94305572600008], [-7.436983194999925, 54.93830149400007], [-7.445251423999878, 54.93215199800001], [-7.448972126999877, 54.9203180950001], [-7.444734659999909, 54.89489329100009], [-7.444734659999909, 54.88445465100007], [-7.455069945999924, 54.86300893200003], [-7.470831258999908, 54.8452839160001], [-7.543384968999931, 54.793090719000034], [-7.549741170999937, 54.77960317000007], [-7.551704874999899, 54.75469513000009], [-7.5483975839999005, 54.74720204700007], [-7.543023233999918, 54.74379140300003], [-7.543074910999849, 54.74167266900007], [-7.556149047999895, 54.73836537800007]]}, "properties": {}}, {"type": "Feature", "geometry": {"type": "LineString", "coordinates": [[-7.615370238999986, 54.739347229000046], [-7.649683390999911, 54.744876608000126]]}, "properties": {}}, {"type": "Feature", "geometry": {"type": "LineString", "coordinates": [[-7.649683390999911, 54.744876608000126], [-7.667511759999854, 54.73877878900008], [-7.702289997999912, 54.71888336200006], [-7.736603149999922, 54.70746287100006], [-7.770502888999943, 54.70601593100007]]}, "properties": {}}, {"type": "Feature", "geometry": {"type": "LineString", "coordinates": [[-7.556149047999895, 54.73836537800007], [-7.566639363999855, 54.73867543600004], [-7.585397907999948, 54.744721578000096]]}, "properties": {}}, {"type": "Feature", "geometry": {"type": "LineString", "coordinates": [[-7.585397907999948, 54.744721578000096], [-7.615370238999986, 54.739347229000046]]}, "properties": {}}, {"type": "Feature", "geometry": {"type": "LineString", "coordinates": [[-7.770502888999943, 54.70601593100007], [-7.8035758059999125, 54.716144511000024], [-7.832152872999899, 54.73061391200007], [-7.845898803999916, 54.73102732300008]]}, "properties": {}}, {"type": "Feature", "geometry": {"type": "LineString", "coordinates": [[-7.845898803999916, 54.73102732300008], [-7.880108601999922, 54.71102854400003], [-7.929666300999884, 54.696714173000046], [-7.913233194999918, 54.68865264900005], [-7.9071353759998715, 54.68668894500003], [-7.914835164999943, 54.67165110300003], [-7.9066186119999315, 54.66131581600003], [-7.890082153999913, 54.655062968000024], [-7.87277054899991, 54.65222076500005], [-7.864347290999945, 54.64906850200002], [-7.854270385999911, 54.63640777600007], [-7.846415567999969, 54.63144683800003], [-7.838043985999889, 54.63124013300005]]}, "properties": {}}, {"type": "Feature", "geometry": {"type": "LineString", "coordinates": [[-7.8149962969999365, 54.63945668600009], [-7.801198689999893, 54.63480580700012], [-7.769159301999878, 54.61801096600006], [-7.753553019999941, 54.614496969000115]]}, "properties": {}}, {"type": "Feature", "geometry": {"type": "LineString", "coordinates": [[-7.838043985999889, 54.63124013300005], [-7.822541055999892, 54.63811309800012], [-7.8149962969999365, 54.63945668600009]]}, "properties": {}}, {"type": "Feature", "geometry": {"type": "LineString", "coordinates": [[-7.721203572999855, 54.625865784], [-7.710558227999854, 54.62426381500005], [-7.707951474999902, 54.60476330300004], [-7.707944064999907, 54.60470786900008], [-7.707871052999906, 54.6041616830001], [-7.749263875999873, 54.59615183600003], [-7.8488443609999194, 54.54090972900012], [-7.887136596999937, 54.53212473600003]]}, "properties": {}}, {"type": "Feature", "geometry": {"type": "LineString", "coordinates": [[-7.753553019999941, 54.614496969000115], [-7.736758178999878, 54.61925120000011], [-7.721203572999855, 54.625865784]]}, "properties": {}}, {"type": "Feature", "geometry": {"type": "LineString", "coordinates": [[-7.887136596999937, 54.53212473600003], [-7.926410685999912, 54.53305491200008], [-8.002194172999879, 54.543441875]]}, "properties": {}}, {"type": "Feature", "geometry": {"type": "LineString", "coordinates": [[-8.002194172999879, 54.543441875], [-8.023278157999925, 54.52969594400007], [-8.043561156999914, 54.51222930900012], [-8.05586014799988, 54.49755320300004], [-8.06097611499996, 54.49331573500008], [-8.072448282999886, 54.48706288699999], [-8.09704626499996, 54.47858795200007], [-8.150169636999891, 54.46938954700009], [-8.168466710999894, 54.46347695499999], [-8.173837442999911, 54.46174143500009], [-8.161176717999894, 54.45481679300012], [-8.15812780799996, 54.44711700500004], [-8.156034911999882, 54.43905548100004], [-8.146345580999963, 54.43073557600009], [-8.12241939299986, 54.415232646000064], [-8.079941364999911, 54.380196025000046], [-8.056480265999937, 54.36588165400006], [-8.031339680999906, 54.35802683500002], [-8.002194172999879, 54.35792348299999], [-7.981032673999948, 54.32655588900006], [-7.968010213999889, 54.31218984000007], [-7.950801961999929, 54.30087270200009], [-7.942074756999915, 54.29887328100004], [-7.93411047299989, 54.29704864600005], [-7.894965576999937, 54.29358632400003], [-7.880263631999867, 54.28702341700004], [-7.8736490479999475, 54.271055400000094], [-7.869669961999875, 54.2268720500001], [-7.856440796999891, 54.21142079700009], [-7.8369587809999075, 54.204341126000074], [-7.782078409999883, 54.200000305000074]]}, "properties": {}}, {"type": "Feature", "geometry": {"type": "LineString", "coordinates": [[-7.01783565299985, 54.4131655880001], [-6.984090942999956, 54.40308868500007], [-6.922027547999903, 54.372702942000004], [-6.915051228999914, 54.36593332900007], [-6.905956176999922, 54.34903513700009], [-6.897894652999952, 54.34619293300001], [-6.885957397999903, 54.345624492000056], [-6.879704548999911, 54.34159373000007], [-6.8700147019999065, 54.326000603000054], [-6.85841385899991, 54.30733225600004], [-6.856656860999948, 54.29281117800009], [-6.864666707999902, 54.28273427300006], [-6.882185017999888, 54.27725657200007], [-6.846683308999928, 54.26645619700004], [-6.837743285999892, 54.26051340800002], [-6.833195759999882, 54.25209014900004], [-6.829733438999909, 54.24237498000009], [-6.8239456789998485, 54.232349752000076], [-6.807357543999927, 54.216330058000025], [-6.78782385299985, 54.202997539000094], [-6.766481486999851, 54.192352194000094], [-6.74477738499985, 54.18418731700008], [-6.7328401289998965, 54.18356720000013]]}, "properties": {}}, {"type": "Feature", "geometry": {"type": "LineString", "coordinates": [[-7.168059040999935, 54.33503082400007], [-7.15989416499994, 54.33518585200001], [-7.127027953999914, 54.349758606000066], [-7.078503783999906, 54.394717103000076], [-7.049254923999882, 54.411511943000065], [-7.01783565299985, 54.4131655880001]]}, "properties": {}}, {"type": "Feature", "geometry": {"type": "LineString", "coordinates": [[-7.1856290289999265, 54.3369428510001], [-7.168059040999935, 54.33503082400007]]}, "properties": {}}, {"type": "Feature", "geometry": {"type": "LineString", "coordinates": [[-7.192398640999954, 54.307383932000064], [-7.184647175999942, 54.31663401300007], [-7.185008910999954, 54.31725413100004], [-7.187644408999887, 54.31880442300006], [-7.1914684649999, 54.32386871300004], [-7.193948933999877, 54.329966532000086], [-7.192450316999981, 54.334720764000096], [-7.1894695529998955, 54.33569177100004], [-7.1856290289999265, 54.3369428510001]]}, "properties": {}}, {"type": "Feature", "geometry": {"type": "LineString", "coordinates": [[-7.193690551999907, 54.30753896100002], [-7.192398640999954, 54.307383932000064]]}, "properties": {}}, {"type": "Feature", "geometry": {"type": "LineString", "coordinates": [[-7.199168253999915, 54.303456523000094], [-7.193690551999907, 54.30753896100002]]}, "properties": {}}, {"type": "Feature", "geometry": {"type": "LineString", "coordinates": [[-7.206661336999929, 54.30490346300009], [-7.199168253999915, 54.303456523000094]]}, "properties": {}}, {"type": "Feature", "geometry": {"type": "LineString", "coordinates": [[-7.293787800999922, 54.1220205690001], [-7.280041870999867, 54.126154683000024], [-7.270740112999931, 54.13225250200007], [-7.263505411999887, 54.14098582000004], [-7.260869913999954, 54.1511660770001], [-7.265365762999892, 54.16113962900003], [-7.245780395999873, 54.16697906500012], [-7.247020629999895, 54.17225006200006], [-7.256322387999916, 54.17690094000001], [-7.261128295999924, 54.18088002500009], [-7.2554955649999044, 54.190853577], [-7.2490876869998715, 54.19741648400007], [-7.24087113499985, 54.20232574500001], [-7.229502319999938, 54.20754506400003], [-7.174725300999853, 54.216071676000055], [-7.153331257999952, 54.22423655300007], [-7.159739135999899, 54.240669657000026], [-7.145889851999925, 54.25209014900004], [-7.181494913999899, 54.269763489000056], [-7.175500446999877, 54.28366444900011], [-7.209038452999891, 54.293431296000065], [-7.2114672449999375, 54.30417999300009], [-7.206661336999929, 54.30490346300009]]}, "properties": {}}, {"type": "Feature", "geometry": {"type": "LineString", "coordinates": [[-7.722598836999907, 54.20232574500001], [-7.704770466999889, 54.200362041000076], [-7.6326818439999045, 54.16852935800004], [-7.625705525999905, 54.162173157000026], [-7.624051879999854, 54.153336487000004], [-7.6207962649998535, 54.14496490500004], [-7.609014037999941, 54.13990061500006], [-7.502302204999864, 54.12512115500003]]}, "properties": {}}, {"type": "Feature", "geometry": {"type": "LineString", "coordinates": [[-7.782078409999883, 54.200000305000074], [-7.722598836999907, 54.20232574500001]]}, "properties": {}}, {"type": "Feature", "geometry": {"type": "LineString", "coordinates": [[-6.706536824999944, 54.19891510100008], [-6.694651244999932, 54.19798492500003], [-6.683954223999905, 54.194367575000044], [-6.663025268999917, 54.1838255820001], [-6.648448442999893, 54.17366497000005], [-6.640339314999949, 54.1680125940001], [-6.634551554999888, 54.15013254800003], [-6.643956664999848, 54.13183909100006], [-6.666435913999862, 54.114785869000045], [-6.655790567999873, 54.103313700000015], [-6.657082478999911, 54.09194488600012], [-6.672533732999909, 54.06843210900003], [-6.6572891849998825, 54.06114573200007], [-6.630624144999928, 54.041818746000004], [-6.6164648039998895, 54.03727122100007]]}, "properties": {}}, {"type": "Feature", "geometry": {"type": "LineString", "coordinates": [[-6.7328401289998965, 54.18356720000013], [-6.724778605999916, 54.188631491000095], [-6.717233845999942, 54.19514272100007], [-6.706536824999944, 54.19891510100008]]}, "properties": {}}, {"type": "Feature", "geometry": {"type": "LineString", "coordinates": [[-7.295544799999988, 54.165118714000116], [-7.292134155999861, 54.162638245000025], [-7.295028035999849, 54.155403545000055], [-7.29642329999993, 54.146515198000046], [-7.296319946999887, 54.13499135400012], [-7.2973534749998805, 54.125896302000044], [-7.293787800999922, 54.1220205690001]]}, "properties": {}}, {"type": "Feature", "geometry": {"type": "LineString", "coordinates": [[-7.326964069999917, 54.11359731], [-7.316489273999906, 54.11428045000004], [-7.310324259999902, 54.11468251600009], [-7.333165242999911, 54.14274281900002], [-7.333165242999911, 54.14940907900005], [-7.3259822189998545, 54.154576722000044], [-7.295544799999988, 54.165118714000116]]}, "properties": {}}, {"type": "Feature", "geometry": {"type": "LineString", "coordinates": [[-7.439618692999943, 54.146928610000074], [-7.414658976999959, 54.145688376000024], [-7.425769408999884, 54.136955058000055], [-7.422255411999913, 54.13545644200006]]}, "properties": {}}, {"type": "Feature", "geometry": {"type": "LineString", "coordinates": [[-7.502302204999864, 54.12512115500003], [-7.480753132999922, 54.127653300000034], [-7.439618692999943, 54.146928610000074]]}, "properties": {}}, {"type": "Feature", "geometry": {"type": "LineString", "coordinates": [[-7.412230183999895, 54.1364382930001], [-7.403961954999943, 54.135043030000034], [-7.396623900999941, 54.12625803600004], [-7.394660197999912, 54.121917217000075], [-7.390216023999898, 54.12119374600006]]}, "properties": {}}, {"type": "Feature", "geometry": {"type": "LineString", "coordinates": [[-7.422255411999913, 54.13545644200006], [-7.412230183999895, 54.1364382930001]]}, "properties": {}}, {"type": "Feature", "geometry": {"type": "LineString", "coordinates": [[-7.375488240999914, 54.12331248000005], [-7.326964069999917, 54.11359731]]}, "properties": {}}, {"type": "Feature", "geometry": {"type": "LineString", "coordinates": [[-7.390216023999898, 54.12119374600006], [-7.375488240999914, 54.12331248000005]]}, "properties": {}}, {"type": "Feature", "geometry": {"type": "LineString", "coordinates": [[-6.354827025999896, 54.11065175400002], [-6.346662149999872, 54.109876607000004], [-6.338962361999961, 54.10295196600002], [-6.327128458999965, 54.09788767500005]]}, "properties": {}}, {"type": "Feature", "geometry": {"type": "LineString", "coordinates": [[-6.433891967999955, 54.05530629500008], [-6.426760619999925, 54.055409648000094], [-6.401025756999928, 54.06088735000007], [-6.3775129809999385, 54.063264466000035], [-6.371156778999932, 54.06677846300009], [-6.366919310999975, 54.07509836900006], [-6.367642781999876, 54.08341827400001], [-6.369348103999926, 54.09111806200009], [-6.368107869999903, 54.097319234000096], [-6.354827025999896, 54.11065175400002]]}, "properties": {}}, {"type": "Feature", "geometry": {"type": "LineString", "coordinates": [[-6.284650430999932, 54.105225728000036], [-6.269886847999885, 54.09792715100012]]}, "properties": {}}, {"type": "Feature", "geometry": {"type": "LineString", "coordinates": [[-6.327128458999965, 54.09788767500005], [-6.313795938999931, 54.09969635000003], [-6.299584920999877, 54.104037171000115], [-6.284650430999932, 54.105225728000036]]}, "properties": {}}, {"type": "Feature", "geometry": {"type": "LineString", "coordinates": [[-6.450893513999887, 54.06843210900003], [-6.450221719999917, 54.066675111000066], [-6.446242635999937, 54.06243764300011], [-6.440299844999913, 54.05799346900001], [-6.433891967999955, 54.05530629500008]]}, "properties": {}}, {"type": "Feature", "geometry": {"type": "LineString", "coordinates": [[-6.564013224999911, 54.048950094000034], [-6.478540405999894, 54.06770863900003], [-6.450893513999887, 54.06843210900003]]}, "properties": {}}, {"type": "Feature", "geometry": {"type": "LineString", "coordinates": [[-6.587164265999917, 54.05334259000004], [-6.571868041999949, 54.049518534000086], [-6.564013224999911, 54.048950094000034]]}, "properties": {}}, {"type": "Feature", "geometry": {"type": "LineString", "coordinates": [[-6.6164648039998895, 54.03727122100007], [-6.610987100999893, 54.0392349240001], [-6.605217158999977, 54.04447525799999], [-6.600290079999894, 54.048950094000034], [-6.59507075999997, 54.05241241500009], [-6.587164265999917, 54.05334259000004]]}, "properties": {}}, {"type": "Feature", "geometry": {"type": "LineString", "coordinates": [[7.022082560000115, 45.92525990899999], [7.066937703000093, 45.89022328800006], [7.090192097000113, 45.88050811800012], [7.120887899000138, 45.87611562100004], [7.153547404000022, 45.87652903300004], [7.183726440000044, 45.880456442000096], [7.245428100000083, 45.89812978200011], [7.273540079000043, 45.91027374300002], [7.286665893000105, 45.91342600500006], [7.361803426000108, 45.90784495100006], [7.393842814000038, 45.915699768000096], [7.452960652000087, 45.94587880500008], [7.482726278000058, 45.95487050400003], [7.503706909000073, 45.95673085500003], [7.514662312000041, 45.96670440700005], [7.524377482000091, 45.97807322300004], [7.541120646000138, 45.98411936500007], [7.643026571000121, 45.96634267200004], [7.6587362060001, 45.96003814700005], [7.6737223710000535, 45.9503229780001], [7.692532593000067, 45.93120269800001], [7.693979533000061, 45.92867055300012], [7.706278523000009, 45.9257249970001], [7.714650105000089, 45.927120259999995], [7.7221948650001195, 45.92960072800007], [7.732013387000109, 45.93037587500008], [7.780072469000061, 45.918128561000046], [7.807564331000037, 45.91849029600006], [7.8254443760000925, 45.914666239], [7.831232137000143, 45.914459534000045], [7.843737833000148, 45.919213766000055], [7.8461149490001105, 45.92257273300005], [7.845288127000089, 45.92779205300006], [7.848388712000116, 45.93807566300008], [7.84962011600004, 45.93971206200011], [7.870201292731351, 45.94036963077025], [7.872917431422034, 45.95938260160503], [7.883781986184766, 45.97386867462201], [7.8982047940000655, 45.98194895400009], [7.969104858000037, 45.99311106400002], [7.978716674000026, 45.99517812100008], [7.985848022000084, 45.99931223600002], [7.998353719000079, 46.01062937500008], [7.999077189000076, 46.01279978400008], [8.008792358000107, 46.027682597000094], [8.010652710000102, 46.02969797800007], [8.015923706000137, 46.0581716920001], [8.016027059000066, 46.06938547800006], [8.018197469000143, 46.08085764600007], [8.025328817000087, 46.09114125600006], [8.035354044000115, 46.09651560500002], [8.056024617000048, 46.09806589800003], [8.066876668000077, 46.10059804300003], [8.110594930000076, 46.12695302300007], [8.132299032000077, 46.15935414700009], [8.129508504000114, 46.19604441300005], [8.099949585000076, 46.23562856100001], [8.076591837000109, 46.24973622600005], [8.073077840000082, 46.25361195900008], [8.07731530700002, 46.26203521800009], [8.087340535000038, 46.27180206300004], [8.106874227000048, 46.28554799500007], [8.128474975000131, 46.292472636000056], [8.171883178000115, 46.29919057299999], [8.192553752000038, 46.30916412400008], [8.241749715000111, 46.35412262000001], [8.270068400000099, 46.3640444950001], [8.28154056800011, 46.370116475000046], [8.291462443000114, 46.378358866], [8.297456909000033, 46.38750559600008], [8.297043497000118, 46.39763417600004], [8.290428914000131, 46.40112233500007], [8.286604859000079, 46.405359803000024], [8.294976441000074, 46.41804636600007], [8.316267130000142, 46.433652649000024], [8.343448934000037, 46.4438845830001], [8.385906925000114, 46.45020601800009], [8.399156128000072, 46.45217865000005], [8.427888224000071, 46.44869049100002], [8.441634155000116, 46.43494456000006], [8.445768270000116, 46.41236195900002], [8.446285034000084, 46.38218292300003], [8.442874389000053, 46.3533733120001], [8.426647990000049, 46.30156768800002], [8.423237345000103, 46.27583282500005], [8.427164754000074, 46.251441549000006], [8.43812015800006, 46.23537017800005], [8.456516968000045, 46.224828187000085], [8.482665242000053, 46.21754180900008], [8.510260457000072, 46.207878317000066], [8.538682495000074, 46.18762115500006], [8.601831095000136, 46.12281890900006], [8.611546264000083, 46.119356588000116], [8.630873250000121, 46.11470570900006], [8.67748539200008, 46.095792135000025], [8.695055379000081, 46.09517201800004], [8.702186727000111, 46.0979625450001], [8.717689656000118, 46.107522685000006], [8.723890828000094, 46.10953806600004], [8.728983368000115, 46.108233103000074], [8.732159057000047, 46.10741933200008], [8.739497111000048, 46.09806589800003], [8.747145223000103, 46.094448548000045], [8.763164917000068, 46.09289825500004], [8.793860717000115, 46.09341501900006], [8.8089502360001, 46.08974599300008], [8.834375041000015, 46.06638824500003], [8.819595581000101, 46.042927145000064], [8.790966838000116, 46.01869089800006], [8.773396850000069, 45.99057891900013], [8.769572794000112, 45.98577301000002], [8.767919149000079, 45.983085836], [8.785075724000109, 45.98231069000009], [8.800371948000077, 45.97853831000005], [8.857732788000078, 45.957092591000034], [8.86445072400008, 45.95342356400003], [8.870961954000052, 45.9470673630001], [8.88078047600004, 45.93109934500008], [8.89814375800006, 45.90955027300002], [8.906515340000112, 45.89647613500007], [8.91209639400003, 45.88340199800011], [8.9137500410001, 45.86609039300002], [8.909719279000086, 45.85368805000003], [8.903724812000064, 45.841802470000104], [8.900004109000065, 45.82640289300012], [8.93958825700011, 45.83482615200002], [8.97235111500001, 45.824645895000046], [9.002426798000073, 45.82071848599999], [9.034362834000149, 45.84810699500012], [9.05927087400002, 45.881955058000116], [9.063094930000148, 45.89895660400005], [9.051726115000065, 45.915544739000055], [9.042321004000115, 45.91973053000008], [9.0205135490001, 45.92277944000001], [9.010798380000068, 45.92665517200005], [9.001703329000094, 45.93606028300012], [8.993435099000124, 45.95425038700007], [8.982686401000109, 45.96184682200003], [8.980515991000118, 45.96437896800002], [8.979792521000121, 45.966911112999995], [8.980515991000118, 45.96949493400011], [8.982686401000109, 45.97197540300009], [9.015552612000135, 45.99311106400002], [8.997775919000105, 46.02794097900009], [9.002116740000105, 46.03930979500008], [9.027748250000059, 46.05310740200012], [9.049659057000014, 46.05791331000002], [9.059167521000091, 46.06178904299999], [9.067125692000076, 46.07114247700012], [9.07032963100005, 46.08344146700007], [9.068159220000041, 46.10597239200008], [9.072086629000097, 46.11889150000009], [9.090586792000124, 46.138166809000026], [9.163243856000065, 46.17227325500001], [9.16378802500006, 46.172989267000005], [9.171098673000103, 46.18260854100002], [9.17574955200007, 46.19413238500003], [9.181330607000092, 46.204054260000035], [9.192182658000121, 46.20963531500006], [9.2041715900001, 46.21356272400003], [9.215747111000042, 46.22105580700004], [9.224842163000119, 46.231184387], [9.239724975000058, 46.26699615500003], [9.2689738360001, 46.30937083000005], [9.275175008000076, 46.331384990000046], [9.273831420000107, 46.34425242100012], [9.260395548000076, 46.37972829200005], [9.260292195000147, 46.394016826000055], [9.262876017000053, 46.406625875000074], [9.26091231300012, 46.41665110300001], [9.247579794000103, 46.42303314200002], [9.237967977000068, 46.43654653], [9.245822794000105, 46.46104115800007], [9.263186076000125, 46.48512237600001], [9.282306355000117, 46.49736969100003], [9.330985555000069, 46.50150380500004], [9.350829305000047, 46.49786061600007], [9.35155277500013, 46.485484111000105], [9.377080933000087, 46.46868927000004], [9.384625691000025, 46.466415508000026], [9.395477742000082, 46.46941274000004], [9.400335327000107, 46.47540720700006], [9.403849324000134, 46.4825127160001], [9.41067061400011, 46.48889475600002], [9.426793660000072, 46.49711130800007], [9.434648478000014, 46.498325704000095], [9.437852417000101, 46.49204701800009], [9.443846883000106, 46.39613555900003], [9.442399943000112, 46.38089101200008], [9.444363648000149, 46.37528411900006], [9.451598348000118, 46.370374858000034], [9.47371586100013, 46.36187408500011], [9.482604207000065, 46.35680979400003], [9.502551310000058, 46.320739645000046], [9.51526371300011, 46.308595683000036], [9.536451050000068, 46.298622132000034], [9.559705444000087, 46.292731018000026], [9.674323771000047, 46.291800842000086], [9.693133992000043, 46.29707183900011], [9.708430217000114, 46.3117479460001], [9.708843628000125, 46.31962860100005], [9.707293335000088, 46.330971579000035], [9.709257039000136, 46.342392070000116], [9.72010909000008, 46.35089284300004], [9.730857788000094, 46.35071197500007], [9.755249064000026, 46.34053171800012], [9.768064819000102, 46.3386196900001], [9.78883874500005, 46.34329640800006], [9.855397990000142, 46.36696421300009], [9.899012899000098, 46.37215769500001], [9.918443237000076, 46.37115000400003], [9.939010457000052, 46.36745514000005], [9.96402185100007, 46.35608632500005], [9.970636434000141, 46.33980824900003], [9.971049846000057, 46.32001617500005], [9.977561076000114, 46.298105367000076], [9.99223718200011, 46.28435943600006], [10.031717977000142, 46.26007151300006], [10.041846557000099, 46.24306996700004], [10.04267338000011, 46.220487366], [10.075746297000109, 46.22002227800006], [10.11791426600007, 46.231132711], [10.145819539000058, 46.243328349000095], [10.15894535300012, 46.262448629000104], [10.14612959800013, 46.28027699800005], [10.104891805000136, 46.30937083000005], [10.095796753000059, 46.320532939000074], [10.091765991000074, 46.32895619800006], [10.092386108000113, 46.33810292600005], [10.097450398000092, 46.351642151000036], [10.104995158000065, 46.361357321000085], [10.125975789000051, 46.37437978200002], [10.133210490000124, 46.38109771700003], [10.14075524900008, 46.402905172000075], [10.133417195000078, 46.414015605000074], [10.11615726700009, 46.41882151400007], [10.071405477000042, 46.42481598000002], [10.04205326300007, 46.43272247400007], [10.026343627000074, 46.44626169900003], [10.04401696800008, 46.46698394800008], [10.035335327000041, 46.47106638600009], [10.03047774300012, 46.47667327900011], [10.028100627000072, 46.48393381800007], [10.026860392000117, 46.49318390000009], [10.031201212000099, 46.50382924500009], [10.03140791900006, 46.525791728000044], [10.032751506000125, 46.5329747520001], [10.041329793000074, 46.54186309800012], [10.062930542000117, 46.55674591100005], [10.07119877100007, 46.56439402300005], [10.083497762000121, 46.59700185100009], [10.087838582000103, 46.604391582000105], [10.097450398000092, 46.60803477000009], [10.192121623000048, 46.6268191540001], [10.21785648600013, 46.62697418200004], [10.233772827000053, 46.617982483999995], [10.235736531000072, 46.606691183000024], [10.230258830000082, 46.58614980100005], [10.234703003000106, 46.575297750000104], [10.27594079500011, 46.565530905000045], [10.283795614000041, 46.56072499600005], [10.28906660900006, 46.55568654400007], [10.295371135000096, 46.55108734100013], [10.306636597000136, 46.547495829000056], [10.319452351000024, 46.54604888900006], [10.354282267000087, 46.548322653000085], [10.425905803000148, 46.535326030000036], [10.443992554000147, 46.53772898400008], [10.45183267900012, 46.54670157200006], [10.457945190000146, 46.55369700100003], [10.465903361000102, 46.57847585100008], [10.466626831000013, 46.60428822900009], [10.459082072000058, 46.62356353800003], [10.438204793000097, 46.63565582300002], [10.395623413000123, 46.638808085000065], [10.377536662000097, 46.65327748599999], [10.36916508000013, 46.67239776600009], [10.373919312000112, 46.68190623000008], [10.384771363000084, 46.689011739000094], [10.394383179000073, 46.700819804000005], [10.396553588000074, 46.71500498400006], [10.395623413000123, 46.726399639000064], [10.399654175000109, 46.735546367000055], [10.41660404400011, 46.74301361100008], [10.428696330000008, 46.75564849900009], [10.426215861000031, 46.76942026800005], [10.419084513000087, 46.78396718300009], [10.417224162000082, 46.79884999700003], [10.439031616000108, 46.816885071000044], [10.444922730000116, 46.82324127200006], [10.4485400800001, 46.83223297100001], [10.453811076000136, 46.864427389000056]]}, "properties": {}}, {"type": "Feature", "geometry": {"type": "LineString", "coordinates": [[9.860565633000135, 47.00160247800004], [9.856328165000093, 47.0040829470001], [9.857981812000048, 47.01547760000001], [9.669052775000097, 47.056198629000065], [9.65230961100005, 47.057929790000046]]}, "properties": {}}, {"type": "Feature", "geometry": {"type": "LineString", "coordinates": [[9.65230961100005, 47.057929790000046], [9.599909709000116, 47.05348561600003]]}, "properties": {}}, {"type": "Feature", "geometry": {"type": "LineString", "coordinates": [[9.599909709000116, 47.05348561600003], [9.581202840000032, 47.05687042300006]]}, "properties": {}}, {"type": "Feature", "geometry": {"type": "LineString", "coordinates": [[10.131970255000084, 46.84657318200003], [10.125187508000124, 46.846751229000105], [10.111299683000084, 46.84711578400005], [10.068098185000025, 46.856624248000045], [10.045567260000098, 46.86556427100008], [10.006913289000096, 46.89075653100012], [9.899943075000039, 46.91439849900003], [9.875138387000106, 46.92742096000008], [9.86242598400014, 46.93977162700013], [9.860772339000107, 46.94915089900009], [9.86397627800008, 46.959925436000006], [9.86645674600004, 46.98338653600008], [9.870590861000068, 46.992946676000074], [9.870590861000068, 46.99883779000008], [9.866766805000026, 47.00193837500002]]}, "properties": {}}, {"type": "Feature", "geometry": {"type": "LineString", "coordinates": [[9.866766805000026, 47.00193837500002], [9.860565633000135, 47.00160247800004]]}, "properties": {}}, {"type": "Feature", "geometry": {"type": "LineString", "coordinates": [[10.384254598000041, 46.993153382000045], [10.37898360200009, 46.995504659000076], [10.373402547000097, 46.99625396700007]]}, "properties": {}}, {"type": "Feature", "geometry": {"type": "LineString", "coordinates": [[10.373402547000097, 46.99625396700007], [10.367924846000108, 46.995504659000076], [10.338882691000094, 46.98411000600008], [10.313664592000066, 46.96431793300009], [10.296197957000118, 46.941373597000066], [10.295681193000064, 46.922692566000094], [10.27077315200009, 46.92189158100008]]}, "properties": {}}, {"type": "Feature", "geometry": {"type": "LineString", "coordinates": [[10.453811076000136, 46.864427389000056], [10.451433960000088, 46.88576975600007], [10.46383630300005, 46.91974700900009], [10.458461955000104, 46.936619365000084], [10.449573608000094, 46.94390574200007], [10.41557051600006, 46.96240590500007], [10.39469323700007, 46.98540191600004], [10.384357950000066, 46.9929983520001], [10.384357950000066, 46.993153382000045]]}, "properties": {}}, {"type": "Feature", "geometry": {"type": "LineString", "coordinates": [[10.384357950000066, 46.993153382000045], [10.384254598000041, 46.993153382000045]]}, "properties": {}}, {"type": "Feature", "geometry": {"type": "LineString", "coordinates": [[10.27077315200009, 46.92189158100008], [10.251342814000111, 46.925379740000025]]}, "properties": {}}, {"type": "Feature", "geometry": {"type": "LineString", "coordinates": [[10.251342814000111, 46.925379740000025], [10.235116415000107, 46.92331268400007], [10.219923543000078, 46.90576853500009], [10.215169311000096, 46.89310780900006], [10.214342488000057, 46.884684550000074], [10.21165531400004, 46.877036438000076], [10.201423381000069, 46.86683034300002], [10.157808471000095, 46.851611634000065], [10.131970255000084, 46.84657318200003]]}, "properties": {}}, {"type": "Feature", "geometry": {"type": "LineString", "coordinates": [[7.194590691000116, 53.2450218770001], [7.19747237100006, 53.2166236370001], [7.198505900000043, 53.20057810500005], [7.195405314000112, 53.18499766100011], [7.18858402500004, 53.16778940800002], [7.174424682000108, 53.14577524900004], [7.171944214000121, 53.13771372500007], [7.172667684000118, 53.12575063100009], [7.176491740000074, 53.11939443000007], [7.181349324000081, 53.11417511100005], [7.18507002700008, 53.10544179300008], [7.194371786000119, 53.03384409600004], [7.19282149300011, 52.998006490000094], [7.183623088000104, 52.966122131000034], [7.161918986000103, 52.93263580400013], [7.079856812000116, 52.854423522999994], [7.072150759000124, 52.841316552000066], [7.061976766000043, 52.824011942000126], [7.053295125000091, 52.79057729100005], [7.04399336700007, 52.682625224000006], [7.036655314000058, 52.647381897000045], [7.018465210000045, 52.625987854000115]]}, "properties": {}}, {"type": "Feature", "geometry": {"type": "LineString", "coordinates": [[6.918419637000056, 52.632189026000006], [6.865399617000037, 52.641955872000054]]}, "properties": {}}, {"type": "Feature", "geometry": {"type": "LineString", "coordinates": [[6.865399617000037, 52.641955872000054], [6.77052168700007, 52.641025696], [6.73703536000005, 52.63469533300007], [6.719083149000085, 52.626758982000055], [6.701792032000071, 52.619114889000045], [6.710163615000056, 52.60865041200002], [6.708199911000122, 52.59968455000008], [6.703652384000094, 52.59139048300001], [6.70396244300008, 52.58307057700004], [6.7109904380000955, 52.576636862], [6.7437532960000794, 52.559712830000095], [6.6882528070001115, 52.542582093000064], [6.671716349000121, 52.541677755000094], [6.684015340000144, 52.52599395800006], [6.6875293370001145, 52.508139751], [6.688976278000098, 52.49051808700001], [6.695074097000145, 52.475609437000045], [6.714814494000109, 52.46155344700004], [6.741169474000088, 52.4536727910001], [6.820337769000105, 52.44682566300004], [6.872014200000137, 52.43473337800005], [6.9002295330001004, 52.43191701299999]]}, "properties": {}}, {"type": "Feature", "geometry": {"type": "LineString", "coordinates": [[7.018465210000045, 52.625987854000115], [6.982808471000055, 52.632783305000075], [6.967718953000144, 52.63665903800002]]}, "properties": {}}, {"type": "Feature", "geometry": {"type": "LineString", "coordinates": [[6.967718953000144, 52.63665903800002], [6.918419637000056, 52.632189026000006]]}, "properties": {}}, {"type": "Feature", "geometry": {"type": "LineString", "coordinates": [[6.9733000080001375, 52.45137319000007], [7.034174845000081, 52.390782573000095], [7.048230835000112, 52.36507354700002], [7.039755900000102, 52.32861582500003], [7.019705444000067, 52.30003875800004], [7.0124707440000975, 52.284949239000056], [7.011850626000125, 52.26662994400009], [7.02073897300005, 52.24526173900007], [7.026600152000071, 52.23862268699999], [7.029110555000017, 52.235779114000096], [7.026320027000054, 52.2306373090001], [6.981878296000076, 52.21399749800007], [6.971129598000061, 52.206271871000084], [6.94766849700008, 52.18281077100001], [6.927721395000077, 52.17190704400004], [6.884829956000118, 52.160331523000096], [6.865399617000037, 52.147799988000074], [6.843282105000128, 52.119998067000026], [6.830673055000091, 52.11289255800001], [6.77157568400014, 52.10879250200004], [6.765870808000102, 52.10839670899999], [6.749851115000126, 52.10286733000008], [6.7329012450000505, 52.091989441000024], [6.7276302490001, 52.08630503300007], [6.719465373000077, 52.07356679300001], [6.7114038490001064, 52.067288107000095], [6.6994149170001265, 52.063567404000096], [6.688872925000084, 52.06310231600007], [6.679881225000116, 52.06046681800005], [6.672956583000143, 52.05005401600003], [6.675023641000109, 52.034809468999995], [6.690939982000117, 52.027858988000006], [6.7128507890001, 52.023854065000094], [6.778169800000029, 52.00127146500007], [6.804008016000068, 51.984373270999995], [6.809175659000061, 51.97954152500007], [6.811656127000049, 51.972797751000044], [6.81072595200007, 51.96057627400002], [6.8056616610001015, 51.95752736499999], [6.798013550000121, 51.956700542000064], [6.789848673000108, 51.95114532500007], [6.767007690000099, 51.925513815], [6.7437532960000794, 51.90833140100004], [6.716674846000046, 51.89926218700005], [6.628153117000068, 51.897505189000086], [6.528624308000133, 51.87642120400007], [6.47942834400007, 51.8530117800001], [6.462891887000069, 51.84836090100002], [6.442531372000133, 51.84836090100002]]}, "properties": {}}, {"type": "Feature", "geometry": {"type": "LineString", "coordinates": [[6.9002295330001004, 52.43191701299999], [6.92648116100014, 52.432976380000085], [6.951492553000037, 52.437472228999994], [6.960794311000143, 52.442846578000044], [6.966995483000034, 52.44956451500009], [6.9733000080001375, 52.45137319000007]]}, "properties": {}}, {"type": "Feature", "geometry": {"type": "LineString", "coordinates": [[6.225180298000083, 51.862546082000094], [6.191383911000088, 51.87115020800012], [6.159241170000058, 51.887299093000095], [6.1269950760000995, 51.89673004100008]]}, "properties": {}}, {"type": "Feature", "geometry": {"type": "LineString", "coordinates": [[6.1269950760000995, 51.89673004100008], [6.09299198400015, 51.88530955000006], [6.105394327000056, 51.87947011300007], [6.142704712000068, 51.85518219000009], [6.156140584000127, 51.842056376000116]]}, "properties": {}}, {"type": "Feature", "geometry": {"type": "LineString", "coordinates": [[6.344966268000121, 51.82110158300013], [6.341969034000016, 51.836682028000055], [6.325742635000097, 51.842547303000046], [6.287398722000091, 51.84616465300003], [6.282851196000138, 51.84960113500007], [6.271792439000137, 51.86190012700011], [6.264661092000011, 51.86618927100007], [6.2563928620000695, 51.86680938700003]]}, "properties": {}}, {"type": "Feature", "geometry": {"type": "LineString", "coordinates": [[6.2563928620000695, 51.86680938700003], [6.225180298000083, 51.862546082000094]]}, "properties": {}}, {"type": "Feature", "geometry": {"type": "LineString", "coordinates": [[6.442531372000133, 51.84836090100002], [6.378452596000045, 51.86011728900003]]}, "properties": {}}, {"type": "Feature", "geometry": {"type": "LineString", "coordinates": [[6.378452596000045, 51.86011728900003], [6.38661747200004, 51.83756052700009], [6.3824833580001155, 51.827586975000074], [6.344966268000121, 51.82110158300013]]}, "properties": {}}, {"type": "Feature", "geometry": {"type": "LineString", "coordinates": [[6.156140584000127, 51.842056376000116], [6.1400175370000625, 51.84453684500009], [6.116453084000057, 51.84828338700002], [6.084000284000126, 51.853657735000056]]}, "properties": {}}, {"type": "Feature", "geometry": {"type": "LineString", "coordinates": [[6.084000284000126, 51.853657735000056], [6.043279256000062, 51.84686228500003], [6.028913208000063, 51.84210805300005], [6.008242635000045, 51.832573751000055], [5.988915650000081, 51.82745778400006], [5.948091268000098, 51.82296193500012], [5.931451457000065, 51.81564972000005], [5.928040812000063, 51.8067355350001], [5.950778442000114, 51.79590932200007], [5.964110962000063, 51.77655649900002], [5.9623539630000835, 51.75635101300013], [5.946056400000117, 51.746288216000025], [5.940133097000029, 51.7426309210001], [5.939306274000103, 51.731882223000085], [5.949228150000096, 51.729375915999995]]}, "properties": {}}, {"type": "Feature", "geometry": {"type": "LineString", "coordinates": [[5.978270304000091, 51.729789327000006], [5.989742472000103, 51.72637868200009], [6.012066691000086, 51.715862528000045], [6.02198856600009, 51.70950632800002], [6.008552694000116, 51.681187643], [6.031497030000054, 51.662997539000074], [6.099193156000069, 51.64447153800005], [6.087514282000086, 51.62209564200005], [6.082139933000121, 51.60780710900006], [6.0864807540000925, 51.59553395600004], [6.153039998000082, 51.538431499000026], [6.19334761500005, 51.50933766700011], [6.20047896300008, 51.47657480900001], [6.205336548000105, 51.45843638200007], [6.201719197000102, 51.43864430800001], [6.194071086000122, 51.417379456000035], [6.192727499000057, 51.39895680800002], [6.207817016000149, 51.38766550800007], [6.202029256000088, 51.378880513000055], [6.198928670000043, 51.3569697060001], [6.193554321000079, 51.34451568600004], [6.183632446000104, 51.33570485400004], [6.158207641000075, 51.32459442200012], [6.147769002000047, 51.31816070600006], [6.096505981000121, 51.25881032400004], [6.075421997000092, 51.24266143900006], [6.065190063000102, 51.23162852000006], [6.056611776000096, 51.211707255000036], [6.053717895000091, 51.18938303700007], [6.060849243000121, 51.17090871200007], [6.084310344000102, 51.16269215900003]]}, "properties": {}}, {"type": "Feature", "geometry": {"type": "LineString", "coordinates": [[5.949228150000096, 51.729375915999995], [5.978270304000091, 51.729789327000006]]}, "properties": {}}, {"type": "Feature", "geometry": {"type": "LineString", "coordinates": [[6.134126424000044, 51.18421539400008], [6.157070760000067, 51.17925445600012], [6.1491125890001115, 51.17633473700003], [6.12627160700012, 51.16457834900005], [6.147252238000107, 51.15225352], [6.132369426000082, 51.13982533800002], [6.075421997000092, 51.12036916100003], [5.982921183000144, 51.07468719500012], [5.969485311000113, 51.064920350000065], [5.950261678000089, 51.03946970700004], [5.937962687000038, 51.03094309500004], [5.919565877000139, 51.02970286]]}, "properties": {}}, {"type": "Feature", "geometry": {"type": "LineString", "coordinates": [[6.084310344000102, 51.16269215900003], [6.134126424000044, 51.18421539400008]]}, "properties": {}}, {"type": "Feature", "geometry": {"type": "LineString", "coordinates": [[5.919565877000139, 51.02970286], [5.906233358000122, 51.03740264900007], [5.894347778000082, 51.047143657000035], [5.88049849500004, 51.05205291800006]]}, "properties": {}}, {"type": "Feature", "geometry": {"type": "LineString", "coordinates": [[5.88049849500004, 51.05205291800006], [5.852489868000106, 51.04275116000004], [5.858174275000067, 51.01934173600007], [5.8735738520000496, 50.99058380100006], [5.874607381000118, 50.96536570300002]]}, "properties": {}}, {"type": "Feature", "geometry": {"type": "LineString", "coordinates": [[5.927730754000066, 50.97766469400007], [5.941580037000023, 50.97647613500003], [5.9678316650000625, 50.97099843400004]]}, "properties": {}}, {"type": "Feature", "geometry": {"type": "LineString", "coordinates": [[5.874607381000118, 50.96536570300002], [5.888249959000035, 50.96712270100009], [5.914191529000078, 50.97523590100009], [5.927730754000066, 50.97766469400007]]}, "properties": {}}, {"type": "Feature", "geometry": {"type": "LineString", "coordinates": [[6.003695109000091, 50.973737283999995], [6.005762167000057, 50.96851796500006], [5.9996643480000955, 50.96009470600008], [5.995840291000064, 50.95177480100001], [5.997287232000076, 50.93735707600011], [5.999871053000078, 50.92939890600003], [6.007519165000133, 50.92407623300009], [6.031083618000139, 50.914722799000046], [6.063743124000041, 50.90753977500002], [6.061779419000089, 50.90350901300009], [6.056508423000139, 50.89808298800004], [6.054648071000145, 50.89146840400004], [6.063123006000069, 50.87090118400006], [6.062812948000072, 50.862943014000095], [6.056715129000111, 50.85265940400008], [6.045553019000067, 50.8441844690001]]}, "properties": {}}, {"type": "Feature", "geometry": {"type": "LineString", "coordinates": [[5.9678316650000625, 50.97099843400004], [6.003695109000091, 50.973737283999995]]}, "properties": {}}, {"type": "Feature", "geometry": {"type": "LineString", "coordinates": [[6.045553019000067, 50.8441844690001], [6.023022095000073, 50.845424704000024]]}, "properties": {}}, {"type": "Feature", "geometry": {"type": "LineString", "coordinates": [[6.023022095000073, 50.845424704000024], [6.009276164000113, 50.84046376500008], [6.000491170000117, 50.83043853800005], [6.001421346000086, 50.821808574], [6.003591756000077, 50.812610169000024], [5.998320760000041, 50.80072458900007], [5.983954712000127, 50.79219797800006]]}, "properties": {}}, {"type": "Feature", "geometry": {"type": "LineString", "coordinates": [[5.983954712000127, 50.79219797800006], [5.968761841000116, 50.79462677000002]]}, "properties": {}}, {"type": "Feature", "geometry": {"type": "LineString", "coordinates": [[5.968761841000116, 50.79462677000002], [5.972999308000055, 50.78181101500003], [5.980647420000139, 50.773439433000064], [5.990569295000057, 50.769046936000066], [5.997080525000115, 50.76294911700002], [5.9949101160001135, 50.749926656000085]]}, "properties": {}}, {"type": "Feature", "geometry": {"type": "LineString", "coordinates": [[9.581202840000032, 47.05687042300006], [9.608798055000136, 47.080770773000054], [9.615722697000109, 47.10676401800002], [9.605594116000077, 47.13226633700005], [9.5818229570001, 47.154900615000074], [9.552057332000118, 47.16688954700005], [9.551953979000103, 47.175571188000006], [9.561875854000078, 47.19060902900007], [9.562909383000061, 47.19774037700002], [9.554331095000123, 47.211615499000104], [9.544822632000148, 47.220322978000056], [9.540378458000134, 47.22910797200005], [9.547096395000068, 47.24303477000002], [9.530249878000092, 47.253654277000024], [9.52115482500011, 47.2628010050001]]}, "properties": {}}, {"type": "Feature", "geometry": {"type": "LineString", "coordinates": [[7.502289259000094, 43.79222239800002], [7.482726278000058, 43.840219219000076], [7.477868693000062, 43.86551483200013], [7.493474976000101, 43.88623708100006], [7.536779826000071, 43.92078277600005], [7.556933634000131, 43.94408884700009], [7.608610066000068, 43.97561147100005], [7.630934285000137, 43.993543193000036], [7.63868575000015, 44.005067037000046], [7.646953979000102, 44.027494609000044], [7.65336185700005, 44.03969024700005], [7.664317261000093, 44.04857859300007], [7.67878666200005, 44.056588441000045], [7.689948771000076, 44.06733713800007], [7.691912475000095, 44.08464874300007], [7.687942587000094, 44.090799457000074], [7.676202840000144, 44.10898834300009], [7.654085327000132, 44.12495636000004], [7.64188968900001, 44.14355987600008], [7.655635620000055, 44.1760643520001], [7.624733114000065, 44.18009511300001], [7.583598674000086, 44.160716451000056], [7.554763224000055, 44.15906280600008], [7.380820353000075, 44.12294098000008], [7.34061608900015, 44.12366444900009], [7.331004272000143, 44.12526641900011], [7.32159916100008, 44.131881002000014], [7.316224813000133, 44.14020090800007], [7.309300171000132, 44.147487284000064], [7.296174357000069, 44.15115631100004], [7.270129435000115, 44.1543085740001], [7.251319214000091, 44.16004465700006], [7.144969116000084, 44.207225240000085], [7.104868205000088, 44.21776723300006], [7.046060425000121, 44.240298157000055], [7.033451375000084, 44.24293365500007], [7.020015503000138, 44.24210683200006], [7.008026570000084, 44.239212952000074], [6.996140991000061, 44.23781768800008], [6.982808471000055, 44.24174509800007], [6.973403361000095, 44.249444885000045], [6.968855835000056, 44.258178202000025], [6.96554854300004, 44.26753163600007], [6.959244019000039, 44.27735015900005], [6.950045613000043, 44.285101624000035], [6.930201864000139, 44.29538523400005], [6.921210164000087, 44.30215484600008], [6.915629110000083, 44.309699605000034], [6.903846883000085, 44.33000844400006], [6.895992065000144, 44.33982696600002], [6.873977905000061, 44.358378805000044], [6.869843791000051, 44.362926331], [6.866123088000052, 44.37212473600009], [6.866329793000091, 44.37718902600007], [6.868810262000068, 44.3831834920001], [6.8771818440000345, 44.414396057000076], [6.88420983900005, 44.42302602200003], [6.917799519000084, 44.43630686400003], [6.891651245000077, 44.451964824000086], [6.861265503000112, 44.474909160000024], [6.838837931000114, 44.502917786000026], [6.835737345000069, 44.53402699800007], [6.84638269000007, 44.547462871000036], [6.8973356520000095, 44.575419821000125], [6.931648804000133, 44.61794952500007], [6.945601441000122, 44.625442607000096], [6.934335978000149, 44.646681619999995], [6.941467326000094, 44.66699045900002], [6.959864135000089, 44.683165181999996], [6.982808471000055, 44.69215688100003], [7.001205282000029, 44.692260234000074], [7.03727543200003, 44.68461212199999], [7.055155476000095, 44.684870504000074], [7.049367717000109, 44.69789296500001], [7.01898197400007, 44.73887237600003], [7.015157918000114, 44.74739898700004], [7.009783569000149, 44.77210032200007], [6.998414754000066, 44.793752747000056], [6.999138224000063, 44.795044658000094], [7.004099162000017, 44.81080596900007], [7.00595951400004, 44.811529440000086], [7.005856160000093, 44.81633534800007], [7.0067863360000615, 44.81902252200011], [7.007096395000133, 44.822071432000044], [7.004925985000057, 44.827962545000034], [7.000791870000114, 44.8329751590001], [6.982808471000055, 44.846979472], [6.932682332000127, 44.8616555790001], [6.915319051000097, 44.86268910800008], [6.866019735000094, 44.85566111300007], [6.847106161000056, 44.8590717580001], [6.778169800000029, 44.887648825000056], [6.745406941000027, 44.90780263300003], [6.727940307000097, 44.92873158800002], [6.729904012000105, 44.984697164000025], [6.723496134000072, 45.013377584000025], [6.69724450700005, 45.02691681], [6.6622078850000435, 45.029242249000035], [6.651665894000075, 45.03565012600008], [6.639676961000106, 45.05037791000008], [6.63698978700009, 45.05942128500003], [6.638126669000087, 45.067431132000095], [6.636576375000061, 45.07445912700011], [6.620298299000126, 45.08443267900013], [6.6027283120000675, 45.1034496060001], [6.614613892000108, 45.11476674500007], [6.6293851850000465, 45.12354511300005], [6.632700643000106, 45.12551544200009], [6.6673755290001395, 45.13962310900003], [6.6762638750001315, 45.140759990000035], [6.694350626000073, 45.14029490200001], [6.702205445000089, 45.14122507800006], [6.710887085000138, 45.14473907500012], [6.728870483000037, 45.15460927300008], [6.736415242000078, 45.15734812500004], [6.77145186300001, 45.1531623340001], [6.808142131000068, 45.13910634400007], [6.84410892700015, 45.130114645000035], [6.876665079000105, 45.14122507800006], [6.878628784000028, 45.14742625000004], [6.872841023000149, 45.152025452000075], [6.868190144000096, 45.157451477000066], [6.873461141000121, 45.165926412000076], [6.881315958000073, 45.16840688100005], [6.9046737060000964, 45.168613586999996], [6.913768758000089, 45.17016388000012], [6.928444865000074, 45.17956899000008], [6.945808146000076, 45.20106638600002], [6.958727254000081, 45.20979970300009], [6.99448734500001, 45.22132354800003], [7.029730672000085, 45.22819651300007], [7.037688843000041, 45.225767721000025], [7.050194539000131, 45.215019023000096], [7.055465536000071, 45.21367543600003], [7.062183471000111, 45.218533021000056], [7.081200399000068, 45.24307932500004], [7.1083822020001435, 45.25920237300001], [7.1083822020001435, 45.27491200800007], [7.097633504000044, 45.29496246400002], [7.0925692130000755, 45.323952942000105], [7.097736857000058, 45.32984405600011], [7.1300863040001445, 45.3570775350001], [7.150756877000077, 45.38322581000001], [7.159645223000098, 45.39847035800004], [7.160678752000081, 45.41092437800005], [7.15292728600005, 45.41511016900007], [7.110139201000038, 45.42828765900005], [7.096806681000118, 45.43541900700008], [7.088745158000108, 45.446632793000035], [7.081820515000032, 45.45908681300001], [7.0753685430000814, 45.466285856000056], [7.072001993000072, 45.470042217000085], [7.028490437000045, 45.493141581000074], [6.982808471000055, 45.51112498000005], [6.9752637120001, 45.525646058000106], [6.96978601100011, 45.56698720300004], [6.9658586010001216, 45.574428609000066], [6.954903198000068, 45.58621083600006], [6.9529394940001055, 45.59427236000006], [6.95562666800015, 45.60259226500001], [6.967098836000076, 45.62016225200007], [6.9694759520000105, 45.62584665900003], [6.963378133000049, 45.640729472000075], [6.951079142000111, 45.646775615000124], [6.918626343000085, 45.6525633750001], [6.905293823000079, 45.65969472300013], [6.8825561930000845, 45.67550771100012], [6.869223673000079, 45.679021708000064], [6.843075398000082, 45.682742411999996], [6.816100301000034, 45.69685007700012], [6.79594649200007, 45.71814076800011], [6.784681030000115, 45.75958526600006], [6.781993856000071, 45.77746531200002], [6.782717325000078, 45.795293681000075], [6.788091675000118, 45.81172678700004], [6.800804077000095, 45.82645457000005], [6.816203654000077, 45.832914124000084], [6.843355552194634, 45.83864285996073], [6.851996927951799, 45.83622327474872], [6.858564373527243, 45.83345803450643], [6.864440509042115, 45.826890588930986], [6.8706622995872735, 45.82827320905213], [6.871699264678133, 45.832766724445854], [6.872736229768993, 45.83967982505159], [6.873461141000121, 45.844799704000124], [6.880385782000104, 45.84552317300002], [6.905087117000107, 45.84536814400006], [6.9263778080000975, 45.84976064100006], [6.949012085000049, 45.85782216400007], [6.969165893000138, 45.86975942000002], [6.982808471000055, 45.885779114000044], [6.989112997000063, 45.899266663000034], [6.997174519000055, 45.911307272], [7.0077165120001155, 45.920505677000094], [7.022082560000115, 45.92525990899999]]}, "properties": {}}, {"type": "Feature", "geometry": {"type": "LineString", "coordinates": [[5.9949101160001135, 50.749926656000085], [5.993256469000073, 50.74806630500008], [5.992636353000108, 50.74625763000007], [5.992739705000133, 50.744448955000095], [5.994186645000127, 50.74258860300007], [6.010826457000036, 50.73705922500007], [6.011343221000089, 50.72744740800006], [6.007622518000062, 50.71690541700009], [6.011549926000043, 50.708533835000125], [6.02477909300012, 50.707551982000055]]}, "properties": {}}, {"type": "Feature", "geometry": {"type": "LineString", "coordinates": [[6.064363240000091, 50.714476624000056], [6.0810030520001135, 50.71349477200009], [6.100226685000052, 50.70129913400005], [6.161101521000063, 50.642181296000004], [6.147769002000047, 50.63675527000002], [6.159447876000115, 50.622389222000024], [6.180015096000119, 50.61551625600005], [6.249054809000086, 50.61443105100007], [6.251328572000091, 50.608436585000035], [6.244300577000075, 50.599548239000015], [6.232931763000096, 50.59076324500005], [6.232931763000096, 50.587145894000045], [6.210607543000037, 50.578670959000036], [6.17908492000015, 50.56197947200012], [6.160688110000052, 50.54358266300001], [6.1773279220000745, 50.53019846600007], [6.1694731030001435, 50.52249867799999], [6.1708166910001125, 50.51795115200004], [6.178878214000093, 50.51578074200005], [6.190557088000077, 50.51521230100009], [6.182598917000121, 50.50658233700007], [6.190660441000091, 50.50182810500006], [6.1992387290000295, 50.49040761300007], [6.207196900000099, 50.48632517500006], [6.217118774000085, 50.486015117000065]]}, "properties": {}}, {"type": "Feature", "geometry": {"type": "LineString", "coordinates": [[6.02477909300012, 50.707551982000055], [6.064363240000091, 50.714476624000056]]}, "properties": {}}, {"type": "Feature", "geometry": {"type": "LineString", "coordinates": [[6.255566040000133, 50.4945934040001], [6.257839803000053, 50.494076640000074], [6.260113566000086, 50.49268137600008], [6.27540979000014, 50.488030497000025], [6.31871464000011, 50.481674296000094], [6.336904744000037, 50.481002502000095], [6.325742635000097, 50.474026184000095], [6.32326216600012, 50.46601633700003], [6.326156046000108, 50.45702463800008], [6.331633748000115, 50.446896057000046], [6.340212036000139, 50.43785268200007], [6.347343384000084, 50.43697418300006], [6.351167440000012, 50.43356353800003], [6.350443969000111, 50.416872051000084], [6.34331262200007, 50.39330759700009], [6.336387980000097, 50.379923402000045], [6.337731567000077, 50.36808949800003], [6.372458130000098, 50.32943552700003], [6.3733996840001055, 50.323080035000075], [6.374525187000074, 50.31548289100003], [6.36201949000008, 50.30695627900012], [6.335457804000043, 50.303855692000084]]}, "properties": {}}, {"type": "Feature", "geometry": {"type": "LineString", "coordinates": [[6.217118774000085, 50.486015117000065], [6.25091516100008, 50.49268137600008], [6.253085571000071, 50.494076640000074], [6.255566040000133, 50.4945934040001]]}, "properties": {}}, {"type": "Feature", "geometry": {"type": "LineString", "coordinates": [[6.335457804000043, 50.303855692000084], [6.322021932000098, 50.305405986], [6.310653116000111, 50.30824819000007], [6.299491007000086, 50.308868307000054]]}, "properties": {}}, {"type": "Feature", "geometry": {"type": "LineString", "coordinates": [[6.299491007000086, 50.308868307000054], [6.285951782000097, 50.303855692000084], [6.276029907000094, 50.29610422800006], [6.269415324000107, 50.28649241200007], [6.267348267000045, 50.276415507000124], [6.271792439000137, 50.26742380800009], [6.253395630000057, 50.25677846300009], [6.2104008380000835, 50.24902699799999], [6.189626912000023, 50.24272247300006], [6.179808390000062, 50.233007304000026], [6.15717411300011, 50.22272369400004], [6.146838827000096, 50.214042054000075], [6.160171346000112, 50.20453359], [6.1657524000001445, 50.193164775000085], [6.165132284000066, 50.181899312000056], [6.159137817000044, 50.17244252600007], [6.151696411000017, 50.169341939000034], [6.13174930800011, 50.16830841100004], [6.123171020000058, 50.16489776700003], [6.121310668000149, 50.161590475000125], [6.11800337700015, 50.15037668900008], [6.115832967000074, 50.14546742800003], [6.1259615470001165, 50.140196432000025], [6.129475545000076, 50.134046937000036], [6.126581665000089, 50.1273290000001], [6.11748661300004, 50.12045603500006]]}, "properties": {}}, {"type": "Feature", "geometry": {"type": "LineString", "coordinates": [[11.7348698320001, 46.97062245700003], [11.746445353000041, 46.97245697100003], [11.766082397000076, 46.9834382130001], [11.777141154000077, 46.98829579700002], [11.822513061000109, 46.99325673500006], [11.85703291900009, 47.01201527900007], [11.899510946000134, 47.027724915000036], [11.943642618000126, 47.038163555000054], [12.0, 47.04000129532226]]}, "properties": {}}, {"type": "Feature", "geometry": {"type": "LineString", "coordinates": [[11.471836792000119, 47.007080181000035], [11.48940677900012, 47.00421213800006], [11.495918009000093, 47.00160247800004], [11.501705770000058, 46.99785593700001], [11.506976766000093, 46.9929983520001], [11.515348348000146, 46.989484355000045], [11.524443400000024, 46.98834747300005]]}, "properties": {}}, {"type": "Feature", "geometry": {"type": "LineString", "coordinates": [[11.411168661000147, 46.97049326600008], [11.445171753000096, 46.9929983520001], [11.44527510600011, 46.99310170500003], [11.452923217000091, 47.00087900900003], [11.4618115640001, 47.005504049000095], [11.471836792000119, 47.007080181000035]]}, "properties": {}}, {"type": "Feature", "geometry": {"type": "LineString", "coordinates": [[11.596480347000096, 47.0004397580001], [11.64795007300009, 46.99325673500006]]}, "properties": {}}, {"type": "Feature", "geometry": {"type": "LineString", "coordinates": [[11.524443400000024, 46.98834747300005], [11.533848511000087, 46.98953603200006], [11.543253621000133, 46.9929983520001], [11.543356974000062, 46.9929983520001], [11.54356368000012, 46.99310170500003], [11.543667033000048, 46.99310170500003], [11.572709188000147, 46.99891530400002], [11.596480347000096, 47.0004397580001]]}, "properties": {}}, {"type": "Feature", "geometry": {"type": "LineString", "coordinates": [[11.664796590000066, 46.99325673500006], [11.683813517000118, 46.991913147000005], [11.71616296400012, 46.97548004200003], [11.7348698320001, 46.97062245700003]]}, "properties": {}}, {"type": "Feature", "geometry": {"type": "LineString", "coordinates": [[11.65725183100011, 46.99253326400007], [11.664796590000066, 46.99325673500006]]}, "properties": {}}, {"type": "Feature", "geometry": {"type": "LineString", "coordinates": [[11.648466838000047, 46.99325673500006], [11.64970707200007, 46.9929983520001], [11.65725183100011, 46.99253326400007]]}, "properties": {}}, {"type": "Feature", "geometry": {"type": "LineString", "coordinates": [[11.64795007300009, 46.99325673500006], [11.648466838000047, 46.99325673500006]]}, "properties": {}}, {"type": "Feature", "geometry": {"type": "LineString", "coordinates": [[11.31381026200009, 46.98726226800004], [11.349467001000079, 46.98193959600009], [11.38057621200005, 46.97155263300006], [11.411168661000147, 46.97049326600008]]}, "properties": {}}, {"type": "Feature", "geometry": {"type": "LineString", "coordinates": [[10.98266768400012, 46.76774078400008], [10.996930379000105, 46.76911021000005], [11.010883016000093, 46.779212952000094], [11.033310588000091, 46.80556793200007], [11.037444702000101, 46.808255106999994], [11.048503458000113, 46.811691590000024], [11.052844279000084, 46.81492136700011], [11.054601277000074, 46.81993398000007], [11.053464396000066, 46.8303209430001], [11.054291219000078, 46.83414499900003], [11.073101441000091, 46.86496999200001], [11.083643432000144, 46.90013580400007], [11.091911662000115, 46.912434795000095], [11.1566105550001, 46.95651479100009], [11.174490601000059, 46.96385284500006], [11.243737020000054, 46.97925242200007], [11.31381026200009, 46.98726226800004]]}, "properties": {}}, {"type": "Feature", "geometry": {"type": "LineString", "coordinates": [[10.453811076000136, 46.864427389000056], [10.486263875000134, 46.84636647500007], [10.527708374000099, 46.84321421300008]]}, "properties": {}}, {"type": "Feature", "geometry": {"type": "LineString", "coordinates": [[10.647080932000051, 46.86375559599999], [10.662480509000119, 46.86096506800003], [10.738961629000102, 46.829545796999994], [10.748676798000133, 46.819443055000036], [10.743819213000023, 46.81251841300006], [10.7215983480001, 46.80014190700008], [10.716947469000047, 46.79520680800006], [10.722941935000051, 46.786447652000064], [10.733690633000066, 46.78618927100011]]}, "properties": {}}, {"type": "Feature", "geometry": {"type": "LineString", "coordinates": [[10.527708374000099, 46.84321421300008], [10.629407593000053, 46.86241200800002], [10.647080932000051, 46.86375559599999]]}, "properties": {}}, {"type": "Feature", "geometry": {"type": "LineString", "coordinates": [[10.754774618000113, 46.790762634000046], [10.766350138000064, 46.78810129900002], [10.795082235000052, 46.77688751300006], [10.804900757000041, 46.7766291300001]]}, "properties": {}}, {"type": "Feature", "geometry": {"type": "LineString", "coordinates": [[10.733690633000066, 46.78618927100011], [10.754774618000113, 46.790762634000046]]}, "properties": {}}, {"type": "Feature", "geometry": {"type": "LineString", "coordinates": [[10.823917684000094, 46.78034983300002], [10.834149617000065, 46.78024648000009], [10.843141317000118, 46.77704254200002], [10.860194539000133, 46.766991476000086], [10.870426473000123, 46.76407175700008]]}, "properties": {}}, {"type": "Feature", "geometry": {"type": "LineString", "coordinates": [[10.804900757000041, 46.7766291300001], [10.823917684000094, 46.78034983300002]]}, "properties": {}}, {"type": "Feature", "geometry": {"type": "LineString", "coordinates": [[10.93088789900014, 46.773993633000075], [10.96571781400013, 46.771642354000065], [10.98266768400012, 46.76774078400008]]}, "properties": {}}, {"type": "Feature", "geometry": {"type": "LineString", "coordinates": [[10.870426473000123, 46.76407175700008], [10.880348348000041, 46.76458852200004], [10.913731323000093, 46.772339986000034], [10.93088789900014, 46.773993633000075]]}, "properties": {}}, {"type": "Feature", "geometry": {"type": "LineString", "coordinates": [[7.406968628000072, 43.76350555400002], [7.426246111000125, 43.755464229000026], [7.437454032000119, 43.74336054100006]]}, "properties": {}}, {"type": "Feature", "geometry": {"type": "LineString", "coordinates": [[7.365750207000076, 43.72273028300002], [7.367262599000071, 43.73412453300007], [7.372655477000052, 43.74583221500002], [7.387538289000105, 43.7578986620001], [7.406968628000072, 43.76350555400002]]}, "properties": {}}, {"type": "Feature", "geometry": {"type": "LineString", "coordinates": [[-1.7473563229999058, 43.29100209600004], [-1.7497299859999202, 43.29479269100007], [-1.7524206129998845, 43.29908945800004], [-1.7557795819998887, 43.3185456340001], [-1.768233601999981, 43.330922140000084], [-1.796914021999953, 43.341128235000056], [-1.7971724039999515, 43.353323873000065], [-1.7964489339999545, 43.37438202], [-1.7940747448219838, 43.38601533237609]]}, "properties": {}}, {"type": "Feature", "geometry": {"type": "LineString", "coordinates": [[-1.6110855719998938, 43.24581105600005], [-1.6218859459999067, 43.246999613000085], [-1.6340815839999152, 43.251107890000085], [-1.6390425209998796, 43.255681255000056], [-1.6463288979998651, 43.2727861530001], [-1.647982543999916, 43.281545309000066], [-1.6451920169999426, 43.28764312800003], [-1.6450369869999122, 43.292371521000106], [-1.654907185999889, 43.297539164000014], [-1.6738724359999253, 43.30415374800002], [-1.6830191649999335, 43.304928894000014]]}, "properties": {}}, {"type": "Feature", "geometry": {"type": "LineString", "coordinates": [[-1.6830191649999335, 43.304928894000014], [-1.7033280029998537, 43.2986243700001], [-1.7248253979998935, 43.29653147400005], [-1.7365559489998645, 43.29231984400009], [-1.7473563229999058, 43.29100209600004]]}, "properties": {}}, {"type": "Feature", "geometry": {"type": "LineString", "coordinates": [[-1.466391560999881, 43.26077138300012], [-1.5080944419999014, 43.276765239000056], [-1.5392036549999375, 43.283560690000016], [-1.5590474039999265, 43.28407745400007]]}, "properties": {}}, {"type": "Feature", "geometry": {"type": "LineString", "coordinates": [[-1.5590474039999265, 43.28407745400007], [-1.5739818929999103, 43.277437032000066], [-1.5818883869999354, 43.26035797100012], [-1.5875727949998861, 43.251598817000044], [-1.5984765219999417, 43.246999613000085], [-1.6110855719998938, 43.24581105600005]]}, "properties": {}}, {"type": "Feature", "geometry": {"type": "LineString", "coordinates": [[-1.3831408279998527, 43.029209290000026], [-1.4105293379998898, 43.030914612000075], [-1.4350239659999318, 43.03572052000008], [-1.4571414789998585, 43.04507395500012], [-1.4752799069999867, 43.060137634000014], [-1.4878372799998942, 43.0818158980001], [-1.4796207279998725, 43.090264995], [-1.4384346109998773, 43.12279530900004], [-1.425773884999927, 43.13527516700013], [-1.4105293379998898, 43.16690114400002], [-1.399677286999946, 43.20674367300005], [-1.4035013429999594, 43.243330587000074], [-1.4322334389999867, 43.265008850000086], [-1.4442223719999276, 43.2651122030001]]}, "properties": {}}, {"type": "Feature", "geometry": {"type": "LineString", "coordinates": [[-1.4442223719999276, 43.2651122030001], [-1.4552811279998537, 43.26221832300011], [-1.466391560999881, 43.26077138300012]]}, "properties": {}}, {"type": "Feature", "geometry": {"type": "LineString", "coordinates": [[-1.149925088999879, 43.00572235200012], [-1.1825329189999252, 43.025281881000055], [-1.216897745999887, 43.03926035600004], [-1.2748787029999278, 43.046830953], [-1.2936889239999516, 43.05520253500008], [-1.310587117999944, 43.06949106900005], [-1.315082966999853, 43.082875265], [-1.3069697669999414, 43.095975240000044], [-1.2860408119999533, 43.109178569000036], [-1.308623412999907, 43.113571066000034]]}, "properties": {}}, {"type": "Feature", "geometry": {"type": "LineString", "coordinates": [[-1.308623412999907, 43.113571066000034], [-1.331050984999905, 43.10734405600003], [-1.3482592369998656, 43.093081360000056], [-1.3551838779999343, 43.07303090400002], [-1.357612670999913, 43.046830953], [-1.3661392829999386, 43.033317567000026], [-1.3831408279998527, 43.029209290000026]]}, "properties": {}}, {"type": "Feature", "geometry": {"type": "LineString", "coordinates": [[-0.8635343019999482, 42.94306467700001], [-0.9432193609999047, 42.9478964230001], [-0.981459920999896, 42.957043152], [-1.0162898349999523, 42.97624094700002], [-1.0284854739998934, 42.98670542400005], [-1.0450736089998998, 42.99021942200001], [-1.0796968179998885, 42.99339752200008], [-1.087189900999931, 42.99799672500002], [-1.1037263589999213, 43.005748190000034], [-1.1124079999999879, 43.00825449600002]]}, "properties": {}}, {"type": "Feature", "geometry": {"type": "LineString", "coordinates": [[-1.1124079999999879, 43.00825449600002], [-1.149925088999879, 43.00572235200012]]}, "properties": {}}, {"type": "Feature", "geometry": {"type": "LineString", "coordinates": [[-0.7202872319998619, 42.876608785000045], [-0.7301057539999078, 42.8775131230001], [-0.7402860109998812, 42.88479949900007], [-0.7458670659999029, 42.89392039000005], [-0.7447818599999039, 42.8992947390001], [-0.7414228919998891, 42.90389394200007], [-0.7409061289999386, 42.910896098000066], [-0.7450319629998887, 42.91872722699999], [-0.7596646729998611, 42.94650116000004], [-0.786433064999926, 42.953270773000085]]}, "properties": {}}, {"type": "Feature", "geometry": {"type": "LineString", "coordinates": [[-0.786433064999926, 42.953270773000085], [-0.8635343019999482, 42.94306467700001]]}, "properties": {}}, {"type": "Feature", "geometry": {"type": "LineString", "coordinates": [[-0.603550170999938, 42.79684621200006], [-0.6101647539999249, 42.79909413700007], [-0.609958048999971, 42.802840679], [-0.6080460209999501, 42.80718149799999], [-0.609492960999944, 42.81144480400003], [-0.6483019619998913, 42.84978871700007], [-0.6660786539999037, 42.860744120000035], [-0.7003918049999243, 42.876427918000005], [-0.7105203859998994, 42.877668153000045]]}, "properties": {}}, {"type": "Feature", "geometry": {"type": "LineString", "coordinates": [[-0.7105203859998994, 42.877668153000045], [-0.7202872319998619, 42.876608785000045]]}, "properties": {}}, {"type": "Feature", "geometry": {"type": "LineString", "coordinates": [[0.7763139240000783, 42.832451274000036], [0.7588472900000625, 42.835267640000026], [0.7243274330000702, 42.845292867000026], [0.7067574460000969, 42.84658477900008]]}, "properties": {}}, {"type": "Feature", "geometry": {"type": "LineString", "coordinates": [[0.7067574460000969, 42.84658477900008], [0.6793689370000493, 42.84511200000007], [0.6563212480000971, 42.83841990200007], [0.6515670160000866, 42.82405385400007], [0.6537374270000953, 42.802685649000054], [0.6396814370001493, 42.77467702300005], [0.6507401940000648, 42.76338572300007], [0.6432987870000488, 42.7590707400001], [0.6395780840000498, 42.754833272000056], [0.6334802650000881, 42.744782206000124], [0.6476396080001336, 42.7410356650001], [0.6596285400000852, 42.72989939400007], [0.6664498290000438, 42.71475820000008], [0.6654163010000502, 42.6986609910001], [0.6634258140000497, 42.69621435100008], [0.6567346600000974, 42.6879898080001], [0.6436088460001201, 42.68447581000005]]}, "properties": {}}, {"type": "Feature", "geometry": {"type": "LineString", "coordinates": [[-0.20835465499993688, 42.78387542700004], [-0.23514888599993355, 42.78622670500009], [-0.24703446399985296, 42.804830221000046], [-0.30513493799995217, 42.83081010700006], [-0.3074183759998732, 42.83183115700008], [-0.32279211399995233, 42.84250234000008]]}, "properties": {}}, {"type": "Feature", "geometry": {"type": "LineString", "coordinates": [[-0.32279211399995233, 42.84250234000008], [-0.3282439779999322, 42.83258046499999], [-0.3351686199999051, 42.82495819100011], [-0.34299759999993285, 42.822736105000004]]}, "properties": {}}, {"type": "Feature", "geometry": {"type": "LineString", "coordinates": [[0.9211112870001159, 42.784366354000085], [0.9103625890001013, 42.78767364600007], [0.8944462480000936, 42.79932668100004], [0.885764608000045, 42.80423594200009], [0.8561023360000775, 42.8127625530001], [0.8129008380001324, 42.831624451000025], [0.7957442630000742, 42.83384653700004]]}, "properties": {}}, {"type": "Feature", "geometry": {"type": "LineString", "coordinates": [[0.7957442630000742, 42.83384653700004], [0.7763139240000783, 42.832451274000036]]}, "properties": {}}, {"type": "Feature", "geometry": {"type": "LineString", "coordinates": [[-0.34299759999993285, 42.822736105000004], [-0.35167923999989625, 42.82924733500006]]}, "properties": {}}, {"type": "Feature", "geometry": {"type": "LineString", "coordinates": [[-0.35167923999989625, 42.82924733500006], [-0.39973832199993353, 42.801316223000086], [-0.4239228929999115, 42.790670878000086], [-0.45446366299992746, 42.78891388000001]]}, "properties": {}}, {"type": "Feature", "geometry": {"type": "LineString", "coordinates": [[-0.45446366299992746, 42.78891388000001], [-0.5084138589998872, 42.80749155700006], [-0.533890339999914, 42.80800832200002]]}, "properties": {}}, {"type": "Feature", "geometry": {"type": "LineString", "coordinates": [[-0.533890339999914, 42.80800832200002], [-0.5356473389998939, 42.784211324000054], [-0.544432332999861, 42.782015076000036], [-0.5611754959999189, 42.773540141000055], [-0.5690303139998605, 42.7726358040001]]}, "properties": {}}, {"type": "Feature", "geometry": {"type": "LineString", "coordinates": [[-0.5690303139998605, 42.7726358040001], [-0.5786938069998655, 42.77733835900007], [-0.5785387779999382, 42.7833069870001], [-0.5771435139999426, 42.78979237900005], [-0.582931274999936, 42.79583852100011], [-0.587323770999916, 42.79684621200006]]}, "properties": {}}, {"type": "Feature", "geometry": {"type": "LineString", "coordinates": [[-0.587323770999916, 42.79684621200006], [-0.603550170999938, 42.79684621200006]]}, "properties": {}}, {"type": "Feature", "geometry": {"type": "LineString", "coordinates": [[1.1625435790000438, 42.705688986], [1.1514848230001178, 42.70672251399999], [1.1343282470000702, 42.7159725960001], [1.1240963130000807, 42.72974436500003], [1.1165515540001252, 42.745247294000066], [1.1067330320000792, 42.759613343000055], [1.0890596920001485, 42.77131805400005], [1.0681824140000913, 42.776123963000046], [0.9829163000001131, 42.7803614300001], [0.9752681890001327, 42.78374623600011], [0.9587317300000677, 42.79371978800002], [0.9502567950001435, 42.796122742000065]]}, "properties": {}}, {"type": "Feature", "geometry": {"type": "LineString", "coordinates": [[0.9502567950001435, 42.796122742000065], [0.9400248620000866, 42.79366811200002], [0.9306197510001084, 42.78803538000007], [0.9211112870001159, 42.784366354000085]]}, "properties": {}}, {"type": "Feature", "geometry": {"type": "LineString", "coordinates": [[-0.03893347199991126, 42.68514760400002], [-0.07841426599995316, 42.69667144800006], [-0.08420202699991819, 42.70108978300006], [-0.08885290599988593, 42.70612823500004], [-0.09575170899995555, 42.71067576100005], [-0.10848994999992101, 42.71336293600008], [-0.11903194199987865, 42.71685109500005], [-0.12182246899993743, 42.723310649], [-0.12311437999989039, 42.7303644820001], [-0.1292380369999364, 42.73589386000002], [-0.14572281899992845, 42.74589325000004], [-0.1577892659999236, 42.76069854700005], [-0.16362870299988685, 42.77798431400005], [-0.16140661599990835, 42.79534759600007]]}, "properties": {}}, {"type": "Feature", "geometry": {"type": "LineString", "coordinates": [[-0.16140661599990835, 42.79534759600007], [-0.17939001499988194, 42.78974070200003], [-0.20835465499993688, 42.78387542700004]]}, "properties": {}}, {"type": "Feature", "geometry": {"type": "LineString", "coordinates": [[0.2753884280000989, 42.66868866000006], [0.25980798300014385, 42.68238291400006], [0.23836226400004534, 42.71036570300008], [0.2223942460000785, 42.71620514000007], [0.16916752100013355, 42.72646291100004]]}, "properties": {}}, {"type": "Feature", "geometry": {"type": "LineString", "coordinates": [[0.16916752100013355, 42.72646291100004], [0.15294112100011148, 42.72460256000004], [0.1341825760001143, 42.715223288000104], [0.07284265100014409, 42.70847951300006], [-0.004310262999922543, 42.68752472000007], [-0.03893347199991126, 42.68514760400002]]}, "properties": {}}, {"type": "Feature", "geometry": {"type": "LineString", "coordinates": [[0.40928206400008094, 42.68225372300013], [0.38928328500011844, 42.68514760400002], [0.38439986200009457, 42.68858408600006], [0.3836763910001082, 42.69269236300006], [0.38401228800009335, 42.6968523150001], [0.3818160400001034, 42.70010793100009], [0.35416914800009636, 42.71749705000012]]}, "properties": {}}, {"type": "Feature", "geometry": {"type": "LineString", "coordinates": [[0.35416914800009636, 42.71749705000012], [0.33603072100007125, 42.712691142000025], [0.3183057040000392, 42.69953949000005], [0.2902454020000391, 42.67029062900009], [0.2753884280000989, 42.66868866000006]]}, "properties": {}}, {"type": "Feature", "geometry": {"type": "LineString", "coordinates": [[1.4292973220001102, 42.59538564100005], [1.414827921000068, 42.60933827700002], [1.3979814040000917, 42.64362559000004], [1.3787577710000676, 42.66323679600008], [1.3610844320000695, 42.68672373500006], [1.3527128500001027, 42.690056865000045], [1.3433077390000392, 42.69044443800006], [1.3382434490000605, 42.69444936100005], [1.3425842690000422, 42.708660381000115], [1.319123169000079, 42.71336293600008], [1.1959265540000956, 42.71364715600008]]}, "properties": {}}, {"type": "Feature", "geometry": {"type": "LineString", "coordinates": [[1.1959265540000956, 42.71364715600008], [1.1625435790000438, 42.705688986]]}, "properties": {}}, {"type": "Feature", "geometry": {"type": "LineString", "coordinates": [[0.4835152590000291, 42.68530263300006], [0.4669271240000228, 42.69044443800006]]}, "properties": {}}, {"type": "Feature", "geometry": {"type": "LineString", "coordinates": [[0.4669271240000228, 42.69044443800006], [0.4287899170000742, 42.68302887000006], [0.40928206400008094, 42.68225372300013]]}, "properties": {}}, {"type": "Feature", "geometry": {"type": "LineString", "coordinates": [[0.6436088460001201, 42.68447581000005], [0.6081588130001023, 42.6879898080001]]}, "properties": {}}, {"type": "Feature", "geometry": {"type": "LineString", "coordinates": [[0.6081588130001023, 42.6879898080001], [0.4835152590000291, 42.68530263300006]]}, "properties": {}}, {"type": "Feature", "geometry": {"type": "LineString", "coordinates": [[1.5430888270001333, 42.64936167400002], [1.5973490810000612, 42.62192148900006], [1.6083044840001435, 42.618123271000016], [1.7219926350000492, 42.60985504200006], [1.7133109950000858, 42.58954620400006], [1.7294340410000757, 42.5820014450001], [1.752688435000067, 42.57667877200005], [1.761107147000132, 42.567646197], [1.7650907800001505, 42.56337209100003], [1.7399760330001186, 42.56164093000005], [1.7216825770001378, 42.54851511600002], [1.7106238200001371, 42.52774119100006], [1.707006470000067, 42.50278147400006]]}, "properties": {}}, {"type": "Feature", "geometry": {"type": "LineString", "coordinates": [[1.498440389000109, 42.64024078400003], [1.527792602000062, 42.64853485200008], [1.5430888270001333, 42.64936167400002]]}, "properties": {}}, {"type": "Feature", "geometry": {"type": "LineString", "coordinates": [[1.4668144120001045, 42.64145518000005], [1.498440389000109, 42.64024078400003]]}, "properties": {}}, {"type": "Feature", "geometry": {"type": "LineString", "coordinates": [[1.4292973220001102, 42.59538564100005], [1.4514148360001116, 42.60205190100005], [1.4668144120001045, 42.64145518000005]]}, "properties": {}}, {"type": "Feature", "geometry": {"type": "LineString", "coordinates": [[1.707006470000067, 42.50278147400006], [1.7100037030000692, 42.501334534000065], [1.7119674070001167, 42.49929331500003], [1.7126908770001137, 42.496787008000055], [1.71217411300006, 42.49371226000001], [1.730570923000073, 42.488053691000076], [1.7926859950000562, 42.48172332800006], [1.8136666260000425, 42.475237936], [1.8697872320001068, 42.446790060000055], [1.89324833200007, 42.44273346000007], [1.9119552000001363, 42.44195831300006], [1.9274581290000583, 42.43689402300008], [1.9411007080000786, 42.420099182000016], [1.9542265220000559, 42.382685445000035], [1.9637349850001158, 42.367234192000055], [1.983372030000055, 42.35454762799999], [1.9956710200000884, 42.348682353000086], [2.0092102450000766, 42.34708038300006]]}, "properties": {}}, {"type": "Feature", "geometry": {"type": "LineString", "coordinates": [[2.933701619000061, 42.47022532200002], [2.966051066000148, 42.46100107900013]]}, "properties": {}}, {"type": "Feature", "geometry": {"type": "LineString", "coordinates": [[2.8840922450000903, 42.449193014000016], [2.9008354090001376, 42.45126007100008], [2.933701619000061, 42.47022532200002]]}, "properties": {}}, {"type": "Feature", "geometry": {"type": "LineString", "coordinates": [[2.983104289000096, 42.46932098399999], [2.993749634000096, 42.467615662000114], [3.02299849400012, 42.46704722100007], [3.0296130770001355, 42.46565195699999], [3.0360209560000726, 42.45461903900009], [3.04387577300011, 42.445265605000046], [3.0535909420001417, 42.437643331000075], [3.0655798740000932, 42.432010600000055], [3.086147094000097, 42.42717885400005], [3.1116752520001114, 42.425008444000056]]}, "properties": {}}, {"type": "Feature", "geometry": {"type": "LineString", "coordinates": [[2.966051066000148, 42.46100107900013], [2.983104289000096, 42.46932098399999]]}, "properties": {}}, {"type": "Feature", "geometry": {"type": "LineString", "coordinates": [[2.8669356690000427, 42.44963226300003], [2.8840922450000903, 42.449193014000016]]}, "properties": {}}, {"type": "Feature", "geometry": {"type": "LineString", "coordinates": [[2.7677169190000654, 42.40955719100005], [2.7885941980000553, 42.41201182100009], [2.8046138920001056, 42.41955658000005], [2.8347929280000983, 42.441312358000076], [2.8508126220001486, 42.44836619100009], [2.8669356690000427, 42.44963226300003]]}, "properties": {}}, {"type": "Feature", "geometry": {"type": "LineString", "coordinates": [[3.1116752520001114, 42.425008444000056], [3.137823527000137, 42.42593862000008], [3.180969656617492, 42.43148414770202]]}, "properties": {}}, {"type": "Feature", "geometry": {"type": "LineString", "coordinates": [[2.277410930000144, 42.428625794000126], [2.3053162030001317, 42.41697275800006], [2.3173051350000833, 42.409608867000046], [2.3754927980000957, 42.38932586700004], [2.4066020100001424, 42.38426157600007], [2.4225183510000647, 42.38369313600002], [2.429856404000077, 42.367544251000126], [2.4455660400001307, 42.351963806000086], [2.4648930250000944, 42.34062082900003], [2.4833931880001217, 42.33697764100002], [2.503650350000015, 42.32845103000001], [2.514812459000069, 42.32566050300004]]}, "properties": {}}, {"type": "Feature", "geometry": {"type": "LineString", "coordinates": [[2.184186645000125, 42.411805115000064], [2.2459916590001114, 42.42611948700004], [2.277410930000144, 42.428625794000126]]}, "properties": {}}, {"type": "Feature", "geometry": {"type": "LineString", "coordinates": [[2.136954386000099, 42.41622345000006], [2.184186645000125, 42.411805115000064]]}, "properties": {}}, {"type": "Feature", "geometry": {"type": "LineString", "coordinates": [[2.0092102450000766, 42.34708038300006], [2.035255168000049, 42.34925079400007], [2.05168827300011, 42.35235138000009], [2.063263794000079, 42.35790659700011], [2.0801103110000554, 42.37126495400004], [2.1039848230001326, 42.38483001700003], [2.108739054000125, 42.39064361600002], [2.1162838130000807, 42.40539723700003], [2.121038045000148, 42.410616557000125], [2.136954386000099, 42.41622345000006]]}, "properties": {}}, {"type": "Feature", "geometry": {"type": "LineString", "coordinates": [[2.72854618300002, 42.41402720200007], [2.7677169190000654, 42.40955719100005]]}, "properties": {}}, {"type": "Feature", "geometry": {"type": "LineString", "coordinates": [[2.6354252530000224, 42.33788197900007], [2.662193644000098, 42.33901886100007], [2.6617802320000976, 42.34335968000006], [2.6493778890001067, 42.353720806000084], [2.640282837000143, 42.372841085000076], [2.6482410070001094, 42.3814710490001], [2.6904089760000716, 42.406172384000016], [2.708082316000059, 42.412890320000045], [2.72854618300002, 42.41402720200007]]}, "properties": {}}, {"type": "Feature", "geometry": {"type": "LineString", "coordinates": [[2.56741906700006, 42.352635600000085], [2.613411092000149, 42.3409567260001], [2.6354252530000224, 42.33788197900007]]}, "properties": {}}, {"type": "Feature", "geometry": {"type": "LineString", "coordinates": [[2.514812459000069, 42.32566050300004], [2.5252510980000977, 42.32589304700009], [2.5319690350001167, 42.33077647000003], [2.5403406170000835, 42.34697703100004], [2.5480920810001066, 42.35224802700007], [2.56741906700006, 42.352635600000085]]}, "properties": {}}, {"type": "Feature", "geometry": {"type": "LineString", "coordinates": [[1.9679724530000726, 42.48570241300003], [1.9783077400000764, 42.474979554000114], [1.988436320000119, 42.45818471300005], [1.9994950760001302, 42.44389618000007], [1.9960844320001172, 42.442836812000095], [1.9861625570001138, 42.44126068100006], [1.983372030000055, 42.44126068100006]]}, "properties": {}}, {"type": "Feature", "geometry": {"type": "LineString", "coordinates": [[1.983372030000055, 42.44126068100006], [1.960634399000071, 42.44371531200004], [1.9475085850001221, 42.45123423300008], [1.9456482330000995, 42.46381744500009], [1.9566036380000753, 42.481775005000074], [1.9679724530000726, 42.48570241300003]]}, "properties": {}}, {"type": "Feature", "geometry": {"type": "LineString", "coordinates": [[1.4292973220001102, 42.59538564100005], [1.4248531500001036, 42.589365336000085], [1.419272095000082, 42.57926259400004], [1.4180318600000419, 42.56983164500009], [1.4264034420001224, 42.56564585400007], [1.4263000900000975, 42.561795960000026], [1.4097636310000894, 42.54060862200005], [1.4064563390001013, 42.52923980800007]]}, "properties": {}}, {"type": "Feature", "geometry": {"type": "LineString", "coordinates": [[1.4289872640001136, 42.53146189400006], [1.4465572510000868, 42.51988637400002], [1.449967895000043, 42.50407338400002], [1.4302274980000789, 42.493557231000054], [1.4245430900000144, 42.49247202600007], [1.4075932210000985, 42.48676178000004], [1.4364286700000548, 42.453482158000085], [1.4364286700000548, 42.44095062300006], [1.4479008380000664, 42.43464609800007], [1.5084656170001267, 42.42867747000004]]}, "properties": {}}, {"type": "Feature", "geometry": {"type": "LineString", "coordinates": [[1.4064563390001013, 42.52923980800007], [1.4289872640001136, 42.53146189400006]]}, "properties": {}}, {"type": "Feature", "geometry": {"type": "LineString", "coordinates": [[1.6742436110000654, 42.490508321000036], [1.6863358960000596, 42.49061167500007], [1.6974980060000746, 42.49446156900011], [1.707006470000067, 42.50278147400006]]}, "properties": {}}, {"type": "Feature", "geometry": {"type": "LineString", "coordinates": [[1.6569836830000781, 42.497639669000066], [1.659774210000137, 42.496812846000054], [1.6623580320000428, 42.49371226000001], [1.6742436110000654, 42.490508321000036]]}, "properties": {}}, {"type": "Feature", "geometry": {"type": "LineString", "coordinates": [[1.5084656170001267, 42.42867747000004], [1.5166304930001218, 42.42950429300005], [1.5282060140000908, 42.434232686000044], [1.5345105390001095, 42.43991709400008], [1.5388513590000912, 42.44565317800006], [1.5444324140000845, 42.45035573400013], [1.6074776610001322, 42.45642771400007], [1.6395170490001192, 42.466427104000005], [1.6503691000000913, 42.49340220200013], [1.653986450000076, 42.496528626000085], [1.6569836830000781, 42.497639669000066]]}, "properties": {}}, {"type": "Feature", "geometry": {"type": "LineString", "coordinates": [[3.45387658700011, 51.235633444000044], [3.421940552000109, 51.23798472099999], [3.3987984770000708, 51.24469829300001], [3.391658163000102, 51.24676971500007], [3.367370240000099, 51.2634870400001], [3.3532108970000536, 51.28860178700005], [3.3539343660001464, 51.31190785800008], [3.3580684810000605, 51.336712546000015], [3.3494146740001156, 51.37522311800005]]}, "properties": {}}, {"type": "Feature", "geometry": {"type": "LineString", "coordinates": [[4.221491455000091, 51.36800060300003], [4.220961547000115, 51.363816834000076], [4.213520141000089, 51.34053660100004], [4.207939087000085, 51.33058888800004], [4.168561645000096, 51.296870016000085], [4.118952271000097, 51.27240122500005], [3.9950321860000315, 51.23323048900009], [3.949453572000067, 51.210777080000085], [3.9270260010000584, 51.206255392000074], [3.8086869710000997, 51.20532521600002]]}, "properties": {}}, {"type": "Feature", "geometry": {"type": "LineString", "coordinates": [[3.8086869710000997, 51.20532521600002], [3.7962846270001194, 51.20876169800006], [3.7814018150000948, 51.21987213200008], [3.779748169000129, 51.230310771000106], [3.7814018150000948, 51.24142120400002], [3.776234172000102, 51.25452118000008], [3.757320597000046, 51.26232432100001], [3.635054159000049, 51.287826640000034], [3.6095260010000914, 51.29043630000005]]}, "properties": {}}, {"type": "Feature", "geometry": {"type": "LineString", "coordinates": [[3.6095260010000914, 51.29043630000005], [3.584824666000088, 51.2895319630001], [3.5450338130000603, 51.28392506900006], [3.529014120000113, 51.2833307910001], [3.5143380120000245, 51.28103118899999], [3.503382609000141, 51.27395151800006], [3.5015222580001364, 51.26240183600002], [3.504106079000053, 51.24974111000007], [3.501212199000065, 51.2402843230001], [3.45387658700011, 51.235633444000044]]}, "properties": {}}, {"type": "Feature", "geometry": {"type": "LineString", "coordinates": [[4.822681925000012, 51.413684591000035], [4.815447224000138, 51.43107371100005], [4.819891398000067, 51.446214905000076], [4.826092570000128, 51.46055511500005], [4.8239221590000625, 51.47564463300007], [4.813586873000133, 51.48411956900007], [4.796843709000086, 51.49101837200003], [4.778653605000045, 51.49535919200012], [4.7641842040001166, 51.49623769100005]]}, "properties": {}}, {"type": "Feature", "geometry": {"type": "LineString", "coordinates": [[4.7641842040001166, 51.49623769100005], [4.731214641000065, 51.485618185000064], [4.653906697000053, 51.42621612600003], [4.643571411000067, 51.42141021700003], [4.630135539000094, 51.418206279000046], [4.614632609000097, 51.41756032299999]]}, "properties": {}}, {"type": "Feature", "geometry": {"type": "LineString", "coordinates": [[4.553861125000083, 51.419291484000055], [4.540631958000091, 51.42006663000005], [4.521511678000081, 51.42864491799999], [4.523372029000086, 51.43841176400004], [4.531846964000096, 51.45086578400013], [4.533190551000075, 51.467583110000064], [4.525232381000109, 51.47592885400003], [4.512623331000071, 51.477375794000025]]}, "properties": {}}, {"type": "Feature", "geometry": {"type": "LineString", "coordinates": [[4.512623331000071, 51.477375794000025], [4.483064412000147, 51.47432688400001], [4.429424275000059, 51.46197621700004], [4.37712772600014, 51.44288177500006], [4.389220011000134, 51.434587708000024], [4.387152954000072, 51.42745636000008], [4.3806417240001, 51.41965321900004], [4.379918253000113, 51.40952463800009], [4.387669719000115, 51.40053293900006], [4.410097290000124, 51.383789775000096], [4.4161951090000855, 51.37397125300005], [4.411234171000018, 51.356737162000044], [4.392217244000051, 51.35040679900003]]}, "properties": {}}, {"type": "Feature", "geometry": {"type": "LineString", "coordinates": [[5.140181926000082, 51.30738617000004], [5.122921997000105, 51.313380636000076], [5.118064412000081, 51.31991770500004], [5.107832479000081, 51.34198354100003], [5.102561483000073, 51.3506651820001], [5.068144979000095, 51.37453969400009], [5.0617371010000625, 51.38425486300012], [5.065251099000108, 51.40590728800002], [5.076413208000048, 51.421901144000046], [5.079927205000104, 51.43854095500008], [5.060290161000069, 51.46197621700004], [5.030317831000048, 51.47443023700002], [5.027527303000085, 51.47680735300007]]}, "properties": {}}, {"type": "Feature", "geometry": {"type": "LineString", "coordinates": [[5.027527303000085, 51.47680735300007], [5.012127727000092, 51.47432688400001], [5.00613326000007, 51.46830658000006], [5.002722616000142, 51.45900482200004], [4.995797973000066, 51.4467058310001], [4.980191691000101, 51.430531108000096], [4.957144002000064, 51.410997416], [4.931925903000092, 51.395623678000035], [4.910325154000134, 51.39190297500001]]}, "properties": {}}, {"type": "Feature", "geometry": {"type": "LineString", "coordinates": [[4.779067016000056, 51.426422832000085], [4.822681925000012, 51.413684591000035]]}, "properties": {}}, {"type": "Feature", "geometry": {"type": "LineString", "coordinates": [[4.910325154000134, 51.39190297500001], [4.871671183000046, 51.403039246000034], [4.853274373000119, 51.40613983200008], [4.783304484000013, 51.40763844800007], [4.762117146000151, 51.41337453200005], [4.767801554000101, 51.4253893030001], [4.779067016000056, 51.426422832000085]]}, "properties": {}}, {"type": "Feature", "geometry": {"type": "LineString", "coordinates": [[4.614632609000097, 51.41756032299999], [4.582696573000106, 51.422598776000044]]}, "properties": {}}, {"type": "Feature", "geometry": {"type": "LineString", "coordinates": [[4.582696573000106, 51.422598776000044], [4.553861125000083, 51.419291484000055]]}, "properties": {}}, {"type": "Feature", "geometry": {"type": "LineString", "coordinates": [[4.392217244000051, 51.35040679900003], [4.345605103000082, 51.35229299000004], [4.326278117000129, 51.356427104000076], [4.290104614000114, 51.36875193300001], [4.28112422200013, 51.36894651000004], [4.261067579000098, 51.36937927500007]]}, "properties": {}}, {"type": "Feature", "geometry": {"type": "LineString", "coordinates": [[5.232992798000112, 51.25591644300006], [5.215422811000025, 51.25873280800003], [5.214906047000085, 51.29433787000001], [5.197336059000122, 51.30834218300002], [5.178835897000084, 51.30950490300002]]}, "properties": {}}, {"type": "Feature", "geometry": {"type": "LineString", "coordinates": [[5.178835897000084, 51.30950490300002], [5.140181926000082, 51.30738617000004]]}, "properties": {}}, {"type": "Feature", "geometry": {"type": "LineString", "coordinates": [[5.659013306000048, 51.179073588000065], [5.648161255000105, 51.18395701100009], [5.638549438000098, 51.19090749100009], [5.62501021300011, 51.19690195700012], [5.568372843000134, 51.20765065500005], [5.551406597000096, 51.21676713400011], [5.54553186000004, 51.21992380799999], [5.542327921000066, 51.24266143900006], [5.535196573000121, 51.26204010000002], [5.516696411000083, 51.27723297200005], [5.49323531100012, 51.28653472900008], [5.471634562000133, 51.28808502300011]]}, "properties": {}}, {"type": "Feature", "geometry": {"type": "LineString", "coordinates": [[5.471634562000133, 51.28808502300011], [5.451894165000084, 51.282116394000084], [5.409932901000076, 51.26353871700003], [5.389055623000104, 51.258706971000024]]}, "properties": {}}, {"type": "Feature", "geometry": {"type": "LineString", "coordinates": [[5.389055623000104, 51.258706971000024], [5.270716593000145, 51.26183339500007]]}, "properties": {}}, {"type": "Feature", "geometry": {"type": "LineString", "coordinates": [[5.270716593000145, 51.26183339500007], [5.239455934000091, 51.25693018200009], [5.232992798000112, 51.25591644300006]]}, "properties": {}}, {"type": "Feature", "geometry": {"type": "LineString", "coordinates": [[5.781383098000106, 51.15240854900013], [5.768050577000082, 51.15946238300005], [5.74717329900011, 51.17760081000007], [5.730843547000063, 51.18375030600005], [5.7180277910000825, 51.18460296700009]]}, "properties": {}}, {"type": "Feature", "geometry": {"type": "LineString", "coordinates": [[5.7180277910000825, 51.18460296700009], [5.676169881000106, 51.17917694100002], [5.659013306000048, 51.179073588000065]]}, "properties": {}}, {"type": "Feature", "geometry": {"type": "LineString", "coordinates": [[5.81590295400008, 51.09587453200008], [5.826651652000095, 51.096908061000065], [5.836780232000137, 51.099491883000056], [5.845978638000048, 51.10339345400011], [5.823241007000064, 51.11874135400008], [5.826444946000038, 51.13016184499999], [5.840500936000069, 51.13892100000008], [5.838020467000092, 51.14372690900008], [5.829132121000072, 51.15646514900003], [5.812078898000038, 51.157317810000066]]}, "properties": {}}, {"type": "Feature", "geometry": {"type": "LineString", "coordinates": [[5.812078898000038, 51.157317810000066], [5.781383098000106, 51.15240854900013]]}, "properties": {}}, {"type": "Feature", "geometry": {"type": "LineString", "coordinates": [[5.804947550000094, 51.09662384000008], [5.81590295400008, 51.09587453200008]]}, "properties": {}}, {"type": "Feature", "geometry": {"type": "LineString", "coordinates": [[5.791304972000091, 51.05499847500006], [5.798849731000132, 51.061483866000046], [5.804327434000129, 51.06858937600005], [5.81176884000007, 51.082309469000094], [5.808978312000107, 51.08634023000009], [5.807428019000071, 51.08938914000002], [5.804947550000094, 51.09662384000008]]}, "properties": {}}, {"type": "Feature", "geometry": {"type": "LineString", "coordinates": [[5.779626098000023, 51.06130299900009], [5.791304972000091, 51.05499847500006]]}, "properties": {}}, {"type": "Feature", "geometry": {"type": "LineString", "coordinates": [[5.722368612000082, 50.9594229130001], [5.761746053000081, 50.9991620900001], [5.777559041000075, 51.02355336600003], [5.764019816000086, 51.03518056300008], [5.766396932000134, 51.04843556800007], [5.771461222000113, 51.05812489900002], [5.779626098000023, 51.06130299900009]]}, "properties": {}}, {"type": "Feature", "geometry": {"type": "LineString", "coordinates": [[5.717407674000128, 50.75282053700006], [5.706555623000071, 50.75421580000004], [5.688365519000115, 50.760830384000045], [5.698700806000119, 50.78377472000007], [5.700457804000109, 50.795556946000076], [5.68485152100007, 50.79850250300008], [5.663250773000101, 50.80506541000007], [5.657432381000092, 50.80764098200008], [5.640719849000078, 50.81503896100007], [5.624493448000067, 50.8302835090001], [5.622323039000094, 50.85265940400008], [5.694463338000077, 50.903664042000045], [5.706038859000046, 50.90660959900005], [5.717614380000072, 50.90924509700007], [5.722368612000082, 50.91167389000013], [5.73528771900007, 50.92397288100007], [5.752547648000075, 50.94722727500009], [5.764019816000086, 50.9594229130001], [5.75430464700014, 50.9630919400001], [5.744692830000133, 50.96324696900005]]}, "properties": {}}, {"type": "Feature", "geometry": {"type": "LineString", "coordinates": [[5.744692830000133, 50.96324696900005], [5.722368612000082, 50.9594229130001]]}, "properties": {}}, {"type": "Feature", "geometry": {"type": "LineString", "coordinates": [[5.793165324000114, 50.75214874300009], [5.782933390000039, 50.75669627000012], [5.762469523000078, 50.77101064100002], [5.752444296000135, 50.773439433000064]]}, "properties": {}}, {"type": "Feature", "geometry": {"type": "LineString", "coordinates": [[5.752444296000135, 50.773439433000064], [5.74355594900004, 50.769098613], [5.732776968000081, 50.758851489000094], [5.727846313000072, 50.75416412400004], [5.717407674000128, 50.75282053700006]]}, "properties": {}}, {"type": "Feature", "geometry": {"type": "LineString", "coordinates": [[5.974756307000035, 50.74754954000004], [5.9022025960000235, 50.74904815700005], [5.89132117000014, 50.75123955600007], [5.891287548000122, 50.75124632700003], [5.879878377000068, 50.75354400600007]]}, "properties": {}}, {"type": "Feature", "geometry": {"type": "LineString", "coordinates": [[5.879878377000068, 50.75354400600007], [5.793165324000114, 50.75214874300009]]}, "properties": {}}, {"type": "Feature", "geometry": {"type": "LineString", "coordinates": [[5.9949101160001135, 50.749926656000085], [5.974756307000035, 50.74754954000004]]}, "properties": {}}, {"type": "Feature", "geometry": {"type": "LineString", "coordinates": [[9.547481674000068, 47.53454710200005], [9.549886922000042, 47.53353383400007]]}, "properties": {}}, {"type": "Feature", "geometry": {"type": "LineString", "coordinates": [[8.558216187000085, 47.801166077000076], [8.58312422700007, 47.80023590100002], [8.601624390000069, 47.79460317000009], [8.603174682000088, 47.787316793000016], [8.604104858000142, 47.77439768500001], [8.607618856000101, 47.762253723000114], [8.61743737800009, 47.757318624000064]]}, "properties": {}}, {"type": "Feature", "geometry": {"type": "LineString", "coordinates": [[8.482665242000053, 47.766852926000055], [8.536512085000084, 47.774087626000025], [8.55160160300008, 47.77925527000012], [8.542299846000077, 47.7950165810001], [8.558216187000085, 47.801166077000076]]}, "properties": {}}, {"type": "Feature", "geometry": {"type": "LineString", "coordinates": [[8.644102417000113, 47.791011658000016], [8.657021525000118, 47.78811777800003], [8.66663334200004, 47.77827341700005], [8.674488159000077, 47.7666978970001], [8.681929565000104, 47.75873972600006], [8.692264852000108, 47.75716359500002]]}, "properties": {}}, {"type": "Feature", "geometry": {"type": "LineString", "coordinates": [[8.61743737800009, 47.757318624000064], [8.629839721000053, 47.76279632600004], [8.635007365000149, 47.78460378000007], [8.644102417000113, 47.791011658000016]]}, "properties": {}}, {"type": "Feature", "geometry": {"type": "LineString", "coordinates": [[8.471503133000112, 47.76705963200003], [8.482665242000053, 47.766852926000055]]}, "properties": {}}, {"type": "Feature", "geometry": {"type": "LineString", "coordinates": [[8.458273966000121, 47.639883932000046], [8.43760339400012, 47.647842102000126], [8.411971883000149, 47.661045430000016], [8.40701094500011, 47.66156219500006], [8.39130131000013, 47.6654637650001], [8.397709188000078, 47.67628997900006], [8.395228719000102, 47.68481659000007], [8.39099125100006, 47.69212880500005], [8.392128133000142, 47.69951853500005], [8.401946655000131, 47.70708913200012], [8.427268107000117, 47.716468404000054], [8.437913452000089, 47.7231863410001], [8.445458211000044, 47.74318512000012], [8.450109090000097, 47.75047149700002], [8.463648315000086, 47.76390737000007], [8.471503133000112, 47.76705963200003]]}, "properties": {}}, {"type": "Feature", "geometry": {"type": "LineString", "coordinates": [[8.703323608000119, 47.75871388700004], [8.71314213000008, 47.75742197699999], [8.719756714000084, 47.747319234000045], [8.71706954000004, 47.74354685500002], [8.70373702000012, 47.73003346800006], [8.700429728000131, 47.72349639900007], [8.70466719500007, 47.715331523000046], [8.712625366000054, 47.70869110100004], [8.715105835000116, 47.70106882700007], [8.71706954000004, 47.6945575970001]]}, "properties": {}}, {"type": "Feature", "geometry": {"type": "LineString", "coordinates": [[8.692264852000108, 47.75716359500002], [8.703323608000119, 47.75871388700004]]}, "properties": {}}, {"type": "Feature", "geometry": {"type": "LineString", "coordinates": [[8.77070967600011, 47.72086090100005], [8.797581420000114, 47.72003407900003], [8.830240926000101, 47.70719248500005], [8.856079142000112, 47.69068186400007], [8.837682333000117, 47.68778798500007], [8.837785685000142, 47.68083750400008], [8.851935119000075, 47.67128172300009], [8.8526684980001, 47.670786438000064], [8.881710652000095, 47.65613617000007], [8.906205281000041, 47.651795349000096]]}, "properties": {}}, {"type": "Feature", "geometry": {"type": "LineString", "coordinates": [[8.71706954000004, 47.6945575970001], [8.769882853000098, 47.69507436100007], [8.761717977000075, 47.701249695000044], [8.77070967600011, 47.72086090100005]]}, "properties": {}}, {"type": "Feature", "geometry": {"type": "LineString", "coordinates": [[9.016586141000118, 47.67889963900005], [9.12810388100013, 47.67042470400007]]}, "properties": {}}, {"type": "Feature", "geometry": {"type": "LineString", "coordinates": [[8.906205281000041, 47.651795349000096], [8.945376017000086, 47.65430165600007], [8.981756225000055, 47.6621564740001], [8.997672566000091, 47.67383534800008], [9.016586141000118, 47.67889963900005]]}, "properties": {}}, {"type": "Feature", "geometry": {"type": "LineString", "coordinates": [[9.183397664000069, 47.67042470400007], [9.196936890000131, 47.65613617000007]]}, "properties": {}}, {"type": "Feature", "geometry": {"type": "LineString", "coordinates": [[9.12810388100013, 47.67042470400007], [9.183397664000069, 47.67042470400007]]}, "properties": {}}, {"type": "Feature", "geometry": {"type": "LineString", "coordinates": [[8.601624390000069, 47.63259755500009], [8.607308797000115, 47.65629119900002], [8.598213745000066, 47.65688547800006], [8.593588683000092, 47.65816856000002], [8.582194051000101, 47.66132965100009], [8.568241414000113, 47.66293162100003]]}, "properties": {}}, {"type": "Feature", "geometry": {"type": "LineString", "coordinates": [[8.568241414000113, 47.66293162100003], [8.519665568000107, 47.657350566000005], [8.504679402000136, 47.65226043700004], [8.490830119000066, 47.64556833900009], [8.476050659000066, 47.6404006960001], [8.458273966000121, 47.639883932000046]]}, "properties": {}}, {"type": "Feature", "geometry": {"type": "LineString", "coordinates": [[9.234350627000083, 47.65616200800007], [9.273211304000142, 47.65009002700005], [9.547481674000068, 47.53454710200005]]}, "properties": {}}, {"type": "Feature", "geometry": {"type": "LineString", "coordinates": [[9.196936890000131, 47.65613617000007], [9.234350627000083, 47.65616200800007]]}, "properties": {}}, {"type": "Feature", "geometry": {"type": "LineString", "coordinates": [[8.593562866000099, 47.64257110600009], [8.594493042000039, 47.640969137000056], [8.595113159000107, 47.63481964099999], [8.601624390000069, 47.63259755500009]]}, "properties": {}}, {"type": "Feature", "geometry": {"type": "LineString", "coordinates": [[8.560696655000072, 47.58939605700003], [8.574132527000103, 47.59244496700008], [8.576305366000042, 47.59502305800005], [8.580643758000093, 47.60017059400006], [8.581780639000101, 47.607663677000104], [8.581263875000047, 47.61476918600003], [8.582504110000087, 47.621590475000076], [8.582090698000087, 47.62502695700003], [8.579713583000114, 47.62892852900008], [8.578059936000074, 47.6334760540001], [8.580333699000107, 47.63900543200002], [8.583951050000081, 47.6411241660001], [8.589222046000117, 47.642467754000066], [8.593562866000099, 47.64257110600009]]}, "properties": {}}, {"type": "Feature", "geometry": {"type": "LineString", "coordinates": [[8.251051473000132, 47.62200388600009], [8.276993042000072, 47.61662953700004], [8.288568562000108, 47.6158027150001], [8.293942912000091, 47.611461894000044], [8.299317260000038, 47.60182423900001], [8.306345255000053, 47.59218658499999], [8.316163777000014, 47.58784576400002], [8.354094279000037, 47.58102447500006], [8.41806970200011, 47.58076609400008]]}, "properties": {}}, {"type": "Feature", "geometry": {"type": "LineString", "coordinates": [[7.91215743000015, 47.5605606080001], [8.042278686000088, 47.5605606080001], [8.08723718200011, 47.56738189700006], [8.09695235100014, 47.571851909000074], [8.10139652500007, 47.576192729000056], [8.105427286000065, 47.581257019000034], [8.113902221000075, 47.58784576400002], [8.122067098000088, 47.59213490800009], [8.14377119900007, 47.60006724100005], [8.162064656000041, 47.60376210500006], [8.168885946000103, 47.60864552800008], [8.173846883000067, 47.61352895099999], [8.17901452600006, 47.6158027150001], [8.232964721000116, 47.62195221000009], [8.251051473000132, 47.62200388600009]]}, "properties": {}}, {"type": "Feature", "geometry": {"type": "LineString", "coordinates": [[8.522352742000038, 47.62190053400006], [8.53775231900002, 47.6121336880001], [8.54963789900006, 47.59859446200004], [8.551719149000036, 47.59686332900007], [8.560696655000072, 47.58939605700003]]}, "properties": {}}, {"type": "Feature", "geometry": {"type": "LineString", "coordinates": [[8.41806970200011, 47.58076609400008], [8.421100326000044, 47.5811118700001], [8.448868856000075, 47.58428009100005], [8.450109090000097, 47.589034323000035], [8.46178796400008, 47.60613922099999], [8.492380411000084, 47.61983347600001], [8.522352742000038, 47.62190053400006]]}, "properties": {}}, {"type": "Feature", "geometry": {"type": "LineString", "coordinates": [[7.65966638200004, 47.596579082000076], [7.646540568000091, 47.57154185000009], [7.635895223000091, 47.56459137000009]]}, "properties": {}}, {"type": "Feature", "geometry": {"type": "LineString", "coordinates": [[7.5860284880001245, 47.584618544000065], [7.637032104000099, 47.59497711200005], [7.65966638200004, 47.596579082000076]]}, "properties": {}}, {"type": "Feature", "geometry": {"type": "LineString", "coordinates": [[7.819656616000117, 47.595338847000065], [7.83371260600012, 47.59048126300003], [7.8982047940000655, 47.58784576400002], [7.904302613000112, 47.58355662100006], [7.907506551000097, 47.57417734800002], [7.909470256000105, 47.56479807600006], [7.91215743000015, 47.5605606080001]]}, "properties": {}}, {"type": "Feature", "geometry": {"type": "LineString", "coordinates": [[7.683437540000114, 47.54425669400008], [7.727320447000125, 47.55042262400006], [7.766739949000055, 47.555961406000065], [7.78555017100004, 47.56319610600012], [7.801466512000076, 47.57608937600013], [7.819656616000117, 47.595338847000065]]}, "properties": {}}, {"type": "Feature", "geometry": {"type": "LineString", "coordinates": [[7.635895223000091, 47.56459137000009], [7.612337281000094, 47.564731041000115], [7.609746948000094, 47.56474639900004]]}, "properties": {}}, {"type": "Feature", "geometry": {"type": "LineString", "coordinates": [[7.609746948000094, 47.56474639900004], [7.64690103500007, 47.55144523600005], [7.661423380000116, 47.546246236000016], [7.683437540000114, 47.54425669400008]]}, "properties": {}}, {"type": "Feature", "geometry": {"type": "LineString", "coordinates": [[6.391681763000122, 49.466697490000016], [6.402740519000133, 49.46545725500009], [6.4945178630000555, 49.43553660100004], [6.511674438000114, 49.42473622600001], [6.517875610000118, 49.41641632100006], [6.520562785000038, 49.40814809200002], [6.520769491000095, 49.4025670380001], [6.518805786000058, 49.40215362600007], [6.525730428000145, 49.39548736600007], [6.574306274000037, 49.36179433200003], [6.577716919000068, 49.35579986600008], [6.573376098000097, 49.3477383430001], [6.555599406000056, 49.34716990200003], [6.550121704000077, 49.33802317300005], [6.556426228000078, 49.326395976000086], [6.573169393000029, 49.313115133000096], [6.639676961000106, 49.27115386999999], [6.641227254000114, 49.266916403000025], [6.639160196000148, 49.25678782199999], [6.6402970780000885, 49.25275706000009], [6.6456714270001385, 49.25001820900003], [6.659520711000084, 49.24676259400006], [6.663758179000041, 49.24386871300008], [6.6716129960000785, 49.22531687500005], [6.674816935000138, 49.22113108399999], [6.675953817000078, 49.2189089970001], [6.677917521000097, 49.21105418000006], [6.680604696000046, 49.207488505000086]]}, "properties": {}}, {"type": "Feature", "geometry": {"type": "LineString", "coordinates": [[6.353854614000056, 49.45476023400006], [6.364499959000057, 49.45610382100004], [6.383516886000109, 49.46463043200005], [6.391681763000122, 49.466697490000016]]}, "properties": {}}, {"type": "Feature", "geometry": {"type": "LineString", "coordinates": [[6.702515503000086, 49.213638001000064], [6.708820027000087, 49.197773336000054], [6.703755737000108, 49.18511261000002], [6.700965210000049, 49.17286529600007], [6.713780965000126, 49.158860982000064], [6.725563192000038, 49.155553691000065], [6.770108276000144, 49.15529530900001], [6.809072306000132, 49.145838522000034]]}, "properties": {}}, {"type": "Feature", "geometry": {"type": "LineString", "coordinates": [[6.680604696000046, 49.207488505000086], [6.685048868000138, 49.20779856400007], [6.6984847410000725, 49.21358632400005], [6.702515503000086, 49.213638001000064]]}, "properties": {}}, {"type": "Feature", "geometry": {"type": "LineString", "coordinates": [[6.843488810000082, 49.21105418000006], [6.885243367000044, 49.20480133100007]]}, "properties": {}}, {"type": "Feature", "geometry": {"type": "LineString", "coordinates": [[6.809072306000132, 49.145838522000034], [6.821784709000099, 49.147750550000055], [6.839044637000086, 49.16278839200005], [6.835220581000044, 49.17937652600004], [6.827675822000089, 49.19555125000004], [6.833463583000054, 49.20945221000004], [6.843488810000082, 49.21105418000006]]}, "properties": {}}, {"type": "Feature", "geometry": {"type": "LineString", "coordinates": [[6.914388876000146, 49.206661683000064], [6.9254476320000435, 49.205576477000065], [6.987872762000109, 49.18242543600009], [7.009473510000078, 49.18170196500007], [7.008956746000138, 49.146406963000075], [7.020532267000078, 49.11896677700004], [7.042546427000076, 49.10759796200004]]}, "properties": {}}, {"type": "Feature", "geometry": {"type": "LineString", "coordinates": [[6.885243367000044, 49.20480133100007], [6.914388876000146, 49.206661683000064]]}, "properties": {}}, {"type": "Feature", "geometry": {"type": "LineString", "coordinates": [[7.39105228700015, 49.17002309200011], [7.410482625000043, 49.1689378870001], [7.414823446000128, 49.15777577800007], [7.4580249420000655, 49.15586375000005], [7.476111694000082, 49.15152292900008], [7.482726278000058, 49.13705352800004], [7.475284871000042, 49.13390126600008], [7.472804403000083, 49.131627503000075], [7.471047404000103, 49.12832021200008], [7.485103394000106, 49.11870839500007], [7.507737671000058, 49.09457550100011], [7.52086348500012, 49.08367177400005], [7.542670939000061, 49.07457672200006], [7.586389201000117, 49.06956410700012], [7.608610066000068, 49.06196767200005], [7.61594812000007, 49.05597320600002], [7.6256632890001015, 49.043002421], [7.634965047000037, 49.03778310100007], [7.644938840000066, 49.036294476000094], [7.6488143310000964, 49.035716045000115]]}, "properties": {}}, {"type": "Feature", "geometry": {"type": "LineString", "coordinates": [[7.274366902000054, 49.10501414000005], [7.280258016000062, 49.10899322600004], [7.2908000080001045, 49.12310089200007], [7.297104533000038, 49.12811350500003], [7.305992879000144, 49.130128887000055], [7.326456746000105, 49.13183420800003], [7.33400150600005, 49.13415964800005], [7.339065796000028, 49.139689026000056], [7.3463004960001115, 49.154210104000114], [7.350951376000069, 49.15917104200007], [7.367591186000084, 49.165372213000055], [7.3716338090000875, 49.1661736140001], [7.39105228700015, 49.17002309200011]]}, "properties": {}}, {"type": "Feature", "geometry": {"type": "LineString", "coordinates": [[7.079856812000116, 49.142014465], [7.085334513000106, 49.14154937800008], [7.123575073000097, 49.12330759700002], [7.139284708000048, 49.11793324800006], [7.154994344000016, 49.114419251000086], [7.241190633000144, 49.11390248600007], [7.268062378000138, 49.10563425700012], [7.274366902000054, 49.10501414000005]]}, "properties": {}}, {"type": "Feature", "geometry": {"type": "LineString", "coordinates": [[7.042546427000076, 49.10759796200004], [7.073242228000112, 49.12031036400002], [7.07479252100012, 49.12537465500007], [7.071588582000061, 49.13059397400009], [7.0707617590000496, 49.13612335300009], [7.079856812000116, 49.142014465]]}, "properties": {}}, {"type": "Feature", "geometry": {"type": "LineString", "coordinates": [[7.773664591000113, 49.04811838799999], [7.856863647000125, 49.03225372300007]]}, "properties": {}}, {"type": "Feature", "geometry": {"type": "LineString", "coordinates": [[7.726949096000112, 49.0356643680001], [7.7391447350001386, 49.037731425000075], [7.762605835000102, 49.04615468300004], [7.773664591000113, 49.04811838799999]]}, "properties": {}}, {"type": "Feature", "geometry": {"type": "LineString", "coordinates": [[7.685091187000069, 49.04279571600004], [7.6961499430000515, 49.041555481], [7.717337281000113, 49.03659454400007], [7.726949096000112, 49.0356643680001]]}, "properties": {}}, {"type": "Feature", "geometry": {"type": "LineString", "coordinates": [[7.6488143310000964, 49.035716045000115], [7.660803264000066, 49.037731425000075], [7.672482137000117, 49.04103871700006], [7.685091187000069, 49.04279571600004]]}, "properties": {}}, {"type": "Feature", "geometry": {"type": "LineString", "coordinates": [[7.913811075000098, 49.036181133000056], [7.931897827000114, 49.03483754600008], [8.090441121000083, 48.97918202800007], [8.188729695000092, 48.96574615500002], [8.200305216000032, 48.95856313100005], [8.1998915450001, 48.95825033100003], [8.179324585000131, 48.942698467000056], [8.14811202000007, 48.90373443600005], [8.102740112000049, 48.82131052600006], [8.090337769000143, 48.80751292000009], [8.084239950000097, 48.804050598000075], [8.047549682000124, 48.791028137000026], [8.038764689000061, 48.790769756000074], [8.03659427900007, 48.7882892870001], [8.031943400000102, 48.78534373000009], [8.02729252100005, 48.78002105800003], [8.025122111000144, 48.77061594700008], [8.022951701000068, 48.765086569000076], [8.017267293000117, 48.761830954000104], [8.009619181000119, 48.76007395400002], [7.9815072020001026, 48.75976389600005], [7.970138387000105, 48.757283427000075], [7.96486739100007, 48.74834340500003], [7.963627157000133, 48.729274801000045], [7.959182983000119, 48.72136830700002], [7.948434285000104, 48.71185984400002], [7.935205119000102, 48.70333323200002], [7.92331953900009, 48.698217265000025], [7.8959310300000425, 48.676513163000024], [7.880634806000074, 48.667728170000046], [7.864098348000084, 48.66416249700005], [7.852419475000119, 48.65868479400008], [7.810251506000071, 48.6150182090001], [7.801776571000062, 48.58235870400004], [7.801673217000115, 48.54758046500008], [7.813455444000027, 48.52634145100002], [7.813455444000027, 48.51946848600004], [7.7884440510000275, 48.50634267200009], [7.776455119000076, 48.498177796000064], [7.771287475000065, 48.4891085820001], [7.769220419000106, 48.47006581700002], [7.764156128000138, 48.46035064800007], [7.757644897000148, 48.453891093000024], [7.75072025500009, 48.44440846800005], [7.745655965000111, 48.43301381400006], [7.738317912000099, 48.406607158000085], [7.737181030000102, 48.39348134400002], [7.740384969000075, 48.381440736000044], [7.746896199000048, 48.36867665700008], [7.751960490000016, 48.355344137000046], [7.75072025500009, 48.34136566200006], [7.736974325000062, 48.32666371700007], [7.7185775150000495, 48.31999745700004], [7.702454467000081, 48.31118662500005], [7.695529825000079, 48.29018015600006], [7.693462769000121, 48.26987131800003], [7.687158243000113, 48.25292144800004], [7.676616252000144, 48.23840037100008], [7.613364298000079, 48.179205018000104], [7.606749715000149, 48.16698354100008], [7.604786010000026, 48.15256581600006], [7.599721720000048, 48.144710999000026], [7.592900431000089, 48.13866485600009], [7.58566573000013, 48.129724833000054], [7.5789477950001185, 48.11448028600002], [7.5726432700001, 48.09497243300011], [7.575743856000145, 48.05370880200009], [7.618945353000072, 48.00265248700002], [7.621115763000063, 47.971439922000044], [7.611607300000088, 47.95939931300008], [7.584942261000037, 47.94040822400011], [7.579567911000083, 47.927049866000075], [7.580808146000038, 47.910797628000054], [7.5789477950001185, 47.90632761700006], [7.5726432700001, 47.89630238900013], [7.568612508000115, 47.891367290000076], [7.5619979250000995, 47.88705230700002], [7.5590006910000795, 47.88271148800003], [7.557863810000072, 47.878525697], [7.558380575000115, 47.87599355100009], [7.5592073970001366, 47.873461405000015], [7.5590006910000795, 47.86901723300012], [7.564168334000101, 47.85041371700005], [7.5619979250000995, 47.83922576900004], [7.548458699000122, 47.834238993000056], [7.542877645000118, 47.829433086000066], [7.5286149490001435, 47.797031963000066], [7.525927775000099, 47.783156840000075], [7.538330119000079, 47.748146057000085], [7.537813355000139, 47.73181630400005], [7.531922241000132, 47.72520172200005], [7.515385783000056, 47.71331614200001], [7.511871785000096, 47.70732167600009], [7.514662312000041, 47.685798442000035], [7.517866251000015, 47.67502390600002], [7.521793660000071, 47.67042470400007], [7.536573120000099, 47.66520538400003], [7.5501123450000875, 47.65244130500007], [7.5726432700001, 47.62200388600009], [7.578637735000115, 47.61693959600002], [7.58504561400008, 47.61316721600009], [7.590316609000098, 47.607947896000084], [7.592487020000078, 47.59841359500008], [7.590109904000144, 47.59482208300001], [7.5860284880001245, 47.584618544000065]]}, "properties": {}}, {"type": "Feature", "geometry": {"type": "LineString", "coordinates": [[7.856863647000125, 49.03225372300007], [7.913811075000098, 49.036181133000056]]}, "properties": {}}, {"type": "Feature", "geometry": {"type": "LineString", "coordinates": [[9.52115482500011, 47.2628010050001], [9.553297567000072, 47.299853008000056], [9.587404012000121, 47.32780995700007], [9.591228068000078, 47.334682923000045], [9.59639571100007, 47.35230458600002], [9.601046590000124, 47.36127044700005], [9.639803914000055, 47.39452423100009], [9.649519084000104, 47.409717103000034], [9.650345907000116, 47.452091777000035], [9.621717163000142, 47.46919667600007], [9.584510132000048, 47.480720521000094], [9.554951212000105, 47.510899557000116], [9.553058591000081, 47.51689133800009], [9.547481674000068, 47.53454710200005]]}, "properties": {}}, {"type": "Feature", "geometry": {"type": "LineString", "coordinates": [[9.560635620000141, 47.05240041200004], [9.499554077000141, 47.05935089100002], [9.477023153000118, 47.06389841700006], [9.475886271000121, 47.0732260140001], [9.487565145000104, 47.083948874], [9.50286136800014, 47.09469757200013], [9.512369832000047, 47.10803009100006], [9.511853068000107, 47.12937245700006], [9.503481486000112, 47.14539215100011], [9.492629435000083, 47.15980987600001], [9.484981323000085, 47.176346334000115], [9.487358439000047, 47.21001352900005], [9.504618368000138, 47.24373240200002], [9.52115482500011, 47.2628010050001]]}, "properties": {}}, {"type": "Feature", "geometry": {"type": "LineString", "coordinates": [[9.581202840000032, 47.05687042300006], [9.560635620000141, 47.05240041200004]]}, "properties": {}}, {"type": "Feature", "geometry": {"type": "LineString", "coordinates": [[7.501743205000139, 47.5329653940001], [7.485103394000106, 47.54159535700005], [7.482726278000058, 47.54226715100005], [7.520866596000104, 47.56341604800009], [7.52634118600011, 47.56645172100009], [7.550319051000116, 47.57549509700006], [7.5854828360000965, 47.584479134999995], [7.5860284880001245, 47.584618544000065]]}, "properties": {}}, {"type": "Feature", "geometry": {"type": "LineString", "coordinates": [[7.493061564000072, 47.51549875900007], [7.501123087000082, 47.517307434000045], [7.505463908000138, 47.52301768100001], [7.505153850000056, 47.53301707000013]]}, "properties": {}}, {"type": "Feature", "geometry": {"type": "LineString", "coordinates": [[7.505153850000056, 47.53301707000013], [7.501743205000139, 47.5329653940001]]}, "properties": {}}, {"type": "Feature", "geometry": {"type": "LineString", "coordinates": [[7.482726278000058, 47.51699737600008], [7.493061564000072, 47.51549875900007]]}, "properties": {}}, {"type": "Feature", "geometry": {"type": "LineString", "coordinates": [[7.4674300530001005, 47.481909078000044], [7.482726278000058, 47.49126251200006], [7.484483276000049, 47.492941997000045], [7.485826864000103, 47.4957842000001], [7.485930217000146, 47.49839386000012], [7.485776134000076, 47.498767511000025], [7.484896688000049, 47.5009001670001], [7.477765340000104, 47.50769561800006], [7.475594930000028, 47.51172637900005], [7.476938517000093, 47.5148786430001], [7.482726278000058, 47.51699737600008]]}, "properties": {}}, {"type": "Feature", "geometry": {"type": "LineString", "coordinates": [[7.009783569000149, 47.499246522000035], [7.018878621000056, 47.49767039000001], [7.027973674000094, 47.492941997000045], [7.053915242000073, 47.49038401300005]]}, "properties": {}}, {"type": "Feature", "geometry": {"type": "LineString", "coordinates": [[6.866639852000077, 47.35416493700002], [6.8716007890001265, 47.36695485500009], [6.884003133000078, 47.38258697600004], [6.8987825930001065, 47.39571279000002], [6.924517456000103, 47.40599640000001], [6.9260677490001115, 47.42485829700003], [6.952319376000048, 47.4288373830001], [6.968545777000145, 47.43519358300004], [6.983428589000113, 47.443797709000066], [6.990973348000068, 47.45222096800008], [6.986115763000043, 47.4641323850001], [6.975780477000114, 47.477955831000074], [6.9733000080001375, 47.48909210300009], [6.991903524000094, 47.492941997000045], [7.000791870000114, 47.49767039000001], [7.009783569000149, 47.499246522000035]]}, "properties": {}}, {"type": "Feature", "geometry": {"type": "LineString", "coordinates": [[7.1037313230000905, 47.49627512600004], [7.127295776000096, 47.492941997000045], [7.140318237000116, 47.48785186800005], [7.142169389000088, 47.48765096800004], [7.15365075700015, 47.486404928000056]]}, "properties": {}}, {"type": "Feature", "geometry": {"type": "LineString", "coordinates": [[7.053915242000073, 47.49038401300005], [7.1037313230000905, 47.49627512600004]]}, "properties": {}}, {"type": "Feature", "geometry": {"type": "LineString", "coordinates": [[7.425985555000068, 47.49250274700002], [7.44148848500015, 47.48883372000002], [7.445995797000137, 47.4868841290001], [7.454510946000113, 47.48320098900008], [7.4674300530001005, 47.481909078000044]]}, "properties": {}}, {"type": "Feature", "geometry": {"type": "LineString", "coordinates": [[7.37854659000007, 47.43064605800002], [7.388218887000107, 47.433288860000104], [7.406348511000118, 47.43824249300006], [7.420563120000111, 47.4508570280001], [7.426088908000082, 47.45576080300005], [7.429292847000056, 47.46511423800008], [7.427639200000101, 47.4707469690001], [7.422781616000094, 47.47542368600007], [7.419474325000095, 47.47785247800003], [7.414410034000099, 47.48402781200009], [7.414306681000085, 47.49017730700008], [7.425985555000068, 47.49250274700002]]}, "properties": {}}, {"type": "Feature", "geometry": {"type": "LineString", "coordinates": [[7.180832560000056, 47.48826528000005], [7.1626424560001, 47.459894918000046], [7.168326863000061, 47.44356516500001], [7.190030965000034, 47.434728496000034], [7.219383179000118, 47.4284756470001], [7.223517293000043, 47.42622772300011], [7.226307820000102, 47.42263621100004], [7.230338583000105, 47.419018861000055], [7.2380900470000995, 47.41679677300006]]}, "properties": {}}, {"type": "Feature", "geometry": {"type": "LineString", "coordinates": [[7.15365075700015, 47.486404928000056], [7.180832560000056, 47.48826528000005]]}, "properties": {}}, {"type": "Feature", "geometry": {"type": "LineString", "coordinates": [[7.309093465000103, 47.43266143800007], [7.3369300480000845, 47.43185368000009], [7.37854659000007, 47.43064605800002]]}, "properties": {}}, {"type": "Feature", "geometry": {"type": "LineString", "coordinates": [[7.2380900470000995, 47.41679677300006], [7.2448079840001185, 47.417726949], [7.2826351320001095, 47.42888905900013], [7.309093465000103, 47.43266143800007]]}, "properties": {}}, {"type": "Feature", "geometry": {"type": "LineString", "coordinates": [[6.061882772000104, 46.24115793900002], [6.067670532000079, 46.241623027000045], [6.089684692000077, 46.24637725900003], [6.094025513000133, 46.25304351800004], [6.093095337000108, 46.26229360000006], [6.093612101000133, 46.273093974000076], [6.100743448000088, 46.30141265900009], [6.104050740000076, 46.3092158000001], [6.118607037000089, 46.331771085000085], [6.136400187000078, 46.35934194000002], [6.135056600000098, 46.37040069600003], [6.12286096200009, 46.385541891000045], [6.108184855000104, 46.39649729400013], [6.059019361000082, 46.417383211000086], [6.054234660000134, 46.41941579200004], [6.065706827000071, 46.427012228000095], [6.06756717900015, 46.43360097300011], [6.065500122000088, 46.44037058600004], [6.065500122000088, 46.44799285900011], [6.064776652000091, 46.45106760700004], [6.062399536000072, 46.45520172200007], [6.060229126000081, 46.459904277000064], [6.060229126000081, 46.46502024400003], [6.064156535000052, 46.471118063000105], [6.075525349000117, 46.479592998], [6.110355265000095, 46.520830790000005], [6.1457019450000985, 46.551629944000084], [6.12151737500011, 46.570285137000056], [6.118416789000065, 46.58346262600013], [6.131852661000039, 46.595606588000024], [6.266314738000062, 46.680355937000044], [6.3379382730001055, 46.707408550000096], [6.347860148000109, 46.71317047200007], [6.374215128000088, 46.733608501000035], [6.407391398000101, 46.745700786], [6.417933390000144, 46.75110097300008], [6.429198853000116, 46.76081614200011], [6.433022908000055, 46.76911021000005], [6.432609497000044, 46.785982565000054], [6.425168090000113, 46.791615296000074], [6.4198970950000955, 46.79652455700001], [6.417106568000122, 46.80215728800003], [6.4185535070001265, 46.80701487200007], [6.434263143000095, 46.8395451870001], [6.441187785000068, 46.848149313000036], [6.4431176620000485, 46.851455121000086], [6.4467688390001, 46.85770945300003], [6.4484224860001405, 46.871558737], [6.4452185460000635, 46.88261749300001], [6.431886027000132, 46.90003245100003], [6.427751913000122, 46.909075826999995], [6.442634725000062, 46.94416412400004], [6.491107218000138, 46.96338775700006], [6.598697550000082, 46.98653879800004], [6.665411824000103, 47.02129119900009], [6.6882528070001115, 47.043847961000026], [6.6762638750001315, 47.06239980100004], [6.689699747000105, 47.07829030400008], [6.699104858000055, 47.084620667000095], [6.724219604000069, 47.090770162000055], [6.727940307000097, 47.09712636300007], [6.731661011000085, 47.09888336300007], [6.746027059000113, 47.10394765300005], [6.744786824000073, 47.12105255100009], [6.774759155000112, 47.12818389900012], [6.838076256000079, 47.168131597000055], [6.840284871000108, 47.16952504500007], [6.859301798000075, 47.19091908800006], [6.88834395300006, 47.21130544100002], [6.956246785000104, 47.245231018000126], [6.952216024000023, 47.27003570500007], [6.958623901000067, 47.290551250000036], [6.97743412300008, 47.30372873900002], [6.986529174000054, 47.304503887000024], [6.991903524000094, 47.30595082700002], [7.00647627800015, 47.31936086000006], [7.0169149170000935, 47.32352081300009], [7.0271468500000935, 47.32543284100002], [7.036551961000043, 47.329515279000034], [7.044303426000056, 47.34049652100002], [7.0338647870001125, 47.35065094000008], [7.018878621000056, 47.359901021000084], [7.003995809000088, 47.36814341300003]]}, "properties": {}}, {"type": "Feature", "geometry": {"type": "LineString", "coordinates": [[7.003995809000088, 47.36814341300003], [6.9855989990001035, 47.36212310800009], [6.866639852000077, 47.35416493700002]]}, "properties": {}}, {"type": "Feature", "geometry": {"type": "LineString", "coordinates": [[6.848553100000061, 46.085043437000095], [6.853100627000089, 46.090211081000106], [6.861162150000098, 46.09703236900005], [6.868190144000096, 46.104680482000035], [6.869223673000079, 46.1123285930001], [6.8539274490001105, 46.12261220300009], [6.774345743000083, 46.13480784100001], [6.765664103000034, 46.151602681000085], [6.774862508000126, 46.185864155999994], [6.792225789000071, 46.221675924000024], [6.827675822000089, 46.269476624000006], [6.804938192000094, 46.296606751000084], [6.769488159000076, 46.322677511000066], [6.750367879000095, 46.345518494000075], [6.755742228000145, 46.3570681770001], [6.7820972090001135, 46.37846222000012], [6.7892285560001255, 46.39520538300006], [6.78810673300012, 46.40500797800006], [6.787058146000049, 46.41417063500002], [6.777756388000114, 46.42409250900003], [6.77771555400011, 46.424106493000025], [6.762666870000118, 46.429260152000026], [6.613683716000139, 46.45589935400007], [6.547021118000117, 46.45737213200006]]}, "properties": {}}, {"type": "Feature", "geometry": {"type": "LineString", "coordinates": [[6.547021118000117, 46.45737213200006], [6.482942342000115, 46.448587138000065], [6.397676229000069, 46.40817616800008], [6.365223430000128, 46.40244008400005], [6.332357218000112, 46.40138071700004], [6.301558065000052, 46.39448191400008], [6.269105265000121, 46.37502573700009], [6.240579874000076, 46.348954977000105], [6.2194958900001325, 46.32911122700001], [6.2141215410000825, 46.315468649000096], [6.21825565600011, 46.305495097000104], [6.227454060000099, 46.28849355100009], [6.227970825000057, 46.284462789000074], [6.2375826420000635, 46.26792633100008], [6.241820109000116, 46.26368886400003], [6.252258748000145, 46.2599164840001]]}, "properties": {}}, {"type": "Feature", "geometry": {"type": "LineString", "coordinates": [[6.269001912000078, 46.26523915600005], [6.276029907000094, 46.26312042299999], [6.281197550000115, 46.24007273400012], [6.255359335000094, 46.22110748400006], [6.191383911000088, 46.19170359400009], [6.140327596000134, 46.15020741800002], [6.107874796000118, 46.13863189700005]]}, "properties": {}}, {"type": "Feature", "geometry": {"type": "LineString", "coordinates": [[6.252258748000145, 46.2599164840001], [6.269001912000078, 46.26523915600005]]}, "properties": {}}, {"type": "Feature", "geometry": {"type": "LineString", "coordinates": [[6.04617313600005, 46.243535055000066], [6.048033488000044, 46.243431702000024], [6.055888305000082, 46.24167470400006], [6.061882772000104, 46.24115793900002]]}, "properties": {}}, {"type": "Feature", "geometry": {"type": "LineString", "coordinates": [[5.958839966000113, 46.13046702100003], [5.972172485000044, 46.15217112200004], [5.979820597000128, 46.162248027000075], [5.982921183000144, 46.17082631400011], [5.965247843000071, 46.18622589100009], [5.954809204000128, 46.19992014600011], [5.958529907000127, 46.21196075400009], [5.982921183000144, 46.2227094520001], [6.042865844000062, 46.24306996700004], [6.044519491000102, 46.243431702000024], [6.04617313600005, 46.243535055000066]]}, "properties": {}}, {"type": "Feature", "geometry": {"type": "LineString", "coordinates": [[6.107874796000118, 46.13863189700005], [6.073871704000084, 46.14917389000003]]}, "properties": {}}, {"type": "Feature", "geometry": {"type": "LineString", "coordinates": [[6.073871704000084, 46.14917389000003], [6.028293090000091, 46.147933655000074], [5.982921183000144, 46.14044057200006], [5.958839966000113, 46.13046702100003]]}, "properties": {}}, {"type": "Feature", "geometry": {"type": "LineString", "coordinates": [[6.869223673000079, 46.04406402600007], [6.859715210000104, 46.04499420200001], [6.850930216000108, 46.049645081000065], [6.850310099000126, 46.052745667000025], [6.852377156000102, 46.05693145800005], [6.851963745000091, 46.064682922000074], [6.853410685000085, 46.06566477500003], [6.853100627000089, 46.07610341400006], [6.851343628000109, 46.08602529000005]]}, "properties": {}}, {"type": "Feature", "geometry": {"type": "LineString", "coordinates": [[6.851343628000109, 46.08602529000005], [6.848553100000061, 46.085043437000095]]}, "properties": {}}, {"type": "Feature", "geometry": {"type": "LineString", "coordinates": [[7.022082560000115, 45.92525990899999], [7.015157918000114, 45.93332143100007], [7.009783569000149, 45.9433983360001], [7.002755575000066, 45.96169179300007], [6.991283406000122, 45.98246571900002], [6.987666056000052, 45.99311106400002], [6.982808471000055, 45.99538482700005], [6.91511234500004, 46.0486115530001], [6.892374715000074, 46.0555878710001]]}, "properties": {}}, {"type": "Feature", "geometry": {"type": "LineString", "coordinates": [[6.892374715000074, 46.0555878710001], [6.884003133000078, 46.05321075500005], [6.876871786000066, 46.04809478800006], [6.869223673000079, 46.04406402600007]]}, "properties": {}}, {"type": "Feature", "geometry": {"type": "LineString", "coordinates": [[-7.27043005399986, 38.61769561800007], [-7.273530639999905, 38.62539540600007], [-7.279421752999895, 38.62890940400011], [-7.28603633599991, 38.63190663700003], [-7.290945596999933, 38.63815948500003], [-7.292495889999941, 38.6461176560001], [-7.292960977999883, 38.65627207400006], [-7.290945596999933, 38.67908721900004], [-7.284072631999976, 38.71324534100005], [-7.280713663999961, 38.72042836600009], [-7.272187052999925, 38.733735046999996], [-7.27043005399986, 38.737507427000125], [-7.22587838499993, 38.76613382800009], [-7.211518920999964, 38.775360413], [-7.196429402999854, 38.779985454000055], [-7.179737914999919, 38.79088918000012], [-7.166198689999931, 38.80342071500003], [-7.160617634999937, 38.81290334100002], [-7.15100581899992, 38.81928538000004], [-7.104858764999988, 38.827191874000086]]}, "properties": {}}, {"type": "Feature", "geometry": {"type": "LineString", "coordinates": [[11.935891154000018, 47.61073842400005], [12.0, 47.60884947679277]]}, "properties": {}}, {"type": "Feature", "geometry": {"type": "LineString", "coordinates": [[11.820342651000118, 47.575288391000115], [11.830677938000122, 47.57761383100005], [11.840703166000054, 47.59461537700007], [11.851968627000105, 47.59916290299999], [11.935891154000018, 47.61073842400005]]}, "properties": {}}, {"type": "Feature", "geometry": {"type": "LineString", "coordinates": [[11.620458211000113, 47.58965444000002], [11.63895837400014, 47.5892410280001], [11.682573283000096, 47.583349915], [11.764015340000128, 47.58311737100003], [11.820342651000118, 47.575288391000115]]}, "properties": {}}, {"type": "Feature", "geometry": {"type": "LineString", "coordinates": [[11.482585490000048, 47.50257965100006], [11.529507690000116, 47.50785064800009], [11.551211792000089, 47.51369008400006], [11.569401896000045, 47.527384338999994], [11.574466186000109, 47.53663442], [11.58232100400005, 47.559785461999994], [11.589142293000094, 47.57037913100008], [11.6170475670001, 47.58676056000003], [11.620458211000113, 47.58965444000002]]}, "properties": {}}, {"type": "Feature", "geometry": {"type": "LineString", "coordinates": [[9.782120809000048, 47.58841420500006], [9.796280152000065, 47.584951885000024], [9.80795902500006, 47.5763219200001], [9.811266317000047, 47.56448801700007], [9.809302612000124, 47.552318217000064], [9.81312666900007, 47.54175038699999], [9.833487182000084, 47.53461903900005]]}, "properties": {}}, {"type": "Feature", "geometry": {"type": "LineString", "coordinates": [[9.612622111000064, 47.5218807990001], [9.676700887000095, 47.5226301070001], [9.7039860430001, 47.531415100000075], [9.718455444000114, 47.54671132400004], [9.730857788000094, 47.564901429000074], [9.75266524200012, 47.58205800400005], [9.767134643000048, 47.587277324000056], [9.782120809000048, 47.58841420500006]]}, "properties": {}}, {"type": "Feature", "geometry": {"type": "LineString", "coordinates": [[10.453604370000079, 47.58110198999999], [10.457118368000124, 47.579241638000084], [10.461562540000045, 47.569914043000054], [10.460322306000108, 47.565986633000065], [10.455464721000084, 47.561180726000075], [10.451744018000085, 47.55482452400004], [10.453501017000065, 47.546246236000016], [10.458772013000072, 47.541647034000064], [10.466936890000085, 47.53771962500009], [10.482543172000135, 47.53286204000007], [10.525124552000108, 47.52846954400009]]}, "properties": {}}, {"type": "Feature", "geometry": {"type": "LineString", "coordinates": [[10.159875529000061, 47.27112091100007], [10.17495085000013, 47.27237555400005], [10.239353882000074, 47.277735494000055], [10.2611613360001, 47.28349741600003], [10.305913126000064, 47.30217844700009], [10.325446818000046, 47.3143224090001], [10.343430216000058, 47.330755514000074], [10.365651082000085, 47.36111541800001], [10.371645549000107, 47.36739410400013], [10.381980835000121, 47.37212249800011], [10.403064819000036, 47.37710927300007], [10.411643107000089, 47.38103668300003], [10.428282918000093, 47.3960486860001], [10.442855672000064, 47.41628001000002], [10.451950724000113, 47.438759257000115], [10.451744018000085, 47.46020497700003], [10.447609904000046, 47.4725814830001], [10.442235555000082, 47.481392314000104], [10.433657267000058, 47.48785186800005], [10.41960127800013, 47.49304535000006], [10.429729858000087, 47.532913717], [10.430970093000042, 47.542163798000004], [10.424355509000122, 47.55335174600005], [10.415673868000084, 47.56438466500005], [10.41422692900008, 47.57301462800008], [10.429213094000147, 47.57701955200007], [10.445956258000109, 47.579060771000044], [10.453604370000079, 47.58110198999999]]}, "properties": {}}, {"type": "Feature", "geometry": {"type": "LineString", "coordinates": [[10.58372562700012, 47.56247263600004], [10.607910197000109, 47.562265930000066], [10.73989180500007, 47.52846954400009], [10.74392256700014, 47.52531728100003], [10.74722985800014, 47.52014963800012], [10.752190795000104, 47.515395406000025], [10.760769083000127, 47.513638407000045]]}, "properties": {}}, {"type": "Feature", "geometry": {"type": "LineString", "coordinates": [[10.525124552000108, 47.52846954400009], [10.536906779000105, 47.529864808000056], [10.549619181000054, 47.53678945000006], [10.569876343000061, 47.55593556700005], [10.58372562700012, 47.56247263600004]]}, "properties": {}}, {"type": "Feature", "geometry": {"type": "LineString", "coordinates": [[9.858911988000102, 47.54133697499999], [9.88898767100008, 47.53379221600004], [9.918753296000148, 47.53219024700009]]}, "properties": {}}, {"type": "Feature", "geometry": {"type": "LineString", "coordinates": [[9.833487182000084, 47.53461903900005], [9.841548706000083, 47.53503245000006], [9.853847697000106, 47.54040680000013], [9.858911988000102, 47.54133697499999]]}, "properties": {}}, {"type": "Feature", "geometry": {"type": "LineString", "coordinates": [[9.945935099000053, 47.54076853400004], [9.948725626000083, 47.524232077000036], [9.95916426600013, 47.5148786430001], [9.971669962000135, 47.506403707000075], [9.980765015000088, 47.492941997000045], [9.980765015000088, 47.489918925000026], [9.981075073000085, 47.48687001600008], [9.982625366000093, 47.481030579000006], [9.99358077000008, 47.476586406000095]]}, "properties": {}}, {"type": "Feature", "geometry": {"type": "LineString", "coordinates": [[9.918753296000148, 47.53219024700009], [9.933842814000059, 47.53420562800004], [9.945935099000053, 47.54076853400004]]}, "properties": {}}, {"type": "Feature", "geometry": {"type": "LineString", "coordinates": [[9.549886922000042, 47.53353383400007], [9.554143852000095, 47.5327431110001], [9.612622111000064, 47.5218807990001]]}, "properties": {}}, {"type": "Feature", "geometry": {"type": "LineString", "coordinates": [[10.844794962000066, 47.53131174700006], [10.858644247000115, 47.53066579199999], [10.86928959100004, 47.52658335400007], [10.892233928000053, 47.5148786430001], [10.883862346000086, 47.508005676000025], [10.851616252000014, 47.493097026000086], [10.858437540000068, 47.485164693000016], [10.909907267000051, 47.46898997000004], [10.959826701000111, 47.43250640900003], [10.962823934000141, 47.42795888300007], [10.96313399200011, 47.421240947000044], [10.960860229000104, 47.41431630500007], [10.95765629100012, 47.409717103000034], [10.955279175000072, 47.40961375000008], [10.965511108000072, 47.3960745240001], [10.979463745000146, 47.39054514600009], [11.083746785000102, 47.38951161800013]]}, "properties": {}}, {"type": "Feature", "geometry": {"type": "LineString", "coordinates": [[10.760769083000127, 47.513638407000045], [10.79032800300007, 47.51606720000002], [10.830635620000123, 47.528572896000114], [10.844794962000066, 47.53131174700006]]}, "properties": {}}, {"type": "Feature", "geometry": {"type": "LineString", "coordinates": [[11.435353231000107, 47.50971099900009], [11.459951212000107, 47.50743723600006], [11.482585490000048, 47.50257965100006]]}, "properties": {}}, {"type": "Feature", "geometry": {"type": "LineString", "coordinates": [[11.23701908300012, 47.39395579000005], [11.25882653800005, 47.40072540300007], [11.273089233000121, 47.4111123660001], [11.286318400000113, 47.42320465100009], [11.305645385000076, 47.43540029000009], [11.324248901000118, 47.439431051], [11.36765710500012, 47.44012868300008], [11.383883504000039, 47.444857076000076], [11.392461792000063, 47.45477895100005], [11.388637736000135, 47.46222035699999], [11.377785685000077, 47.4670521040001], [11.36548669400014, 47.46932586700002], [11.412615600000038, 47.506093648000004], [11.435353231000107, 47.50971099900009]]}, "properties": {}}, {"type": "Feature", "geometry": {"type": "LineString", "coordinates": [[10.022622924000075, 47.487955221000064], [10.071818888000053, 47.43912099300012], [10.080603881000116, 47.42739044200003], [10.07595300300008, 47.41687428800007], [10.053215373000086, 47.404859518000094], [10.064170776000054, 47.396177878000046], [10.066857951000088, 47.385790914000026], [10.067788127000142, 47.375042217], [10.073162475000117, 47.36548207600002], [10.082877644000064, 47.35907419900006]]}, "properties": {}}, {"type": "Feature", "geometry": {"type": "LineString", "coordinates": [[9.99358077000008, 47.476586406000095], [10.002365764000075, 47.4791702270001], [10.011254110000095, 47.48444122400012], [10.022622924000075, 47.487955221000064]]}, "properties": {}}, {"type": "Feature", "geometry": {"type": "LineString", "coordinates": [[11.193817587000098, 47.42894073500004], [11.215211629000095, 47.422997945000034], [11.213041219000019, 47.395816142000044], [11.23701908300012, 47.39395579000005]]}, "properties": {}}, {"type": "Feature", "geometry": {"type": "LineString", "coordinates": [[11.083746785000102, 47.38951161800013], [11.103280477000084, 47.39356821800003], [11.168599487000051, 47.42426401800007], [11.193817587000098, 47.42894073500004]]}, "properties": {}}, {"type": "Feature", "geometry": {"type": "LineString", "coordinates": [[10.190881388000093, 47.37922800800003], [10.209278198000078, 47.372484233000094], [10.208554729000099, 47.35447499600009], [10.190467977000083, 47.317474671000056], [10.192741739000098, 47.31091176400007], [10.193258504000141, 47.304917298000035], [10.190778036000069, 47.29825103800003], [10.185920451000129, 47.29499542300006], [10.172691284000052, 47.292308248000026], [10.168660522000067, 47.290422058000004], [10.15946211800005, 47.27913075800005], [10.155431355000076, 47.27287790900003], [10.159875529000061, 47.27112091100007]]}, "properties": {}}, {"type": "Feature", "geometry": {"type": "LineString", "coordinates": [[10.130833374000076, 47.36266571100005], [10.135070842000118, 47.36488779700004], [10.146956420000066, 47.373801982000074], [10.190881388000093, 47.37922800800003]]}, "properties": {}}, {"type": "Feature", "geometry": {"type": "LineString", "coordinates": [[10.110369507000115, 47.36739410400013], [10.11533044400008, 47.36695485500009], [10.125665731000083, 47.36269154900005], [10.130833374000076, 47.36266571100005]]}, "properties": {}}, {"type": "Feature", "geometry": {"type": "LineString", "coordinates": [[10.082877644000064, 47.35907419900006], [10.089595581000083, 47.359280904000016], [10.097243693000053, 47.363130799000075], [10.110369507000115, 47.36739410400013]]}, "properties": {}}, {"type": "Feature", "geometry": {"type": "LineString", "coordinates": [[-8.19130407699987, 42.062084859000024], [-8.204016479999922, 42.06955210400007], [-8.207375447999937, 42.08577850400006], [-8.204326537999918, 42.12879913300007], [-8.213395751999883, 42.1440178430001], [-8.222361612999919, 42.15362966000002]]}, "properties": {}}, {"type": "Feature", "geometry": {"type": "LineString", "coordinates": [[-7.10485876499996, 38.82719187400009], [-7.08868404099988, 38.83336720900006], [-7.076540079999887, 38.84323740600006], [-7.064292764999948, 38.8511180630001], [-7.056076212999926, 38.855148824000096], [-7.057264769999932, 38.86943735700008], [-7.052200479999954, 38.88499196400009], [-7.066049764999917, 38.90460317000013], [-7.044500691999872, 38.91863332100003], [-7.02212479699989, 38.942869568000035], [-6.988638467999891, 38.99377085400006], [-6.9788199459999305, 39.00382192000008], [-6.973290567999925, 39.013950501000025], [-6.974892537999949, 39.0230197150001], [-6.986313028999859, 39.0300735470001], [-6.9793883869998865, 39.047178447000064], [-6.985692911999905, 39.06676381500007], [-6.99969722599991, 39.08469553600007], [-7.015768594999884, 39.09681366000005], [-7.038816283999921, 39.1091384890001], [-7.06491288299992, 39.11477122000012]]}, "properties": {}}, {"type": "Feature", "geometry": {"type": "LineString", "coordinates": [[-7.06491288299992, 39.11477122000012], [-7.091267862999899, 39.11244578100009], [-7.115194050999889, 39.10110280400001], [-7.127286336999873, 39.09748545300003], [-7.14253088399991, 39.099526673000085], [-7.157206990999896, 39.1054436240001], [-7.1674906009998836, 39.11347931000007], [-7.168885864999879, 39.12185089200004], [-7.157930460999893, 39.14138458300006], [-7.155811726999929, 39.15151316300002], [-7.168059040999935, 39.170633443], [-7.191571817999943, 39.179160055000025], [-7.219322062999879, 39.18484446200007], [-7.244126749999907, 39.1956448370001], [-7.258079386999896, 39.211302795000066], [-7.265779174999892, 39.23135325200009], [-7.264332233999909, 39.252333883000105], [-7.250844685999937, 39.270627340000075], [-7.300454060999925, 39.31791127500013], [-7.319264282999939, 39.329538473000085], [-7.326654011999949, 39.34132069900009], [-7.331408243999931, 39.362611390000055], [-7.331925008999889, 39.38472890200008], [-7.326705688999937, 39.39883656800002], [-7.31885087099991, 39.41325429300012], [-7.313631550999901, 39.436095276000046], [-7.3135281979998865, 39.457437643000034], [-7.320917927999886, 39.467411194000036], [-7.362930866999903, 39.4760928350001], [-7.3841698809998775, 39.48399932900004], [-7.399414428999904, 39.493662821000086], [-7.408922891999907, 39.51557362900003], [-7.417552856999947, 39.52420359300008], [-7.451349242999925, 39.53784617200007], [-7.468092406999887, 39.550248515000064], [-7.497858032999943, 39.58104766800001], [-7.515841430999927, 39.59376007100006], [-7.548242553999955, 39.66321319700005], [-7.555871748999948, 39.6772073180001], [-7.5572859299998925, 39.679801331000064], [-7.341433470999959, 39.671843159999995], [-7.327842569999859, 39.674788717000084], [-7.311409464999912, 39.68031809500009], [-7.292754272999929, 39.683315329000024], [-7.252860066999887, 39.68233347600004], [-7.235755167999855, 39.686519267000065], [-7.214051065999854, 39.67618398100008], [-7.182890177999894, 39.67509877500008], [-7.035767373999903, 39.68925811800001], [-7.021142944999923, 39.69401235000002], [-7.009619099999895, 39.715458069000036], [-7.010704304999905, 39.72279612200005], [-7.013649861999909, 39.729617411999996], [-7.013339802999923, 39.7389191700001], [-7.008740600999943, 39.74832428000006], [-6.996803344999904, 39.76470570900001], [-6.993030964999889, 39.77421417300009], [-6.994581258999915, 39.782585755000085], [-6.998870401999881, 39.79178416000006], [-7.0002656649998585, 39.802532858000106], [-6.993030964999889, 39.816072083000066], [-6.985227824999868, 39.821136373000044], [-6.962335164999956, 39.82852610300007], [-6.9528267009998785, 39.832866924000044], [-6.927660278999923, 39.86190907800004], [-6.924249633999892, 39.871572571000044], [-6.923474487999897, 39.888315735000006], [-6.921769164999915, 39.897152405], [-6.9215624599999614, 39.902165019000066], [-6.92512813299993, 39.912241924000014], [-6.925231485999888, 39.91792633100006], [-6.922285928999884, 39.92242218000008], [-6.912570759999937, 39.928106588000034], [-6.909521850999909, 39.93198232100006], [-6.903682413999917, 39.95668365500008], [-6.899755004999861, 39.96562367800003], [-6.901615355999866, 39.97647572800007], [-6.896912800999871, 39.98712107400006], [-6.879704548999911, 40.009186910000054], [-6.919908812999921, 40.06489410400009], [-6.942129679999965, 40.08633982300002], [-6.955720581999856, 40.10292795900001], [-6.966417602999854, 40.11031768800002], [-6.977166300999983, 40.11341827400007], [-7.003676309999889, 40.116312154000056], [-7.015768594999884, 40.11905100500009], [-7.0276541749998955, 40.13264190700009], [-7.034837198999867, 40.166748352000056], [-7.043105428999894, 40.18137278300013], [-7.034578816999982, 40.193051656000094], [-7.024760294999908, 40.21620269800009], [-7.015768594999884, 40.225504456000024], [-6.997785196999899, 40.23170562700001], [-6.954687052999873, 40.2533580530001], [-6.9421008079998785, 40.25497773100007], [-6.935411742999946, 40.255838522000076], [-6.915826374999909, 40.254443257999995], [-6.896447712999958, 40.255476786000074], [-6.878050903999849, 40.26524363200012], [-6.875105346999959, 40.27123809900006], [-6.874509091999897, 40.279188167000044], [-6.873865112999908, 40.28777455600003], [-6.870196085999908, 40.29552602200006], [-6.863943236999916, 40.300952047000024], [-6.820793415999901, 40.32534332300004], [-6.8119567459999075, 40.33231964100004], [-6.794438435999922, 40.35640085900009], [-6.828079793999962, 40.38058542900005], [-6.85128251099988, 40.40952423100002], [-6.857121948999861, 40.44213206000008], [-6.838673461999861, 40.47722035800011], [-6.815315714999912, 40.502541810000096], [-6.812525186999949, 40.51463409500009], [-6.818054564999954, 40.53189402300008], [-6.828544881999903, 40.54553660100008], [-6.8397586669999555, 40.55457997600003], [-6.848388630999892, 40.564760234000104], [-6.8504556889999435, 40.582226868000035], [-6.844461222999911, 40.59778147400006], [-6.821310180999944, 40.630182597000086], [-6.814282185999929, 40.6471841430001], [-6.814230508999913, 40.659328105], [-6.816245889999948, 40.67715647400003], [-6.824307413999861, 40.710694478000065], [-6.836968139999897, 40.74330230800011], [-6.839138549999888, 40.75751332600008], [-6.839138549999888, 40.77689198900005], [-6.837278197999865, 40.78676218700012], [-6.834539347999936, 40.7922398890001], [-6.833505818999953, 40.79782094300002], [-6.836813109999952, 40.80831126000008], [-6.8380533439998885, 40.81492584200008], [-6.836658080999911, 40.840247294000065], [-6.82032832799996, 40.84422638000002], [-6.81619421399995, 40.85683542900007], [-6.821155151999903, 40.87006459600006], [-6.832058877999941, 40.875904033000054], [-6.847045043999913, 40.87890126600006], [-6.855261596999867, 40.88722117200011], [-6.863633178999919, 40.908305156000054], [-6.885182251999879, 40.948922832000065], [-6.899238240999921, 40.96675120100012], [-6.9306058349999375, 40.992072652000004], [-6.940424356999898, 41.00338979100009], [-6.9424914149999495, 41.01599884000011], [-6.9317943929999615, 41.02912465400006], [-6.927866983999877, 41.04793487600007], [-6.927447856999947, 41.04809758400005], [-6.90683467599996, 41.056099752000094], [-6.845288044999933, 41.05191396100007], [-6.818002888999928, 41.054136048000075], [-6.804360310999925, 41.06441965800006], [-6.764776163999954, 41.10886139000003], [-6.756507934999917, 41.12705149400007], [-6.7589884039998935, 41.151752828], [-6.755216023999878, 41.158832500000116], [-6.742245238999942, 41.17144154900005], [-6.706950235999955, 41.19433420900005], [-6.701265828999908, 41.202447408000054], [-6.693772745999894, 41.21738189700004], [-6.658219359999919, 41.25784454400012], [-6.646643839999882, 41.267611390000056], [-6.628918823999868, 41.26993682900009], [-6.563496459999897, 41.270711975000026], [-6.554453083999931, 41.27562123700004], [-6.495852010999897, 41.29494822200009], [-6.4631408289999115, 41.31412017800001], [-6.430998086999892, 41.33902821900007], [-6.399578816999849, 41.37747548500003], [-6.395496377999933, 41.37840566000007], [-6.3831973879999, 41.376545309000065], [-6.379166625999915, 41.37747548500003], [-6.376737832999936, 41.38300486300004], [-6.37554927599993, 41.39080800400005], [-6.376169392999884, 41.39685414600008], [-6.379166625999915, 41.39731923400011], [-6.366247517999881, 41.40517405300004], [-6.352346557999908, 41.40925649100005], [-6.321133991999943, 41.411013489000126], [-6.321030639999918, 41.419591777000065], [-6.282945108999854, 41.46563547800007], [-6.282480020999941, 41.47230173800007], [-6.285167194999872, 41.4789679980001], [-6.285890665999943, 41.48687449200004], [-6.279534463999937, 41.497003072], [-6.253644571999899, 41.51751861600006], [-6.205947224999932, 41.57028025300009], [-6.216127481999905, 41.58009877500008], [-6.230080118999894, 41.59490407300008], [-6.272248087999856, 41.62823537200005], [-6.3171032309999475, 41.65014618000002], [-6.365937459999913, 41.66360789000005], [-6.447069457999959, 41.67624277800009], [-6.46081538999988, 41.676552836000084], [-6.467740030999948, 41.67205698700006], [-6.474354614999868, 41.6659333300001], [-6.488048868999897, 41.65880198200007], [-6.503035033999964, 41.65309173700011], [-6.513421996999881, 41.65092132600002], [-6.541533976999915, 41.658905335000085], [-6.555279906999942, 41.67489919100002], [-6.560499226999866, 41.69445872100006], [-6.563083048999886, 41.713036397000096], [-6.567682250999923, 41.722441508000045], [-6.574348510999926, 41.7310456340001], [-6.577397419999954, 41.73972727500005], [-6.571506306999964, 41.749209900000025], [-6.5643749589999345, 41.75750396800008], [-6.560137491999882, 41.766883240000126], [-6.53574621599995, 41.848583679000015], [-6.524222371999912, 41.867419740000045], [-6.550060587999923, 41.87387929300009], [-6.567888956999894, 41.87586883600004], [-6.5757954509999195, 41.88289683100005], [-6.567630574999896, 41.92607249000007], [-6.571661335999892, 41.94260894800006], [-6.585148885999956, 41.95464955700005], [-6.609488484999872, 41.96232350700002], [-6.622821003999917, 41.94095530200012], [-6.656772419999925, 41.93307464700008], [-6.727982543999872, 41.93085255900009], [-6.7579031979998945, 41.93757049600002], [-6.794386759999924, 41.97971262600005], [-6.824927530999929, 41.983769226000064], [-6.831232055999919, 41.953951925000055], [-6.854951537999881, 41.94294484500007], [-6.917118285999948, 41.9390949500001], [-6.945126911999893, 41.94335825700007], [-6.96951818799991, 41.95769846600008], [-6.98345618299993, 41.962996165999996], [-6.992359170999919, 41.966380107000035], [-7.015768594999884, 41.953667705000086], [-7.051270303999928, 41.94201466900002], [-7.082741251999948, 41.95278920500003], [-7.113178670999929, 41.97242625000008], [-7.1453730879999, 41.98748992900006], [-7.159739135999899, 41.98573293100007], [-7.177309122999873, 41.97836903900007], [-7.192605346999926, 41.96960988400009], [-7.19994339999991, 41.9637187710001], [-7.20211381099989, 41.9497402950001], [-7.195654255999955, 41.917365011000115], [-7.19792801899996, 41.90150034600002], [-7.209316117999947, 41.889160872999994], [-7.218650268999909, 41.8790469370001], [-7.251464802999919, 41.86369903600003], [-7.322468220999895, 41.84540557900006], [-7.340503295999895, 41.84320933100007], [-7.376831827999865, 41.84403615300009], [-7.391921345999975, 41.84204661100004], [-7.405408894999937, 41.835199484000086], [-7.429541788999899, 41.81450307300007], [-7.442719278999959, 41.805950623000044], [-7.446956746999916, 41.82184112600005], [-7.456568562999848, 41.83923024500008], [-7.469384318999914, 41.8525369260001], [-7.483285278999887, 41.85620595400009], [-7.493000447999947, 41.85690358600009], [-7.508141642999959, 41.86493927000008], [-7.515841430999927, 41.86499094700007], [-7.523282836999954, 41.86015920100006], [-7.525246540999888, 41.85416473400004], [-7.526331746999887, 41.84736928299999], [-7.531551066999924, 41.84016042100005], [-7.546692260999919, 41.832047221000025], [-7.567104451999882, 41.82659535800006], [-7.588395141999854, 41.8242182420001], [-7.606068480999852, 41.82553599100005], [-7.622191528999849, 41.83233144200001], [-7.622811644999899, 41.84173655200006], [-7.607360391999919, 41.87318166200002], [-7.661155557999933, 41.87491282200007], [-7.67867386899988, 41.88134653700003], [-7.706372436999914, 41.89625518800007], [-7.722030395999866, 41.8992524210001], [-7.7501423749999105, 41.88837453200004], [-7.812154092999947, 41.87713490900008], [-7.839232543999913, 41.8783751430001], [-7.849722859999872, 41.87576548300011], [-7.854425414999923, 41.87026194300002], [-7.857887735999981, 41.86377655100004], [-7.864812377999954, 41.857885437000064], [-7.896593383999885, 41.85793711300006], [-7.903362995999942, 41.88682424000011], [-7.9061018469998885, 41.91385101400006], [-7.92579056799994, 41.90816660600011], [-7.930493122999906, 41.8966686000001], [-7.93535070799993, 41.87995127400005], [-7.94475581899988, 41.86695465200002], [-7.963359334999922, 41.86661875500003], [-7.979430704999913, 41.86860829700005], [-7.993641723999872, 41.86367319800003], [-8.005889037999907, 41.85395802900008], [-8.015707560999942, 41.8418915810001], [-8.048573770999894, 41.81638926200007], [-8.050445716999889, 41.81598643800005], [-8.093480590999889, 41.80672576900004], [-8.179573526999889, 41.810704854000036], [-8.179265100999942, 41.812612525000034], [-8.175387735999948, 41.83659474700006], [-8.177041381999885, 41.849849752000054], [-8.184586140999954, 41.85773040800011], [-8.220397908999871, 41.86819488600004], [-8.231715047999955, 41.88604909300001], [-8.23021643099986, 41.90467844700005], [-8.220707966999953, 41.92271352100006], [-8.182131509999891, 41.96542409300007], [-8.152960163999865, 41.98681813600008], [-8.12391800899988, 42.00089996400003], [-8.10802750699986, 42.01089935300003], [-8.097356322999929, 42.02348256500004], [-8.095082559999923, 42.04092336100008], [-8.103195760999938, 42.05580617300002], [-8.118440307999975, 42.06686492900003], [-8.137612263999898, 42.07291107200008], [-8.15838618999993, 42.07138661700007], [-8.17616288299996, 42.06526296], [-8.19130407699987, 42.062084859000024], [-8.204016479999922, 42.06955210400007], [-8.207375447999937, 42.08577850400006], [-8.204326537999918, 42.12879913300007], [-8.213395751999883, 42.1440178430001], [-8.222361612999919, 42.15362966000002], [-8.252333943999957, 42.13758412800006], [-8.270679076999926, 42.13200307200013], [-8.287835652999888, 42.13143463200008], [-8.295380411999957, 42.1300910450001], [-8.304268757999864, 42.12582773900006], [-8.329951944999948, 42.108438619000125], [-8.346746785999898, 42.1016948450001], [-8.501207641999883, 42.083091330000045], [-8.520017862999879, 42.07771698000009], [-8.554434366999942, 42.060069478000074], [-8.572805337999938, 42.054410909000055], [-8.60941809099998, 42.05366160100006], [-8.626884724999911, 42.051026103000126], [-8.643886271999946, 42.04149180200004], [-8.65256791199991, 42.03144073600002], [-8.663213256999882, 42.00989166300006], [-8.670809691999864, 41.99981475800011], [-8.69127355899991, 41.989608664000045], [-8.717008422999896, 41.983769226000064], [-8.739591023999935, 41.9751134240001], [-8.750803188999924, 41.968980210000055]]}, "properties": {}}, {"type": "Feature", "geometry": {"type": "LineString", "coordinates": [[-7.153517339162079, 38.0], [-7.152246052999942, 38.00065317800001], [-7.141910765999853, 38.01158274300009], [-7.131988891999953, 38.03238250700004], [-7.12325557399987, 38.04000478100001], [-7.105943969999885, 38.038661194000056], [-7.049358275999907, 38.02021270800013], [-7.0239851489999126, 38.022563985000076], [-7.015768594999884, 38.04682607100007], [-7.006363484999923, 38.059331767000046], [-6.997630167999944, 38.089614155999996], [-6.978974975999961, 38.11994822200002], [-6.965487426999914, 38.1533311970001], [-6.957632609999877, 38.16816233300004], [-6.947504027999912, 38.19663604700007], [-6.950575759999879, 38.19838588800006], [-6.9641955169999505, 38.20614451100006], [-6.992100789999938, 38.20428416000006], [-7.018145710999903, 38.19803131100004], [-7.021039591999909, 38.19823801700001], [-7.026413939999969, 38.19963328100009], [-7.038712930999907, 38.18622324600004], [-7.063052530999926, 38.17754160600008], [-7.088322306999885, 38.17338165300005], [-7.103515176999906, 38.17358835900011], [-7.117068156999977, 38.183633156000056], [-7.126872924999873, 38.190899964000025], [-7.1671805419998975, 38.27208363900006], [-7.172399861999935, 38.27652781200008], [-7.189453084999855, 38.28652720200007], [-7.196326049999925, 38.292159933000036], [-7.200666870999896, 38.2983869430001], [-7.207126424999956, 38.31169362400003], [-7.211363891999923, 38.31753306100002], [-7.317145547999871, 38.424580791], [-7.3455159099999605, 38.44096222000006], [-7.359210163999876, 38.446362407000024], [-7.3448441159998765, 38.45832550100006], [-7.335180623999861, 38.46943593400009], [-7.334095417999947, 38.48101145500003], [-7.3456192629998895, 38.4941372680001], [-7.335800740999929, 38.50586781900007], [-7.3177139889999125, 38.556252340000086], [-7.275856079999926, 38.6038204960001], [-7.27043005399986, 38.61769561800007]]}, "properties": {}}]}